rating,date,variation,verified_reviews,feedback,row_id,sentiment,categories,keywords,summary
4,31-Jul-18,Walnut Finish ,"Sometimes while playing a game, you can answer a question correctly but Alexa says you got it wrong and answers the same as you. I like being able to turn lights on and off while away from home.",1,0,mixed,Voice Recognition | Smart Home Integration,voice recognition errors | remote light control | game accuracy issues,"Voice recognition sometimes misinterprets correct game answers, but remote light control works well."
5,31-Jul-18,Charcoal Fabric ,"I have had a lot of fun with this thing. My 4 yr old learns about dinosaurs, i control the lights and play games like categories. Has nice sound when playing music as well.",1,1,positive,Alexa Skills and Features | Sound Quality | Smart Home Integration,educational content | light control | music quality | family entertainment,"Highly satisfying for children's learning, home automation, and music playback with good sound."
5,31-Jul-18,Heather Gray Fabric ,"I received the echo as a gift. I needed another Bluetooth or something to play music easily accessible, and found this smart speaker. Can’t wait to see what else it can do.",1,2,positive,Gift Purchase | Video and Streaming,gift purchase | music playback | Bluetooth alternative,Gift recipient pleased with convenient music streaming and interested in exploring more features.
3,31-Jul-18,Sandstone Fabric ,"Without having a cellphone, I cannot use many of her features. I have an iPad but do not see that of any use. It IS a great alarm. If u r almost deaf, you can hear her alarm in the bedroom from out in the living room, so that is reason enough to keep her.It is fun to ask random questions to hear her response. She does not seem to be very smartbon politics yet.",1,3,mixed,Device Reliability | Alexa Skills and Features,limited features without smartphone | loud alarm | question answering | knowledge gaps,"Useful for alarms and basic questions, but smartphone dependency limits features; questionable on some topics."
5,31-Jul-18,Charcoal Fabric ,I think this is the 5th one I've purchased. I'm working on getting one in every room of my house. I really like what features they offer specifily playing music on all Echos and controlling the lights throughout my house.,1,4,positive,Smart Home Integration | Alexa Skills and Features,repeat purchaser | multi-room music | home automation | lighting control,Repeat buyer installing throughout home; values multi-room music and lighting control features.
5,30-Jul-18,Heather Gray Fabric ,"Love it! I’ve listened to songs I haven’t heard since childhood! I get the news, weather, information! It’s great!",1,5,positive,Alexa Skills and Features,nostalgia music | news and weather | information access,"Delighted with music discovery, news, weather, and general information retrieval capabilities."
5,30-Jul-18,Charcoal Fabric ,"I sent it to my 85 year old Dad, and he talks to it constantly.",1,6,positive,Alexa Skills and Features,elderly user engagement | frequent use | voice interaction,Elderly recipient uses device frequently and enjoys constant voice interaction.
5,30-Jul-18,Charcoal Fabric ,I love it! Learning knew things with it eveyday! Still figuring out how everything works but so far it's been easy to use and understand. She does make me laugh at times,1,7,positive,Alexa Skills and Features | Setup and Configuration,learning experience | entertainment value | intuitive interface,Satisfied user discovering new features daily with intuitive design and entertaining responses.
5,30-Jul-18,Oak Finish ,"I purchased this for my mother who is having knee problems now, to give her something to do while trying to over come not getting around so fast like she did.She enjoys all the little and big things it can do...Alexa play this song, What time is it and where, and how to cook this and that!",1,8,positive,Alexa Skills and Features,elder care gift | music control | time queries | recipe assistance,Gift for elderly parent recovering from injury; enjoys diverse features from music to cooking assistance.
5,30-Jul-18,Oak Finish ,Just what I expected....,1,9,positive,,met expectations | satisfactory,Device met purchaser's expectations.
5,30-Jul-18,Heather Gray Fabric ,"I love it, wife hates it.",1,10,mixed,,wife dislikes it | user loves it | divided opinions,User loves the device but their wife dislikes it.
5,30-Jul-18,Heather Gray Fabric ,Really happy with this purchase. Great speaker and easy to set up.,1,11,positive,Sound Quality | Setup and Configuration,great speaker | easy to set up | happy with purchase,User is satisfied with the speaker quality and straightforward setup process.
5,30-Jul-18,Heather Gray Fabric ,We have only been using Alexa for a couple of days and are having a lot of fun with our new toy. It like having a new household member! We are trying to learn all the different featues and benefits that come with it.,1,12,positive,Alexa Skills and Features,fun with new device | learning features | household member,User is enjoying learning Alexa's features and having fun with the new device.
5,30-Jul-18,Charcoal Fabric ,We love the size of the 2nd generation echo. Still needs a little improvement on sound,1,13,mixed,Design and Appearance | Sound Quality,love the size | needs sound improvement | 2nd generation,User likes the compact size but feels sound quality could be better.
4,30-Jul-18,Sandstone Fabric ,"I liked the original Echo. This is the same but shorter and with greater fabric/color choices. I miss the volume ring on top, now it's just the plus/minus buttons. Not a big deal but the ring w as comforting. :) Other than that, well I do like the use of a standard USB charger /port instead of the previous round pin. Other than that, I guess it sounds the same, seems to work the same, still answers to Alexa/Echo/Computer. So what's not to like? :)",1,14,positive,Design and Appearance | Battery and Power,same functionality | better design choices | USB charger | fabric color options,User appreciates the improved design and USB charger while maintaining comparable performance.
5,30-Jul-18,Charcoal Fabric ,Love the Echo and how good the music sounds playing off it. Alexa understands most commands but it is difficult at times for her to find specific playlists or songs on Spotify. She is good with Amazon Music but is lacking in other major programs.,1,15,mixed,Sound Quality | Voice Recognition | Alexa Skills and Features,great music sound | Spotify playlist difficulties | Amazon Music works well,User loves the sound quality but finds Alexa struggles with non-Amazon music service commands.
5,30-Jul-18,Charcoal Fabric ,"We love Alexa! We use her to play music, play radio through iTunes, play podcasts through Anypod, and set reminders. We listen to our flash briefing of news and weather every morning. We rely on our custom lists. We like being able to voice control the volume. We're sure we'll continue to find new uses.Sometimes it's a bit frustrating when Alexa doesn't understand what we're saying.",1,16,mixed,Alexa Skills and Features | Voice Recognition,love Alexa | voice control volume | voice recognition issues | music and podcasts,User loves Alexa's capabilities but occasionally encounters voice recognition failures.
4,30-Jul-18,Heather Gray Fabric ,"Have only had it set up for a few days. Still adding smart home devices to it. The speaker is great for playing music. I like the size, we have it stationed on the kitchen counter and it’s not intrusive to look at.",1,17,positive,Sound Quality | Design and Appearance | Smart Home Integration,great speaker | compact size | kitchen counter placement | smart home integration,"User appreciates the speaker quality, compact design, and smart home functionality."
5,30-Jul-18,Charcoal Fabric ,I love it. It plays my sleep sounds immediately when I ask,1,18,positive,Alexa Skills and Features,plays sleep sounds immediately | responsive | love it,User is satisfied with how quickly Alexa plays sleep sounds on request.
3,30-Jul-18,Sandstone Fabric ,"I got a second unit for the bedroom, I was expecting the sounds to be improved but I didnt really see a difference at all. Overall, not a big improvement over the 1st generation.",1,19,negative,Sound Quality,no sound improvement | second unit | not big upgrade | 1st generation comparison,Second generation unit shows minimal sound quality improvement over the original.
5,30-Jul-18,Charcoal Fabric ,"I love my Echo. It's easy to operate, loads of fun.It is everything as advertised. I use it mainly to play my favorite tunes and test Alexa's knowledge.",1,20,positive,Alexa Skills and Features | Sound Quality,easy to operate | plays favorite tunes | tests Alexa knowledge,User loves their Echo for its ease of use and entertainment features.
5,30-Jul-18,Charcoal Fabric ,Sounds great!! Love them!,1,21,positive,Sound Quality,sounds great | love them,User is satisfied with the sound quality and overall product.
4,30-Jul-18,Charcoal Fabric ,"Fun item to play with and get used to using. Sometimes has hard time answering the questions you ask, but I think it will be better.",1,22,mixed,Alexa Skills and Features,fun to use | difficulty answering questions | learning experience,Device is fun but sometimes struggles with question comprehension; user expects improvement.
5,30-Jul-18,Charcoal Fabric ,Just like the other one,1,23,positive,,similar to other model,User notes this device is comparable to their previous Echo model.
5,30-Jul-18,Sandstone Fabric ,Still learning all the capabilities...but so far pretty pretty pretty good,1,24,positive,Alexa Skills and Features,learning capabilities | very good performance,User is pleased with the device's capabilities and performance so far.
5,30-Jul-18,Sandstone Fabric ,"She works well. Needs a learning command for unique, owners and users like. Alexa “learn” Tasha’s birthday. Or Alexa “learn” my definition of Fine. Etc. other than that she is great",1,25,mixed,Alexa Skills and Features,works well | missing learning command | personalization needed,Device functions well but lacks personalized learning features for individual users.
3,30-Jul-18,Heather Gray Fabric ,The speakers sound pretty good for being so small and setup is pretty easy. I bought two and the reason I only rate it a 3 is I have followed the instructions for synching music to both units. I know I've done it correctly but they won't sync. That was my primary motivation for purchasing multiple units.,1,26,mixed,Sound Quality | Setup and Configuration | Device Reliability,good speaker sound | easy setup | music sync failure,"Speaker quality and setup are good, but multi-unit music syncing fails despite correct instructions."
5,30-Jul-18,Charcoal Fabric ,This device is awesome!,1,27,positive,,awesome device,User thinks the device is awesome.
5,30-Jul-18,Charcoal Fabric ,I bought this to compare the speaker quality to our first generation speaker and i like the sound better. I will ship this to my daughter though because I like the fact that my first generation has a chargeable base that we bought which keeps it more mobile and she needs a better sound than what she has now.,1,28,positive,Sound Quality,improved sound quality | better than first generation | more portable alternative,User prefers this model's sound quality over their first-generation Echo.
5,30-Jul-18,Sandstone Fabric ,"Love my Echo. Still learning all the things it will do. Wasn’t able to follow instructions included in the package, but found a great one on U-Tube.",1,29,positive,Setup and Configuration | Alexa Skills and Features,loves Echo | learning capabilities | unclear instructions,"User loves the Echo and is discovering its features, though package instructions were unclear."
4,30-Jul-18,Heather Gray Fabric ,Speaker is better than 1st generation Echo,1,30,positive,Device Reliability,better than 1st generation | improved speaker,This Echo speaker outperforms the first generation model.
5,30-Jul-18,Charcoal Fabric ,"This thing is way cool! You should get one. If you want to be cool, that is.",1,31,positive,,way cool | should get one,The reviewer thinks this is a cool product worth purchasing.
5,30-Jul-18,Heather Gray Fabric ,"This is my first digital assistant so I'm giving this a good review. Speaker is really good for the cheap price on Prime day. Fun to play with and can be used as an alarm clock (That's what I was going to get in the first place, but I ended up with Echo). If you haven't had a go with one then definitely try it!What I like best is the number of other devices that it can connect with. My purchase came with a Smart Plug for $10 which I connect my lamp to. Alexa, turn of the lights!",1,32,positive,Smart Home Integration | Price and Deals | Alexa Skills and Features,good for cheap price | connects with many devices | smart plug integration | alarm clock functionality,"First digital assistant that offers great value, smart home connectivity, and useful features."
5,30-Jul-18,Charcoal Fabric ,My husband likes being able to use it to listen to music. I wish we knew all it's capabilities,1,33,mixed,Alexa Skills and Features,listen to music | wish we knew capabilities | untapped potential,Husband enjoys music playback but reviewer wishes they understood all available capabilities.
5,30-Jul-18,Charcoal Fabric ,"My Android would not allow Alexa to connect. Fortunately, my sister was here with her Apple cell. After an hour+ tech support fixed the glitches. We are up and running.",1,34,negative,Setup and Configuration | Warranty and Support,Android connection issues | tech support needed | hour+ troubleshooting,Android connectivity problems required over an hour of tech support to resolve.
5,30-Jul-18,Charcoal Fabric ,Tried to play certain broadway shows like Camelot and it gives ne the group Camelot.,1,35,negative,Alexa Skills and Features | Voice Recognition,incorrect search results | Broadway shows | group instead of show,"Voice search returns incorrect results, providing band name instead of requested Broadway show."
5,30-Jul-18,Walnut Finish ,Very satisfied with the Echo. Alexa now controls the lights in my family room and my wife can listen to Jimmy Buffet by just asking Alexa.,1,36,positive,Smart Home Integration | Alexa Skills and Features,controls lights | music playback | voice commands,Alexa successfully controls home lighting and plays music on voice command.
2,30-Jul-18,Charcoal Fabric ,"It's like Siri, in fact, Siri answers more accurately then Alexa. I don't see a real need for it in my household, though it was a good bargain on prime day deals.",0,37,negative,Voice Recognition | Price and Deals,less accurate than Siri | limited household need | good bargain,Alexa is less accurate than Siri and reviewer sees limited use despite good deal pricing.
5,30-Jul-18,Charcoal Fabric ,Love my Echo. Still learning how every thing works but having tons of fun.,1,38,positive,Alexa Skills and Features,love it | learning features | tons of fun,Reviewer enjoys Echo and is having fun discovering its features.
3,30-Jul-18,Charcoal Fabric ,No different than Apple. To play a specific list of music you must have an Amazon of Spotify “plus/prime/etc” account. So you must pay to play “your” music. 3 stars for that reason. Everything else is 👍🏻 .,1,39,mixed,Alexa Skills and Features | Price and Deals,requires subscription for playlists | paid accounts needed | everything else works,"Music playlist playback requires paid Amazon or Spotify accounts, though other features work well."
5,30-Jul-18,Charcoal Fabric ,"Excelente, lo unico es que no esta en español.",1,40,positive,,excellent | no Spanish language support,Product is excellent but lacks Spanish language option.
5,30-Jul-18,Charcoal Fabric ,"I'm still learning how to use it, but so far my Echo is great! The sound is actually much better than I was expecting.",1,41,positive,Sound Quality | Alexa Skills and Features,learning to use | great Echo | better sound than expected,Echo works great with surprisingly good sound quality during learning phase.
5,30-Jul-18,Charcoal Fabric ,Works as you’d expect and then some. Also good sound quality considering price (70.00 on sale) and features.,1,42,positive,Sound Quality | Price and Deals,works as expected | good sound quality | great value at sale price,Device works well with good sound quality and strong value for the price.
5,30-Jul-18,Charcoal Fabric ,The sound from this Echo 2nd Generation is phenomenal! Not to mention that I just love Alexa! She is very helpful.,1,43,positive,Sound Quality | Alexa Skills and Features,phenomenal sound | love Alexa | very helpful,Excellent sound quality and Alexa provides very helpful assistance.
5,30-Jul-18,Charcoal Fabric ,Just had to have it and now lets play and learn how to get the most out of it.,1,44,positive,Alexa Skills and Features,had to have it | learning | features,User is enthusiastic and exploring the device's capabilities.
5,30-Jul-18,Charcoal Fabric ,Works as advertised. Very easy to setup. Still learning what this can do.,1,45,positive,Setup and Configuration | Alexa Skills and Features,works as advertised | easy setup | learning features,Device works as promised with straightforward setup and learning curve.
4,30-Jul-18,Charcoal Fabric ,Great sound and easy to set up.,1,46,positive,Sound Quality | Setup and Configuration,great sound | easy to set up,Device offers great sound quality and simple setup process.
5,30-Jul-18,Oak Finish ,"Love Alexa, bought others for friends",1,47,positive,Alexa Skills and Features | Gift Purchase,love Alexa | purchased for friends | gift,User loves Alexa so much they bought additional units for friends.
5,30-Jul-18,Charcoal Fabric ,Love the echo I purchased it for company for my husband he is 83 and Alexa is great all he has to do is say her name and she tells him a joke and plays his favorite songs,1,48,positive,Alexa Skills and Features,love the echo | companion for elderly | jokes and music | voice commands,Echo provides excellent companionship with voice-activated jokes and music.
5,30-Jul-18,Charcoal Fabric ,Love being able to listen to music easily. Still learning all the features available,1,49,positive,Alexa Skills and Features | Video and Streaming,love listening to music | easy music playback | learning features,User enjoys easy music listening and is discovering additional available features.
4,30-Jul-18,Heather Gray Fabric ,"Did t really know what I could use this device for. Used it for a few things, but need an overview",1,50,negative,,unclear use cases | limited understanding | needs guidance,User uncertain about device capabilities and practical applications.
5,30-Jul-18,Heather Gray Fabric ,Love this just wish it had a built in hub,1,51,mixed,Design and Appearance,loves device | missing built-in hub | feature request,Likes the device but wishes it included a built-in hub.
5,30-Jul-18,Charcoal Fabric ,I use it primarily to play music. It works wonderfully! Still getting used to some of the many things it will do. Amazon has sent several tips since I got it. Thanks for all your help!,1,52,positive,Alexa Skills and Features | Sound Quality,music playback | works wonderfully | learning features | Amazon tips,Excellent for music with great performance; user still discovering its capabilities.
5,30-Jul-18,Charcoal Fabric ,How easy if was to set up.,1,53,positive,Setup and Configuration,easy setup | straightforward installation,Setup process was easy and convenient.
4,30-Jul-18,Charcoal Fabric ,Fast response which was amazing. Clear concise answers and sound quality is fantastic. I am still getting used to Alexia and have not usde Echo to its full extent.,1,54,positive,Voice Recognition | Sound Quality | Alexa Skills and Features,fast response | clear answers | fantastic sound quality | learning Alexa,Fast voice recognition with excellent sound quality; user still learning full capabilities.
5,30-Jul-18,Charcoal Fabric ,You’re all I need...na na nana!,1,55,positive,,enthusiastic praise | all-in-one solution,User expresses strong satisfaction with the device.
5,30-Jul-18,Charcoal Fabric ,Does everything as expected and more.,1,56,positive,Alexa Skills and Features,meets expectations | exceeds features | performs well,Device performs as expected and offers additional unexpected features.
5,30-Jul-18,Sandstone Fabric ,"I love my Echo! Works just like they said it would. I don't have a &#34;smart&#34; home, so I cannot speak about that function, but everything else about it is good.",1,57,positive,Alexa Skills and Features,loves Echo | works as advertised | performs well,Echo works as promised; user satisfied despite not using smart home features.
5,30-Jul-18,Charcoal Fabric ,Great sound in a small package—easy to set up and use; fun to own.,1,58,positive,Sound Quality | Design and Appearance | Setup and Configuration,great sound | compact size | easy setup | fun to own,"Compact device with excellent sound, easy setup, and enjoyable to use."
5,30-Jul-18,Charcoal Fabric ,Works and sounds great.,1,59,positive,Sound Quality,works well | sounds great | reliable performance,Device works reliably with excellent sound quality.
5,30-Jul-18,Heather Gray Fabric ,The sound is amazing and many collections of all music,1,60,positive,Sound Quality | Alexa Skills and Features,amazing sound | music collections | wide variety,Excellent sound quality with diverse music collection options.
5,30-Jul-18,Heather Gray Fabric ,She doesn’t always listen,1,61,negative,Voice Recognition,doesn't listen | voice recognition issues,Device fails to recognize and respond to voice commands consistently.
4,30-Jul-18,Heather Gray Fabric ,"I bought this because it can control fios television. It works well. I’m hoping over time it will do more to control fios. Then I discovered all the other things Alexa can do. Play music you ask for. Great sound from Alexa. Play games. Play radio stations. Play old time radio programs like the Long Ranger. Alexa has many “apps” you can add to her abilities. The other day I played Madlibs. Great fun. Also Alexa can control household appliances. I just purchased Alexa compatible power strips to control lighting, fans and TV components. I’m looking forward to implementing this controll. You can also add other Alexa components to have chosen music to play in all rooms where the components are located.",1,62,positive,Smart Home Integration | Sound Quality | Alexa Skills and Features,controls Fios television | great sound | Alexa skills | household appliances | multi-room music,"Versatile device controls TV and appliances, plays music, games, and offers many expandable skills."
5,30-Jul-18,Heather Gray Fabric ,The speaker has excellent sound and works perfectly!,1,63,positive,Sound Quality | Device Reliability,excellent sound | works perfectly | speaker quality,Speaker delivers excellent sound quality and operates perfectly.
5,30-Jul-18,Charcoal Fabric ,I love it. It does everything,1,64,positive,Alexa Skills and Features,does everything | versatile | capable,Device performs all desired functions reliably.
5,30-Jul-18,Heather Gray Fabric ,I was a little nervous when I received my new Echo as I'm not really Tech savvy. I found it a bit intimidating at first but it didn't take me to long to figure it out!! I'm very happy with my purchase and now thinking of adding an echo spot!!!,1,65,positive,Setup and Configuration | Gift Purchase,easy to figure out | not tech savvy | happy with purchase,Beginner-friendly setup despite initial hesitation; customer satisfied with purchase.
4,30-Jul-18,Charcoal Fabric ,I like it and still learning how to use it.,1,66,positive,Alexa Skills and Features,like it | still learning | learning curve,User enjoys device and continues discovering its capabilities.
5,30-Jul-18,Charcoal Fabric ,Great technology!! Can't believe the speaker volume and quality is so wonderful. Wish I had bought another one!,1,67,positive,Sound Quality,great technology | speaker volume | sound quality | wishes for more,Outstanding speaker volume and sound quality exceeded expectations.
5,30-Jul-18,Heather Gray Fabric ,"I purchased an echo dot for my husband for Fathers Day. He uses it constantly and after hearing the quality of sound of the Echo (2nd Generation), It was a no-brainer. Best gift ever!",1,68,positive,Sound Quality | Gift Purchase,father's day gift | constant use | sound quality | echo 2nd generation,Excellent gift choice delivering impressive sound quality with frequent use.
5,30-Jul-18,Charcoal Fabric ,"Fun to use, good sound quality",1,69,positive,Sound Quality | Alexa Skills and Features,fun to use | good sound quality | enjoyable,Device is enjoyable with good sound quality.
5,30-Jul-18,Sandstone Fabric ,The echo works well. I was able to sync it with my other Amazon music devices.,1,70,positive,Device Reliability | Smart Home Integration,syncs with other devices | works well | Amazon music integration,Echo syncs reliably with other Amazon music devices.
5,30-Jul-18,Charcoal Fabric ,"Works great, but I don't think Amazon should charge another cent for unlimited music when you 1) Have Prime AND 2) Buy an Echo.",1,71,negative,Price and Deals,shouldn't charge for music | Prime member | Echo owner,Echo works but Amazon shouldn't charge extra for music with Prime membership.
5,30-Jul-18,Charcoal Fabric ,Already had an Echo Dot. The Echo is even better with fuller sound. Also during setup it now lets phone calls to be made to my contact list which is great!,1,72,positive,Sound Quality | Alexa Skills and Features | Device Reliability,fuller sound than Dot | phone call feature | setup improvement,Echo improves on Dot with fuller sound and convenient phone calling feature.
5,30-Jul-18,Charcoal Fabric ,The speaker sounds really good,1,73,positive,Sound Quality,good sound quality | speaker performance,The speaker delivers good sound quality.
5,30-Jul-18,Heather Gray Fabric ,Good sound works well,1,74,positive,Sound Quality | Device Reliability,good sound | works well,Echo provides good sound and works reliably.
5,30-Jul-18,Charcoal Fabric ,Love it and Alexa. I am not very savvy but support was very helpful and patient.,1,75,positive,Warranty and Support,helpful support | patient assistance | love Alexa,Excellent product with very helpful and patient customer support.
5,30-Jul-18,Charcoal Fabric ,"Love it! I was thinking about getting one and when the prime day discount was offered, I could not pass it up! It's fun to ask Alexa to play any song or group and she comes up with a playlist from Amazon Prime Music. You can also connect your iPhone with bluetooth and play music with Pandora or YouTube videos using Alexa as a speaker. I've been having fun asking Alexa different types of questions or for information like weather, news or even the time in other countries. The only downside is if you have limited data on your wifi plan, because Alexa uses burns it up when playing music.",1,76,mixed,Price and Deals | Sound Quality | Alexa Skills and Features | Wi-Fi Connectivity,Prime Day discount | versatile features | data usage concern | Bluetooth connectivity,"Echo offers great features and music functionality, but consumes significant Wi-Fi data."
5,30-Jul-18,Charcoal Fabric ,"We like it all so far, but have a lot to try out yet.",1,77,positive,,like it so far | still exploring features,Initial satisfaction with Echo; still discovering its capabilities.
5,30-Jul-18,Heather Gray Fabric ,Love it - am using it strictly for music now and it's great!,1,78,positive,Sound Quality,great for music | love it,Excellent Echo for playing music.
5,30-Jul-18,Sandstone Fabric ,"Love the Echo !!! I love the size, material and speaker quality. I have it hooked up to one light easily and will work on additional lights and thermostat. Next is Echo Dot for bedroom. There is a lot more to do with Echo that you think. Traffic, Weather, Trivia, etc.",1,79,positive,Design and Appearance | Sound Quality | Smart Home Integration | Alexa Skills and Features,size and material | speaker quality | smart home control | diverse features,Excellent design and sound with extensive smart home and information features.
5,30-Jul-18,Charcoal Fabric ,The entire family loves Alexa Echo. She’s now a part of this family.,1,80,positive,Alexa Skills and Features,family loves Alexa | part of family | integrated device,The family has embraced Alexa Echo as a valued household member.
5,30-Jul-18,Walnut Finish ,"Great fun getting to know all the functions of this product. WOW -- family fun and homework help. Talking with other grandchildren,who also have an Echo, is a HUGE bonus. Can't wait to learn more and more and more",1,81,positive,Alexa Skills and Features,fun learning functions | family entertainment | grandchildren connection | homework help,"Echo provides engaging family fun, educational support, and enables connection with relatives."
5,30-Jul-18,Heather Gray Fabric ,"awesome thing, love Alexa",1,82,positive,,awesome | love Alexa,Reviewer loves this awesome Alexa device.
5,30-Jul-18,Charcoal Fabric ,It worked exactly as expected and the speaker has great sound. It is perfect for my classroom!,1,83,positive,Sound Quality | Alexa Skills and Features,works as expected | great sound | classroom use,"The Echo performs as expected with great sound quality, perfect for classroom use."
5,30-Jul-18,Charcoal Fabric ,"LOVE, LOVE this new little gadget. Has made our lives so much easier. it's like having our own personal secretary living here in the home. We hardly need our CD's anymore, since ALEXA plays everything we need. Going to get the Alexa DOTS soon for more rooms. Thanks!!",1,84,positive,Alexa Skills and Features | Sound Quality,easier life | personal secretary | music playback | planning more purchases,"Echo simplifies daily life with music playback and smart features, inspiring additional purchases."
4,30-Jul-18,Heather Gray Fabric ,The speaker is of surprising quality. Happy with the purchase.,1,85,positive,Sound Quality,surprising quality | happy with purchase,The speaker delivers surprisingly good sound quality and satisfies the buyer.
5,30-Jul-18,Charcoal Fabric ,Very easy to set up. Works wonderful and I love it!!,1,86,positive,Setup and Configuration,easy setup | works wonderful | love it,Echo is easy to set up and works wonderfully.
5,30-Jul-18,Sandstone Fabric ,I'm really impressed with the sound quality when playing music from this device. The bass sounds almost like it's coming from a bigger speaker so props to Amazon.,1,87,positive,Sound Quality,impressed with sound quality | bass performance | music playback,The device impresses with excellent sound quality and robust bass for its size.
4,30-Jul-18,Charcoal Fabric ,"It’s still a great product.But the sound quality does seem worse.Don’t get me wrong. You definitely get used to it within an hour. But it definitely feels like echo gen 1 sound quality was better.Besides that , it’s great.With the addition of being able to play Just over Bluetooth with no WiFi, it’s even better.",1,88,mixed,Sound Quality | Device Reliability,sound quality worse | generation comparison | Bluetooth connectivity bonus | still great product,"Sound quality has declined compared to gen 1, but Bluetooth capability and overall performance remain strong."
4,30-Jul-18,Sandstone Fabric ,The outlet does not work with it. Was disappointed in that.,1,89,negative,Device Reliability,outlet compatibility issue | disappointed,The outlet incompatibility feature caused disappointment.
4,30-Jul-18,Charcoal Fabric ,"Great device, responsive and helpful",1,90,positive,Device Reliability | Alexa Skills and Features,responsive | helpful | great device,Device is responsive and helpful overall.
2,30-Jul-18,Charcoal Fabric ,Sound is terrible if u want good music too get a bose,0,91,negative,Sound Quality,terrible sound | poor music quality,Sound quality is terrible for music listening.
4,30-Jul-18,Charcoal Fabric ,"i liked the sound . what is troubling is that I paid extra money to have access to a million more songs. Sometimes it doesn't work. Ex. Alexa play Italian songs&#34; .don't have or don&#34; t understand. or play the opera Tosca, response &#34;sorry I don&#34;t have that.",1,92,mixed,Sound Quality | Alexa Skills and Features,liked the sound | music access paid extra | doesn't understand requests | songs unavailable,Good sound but premium music service frequently fails to recognize songs.
5,30-Jul-18,Charcoal Fabric ,Easy to set up and use. Too bad it has to be plugged in. Would be nice to take it outside and operate on battery and recharged.,1,93,mixed,Setup and Configuration | Battery and Power,easy to set up | requires plugging in | no battery option,Easy setup but lacks portability due to constant power requirement.
5,30-Jul-18,Charcoal Fabric ,Still learning all the ways to use it. It is a real hit with my grandkids who ask it to play music and then dance to it. (5 and 7 yrs). Very cute.,1,94,positive,Alexa Skills and Features,learning to use | music playback | family friendly | grandkids enjoy,Great for playing music; children enjoy it.
4,30-Jul-18,Oak Finish ,"4.5 out of 5 Stars. I generally like this product. Its great at doing what you ask of it like playing music, setting timers, and making calls. Reason why I didn't rate it 5 out of 5 is that sometimes the connection dies and my Echo stops playing music and shows a red ring. Seems to be a connection issue. Overall, great product.",1,95,mixed,Device Reliability | Wi-Fi Connectivity | Alexa Skills and Features,connection dies | red ring indicator | plays music | sets timers | makes calls,Mostly excellent but occasional connectivity issues interrupt music playback.
5,30-Jul-18,Charcoal Fabric ,"Works great, upgraded from echo dot to full size echo, couldn’t be happier!",1,96,positive,Device Reliability,upgraded from echo dot | works great | couldn't be happier,Works great; happy upgrade from Echo Dot.
5,30-Jul-18,Charcoal Fabric ,It's Alexa.... what else can you say,1,97,positive,,it's Alexa | what else can you say,Straightforward satisfaction with the Alexa product.
5,30-Jul-18,Charcoal Fabric ,Upgraded from my lilttle echo dot. Happy with sound,1,98,positive,Sound Quality,upgraded from echo dot | happy with sound,Happy with sound quality after upgrading from Echo Dot.
4,30-Jul-18,Sandstone Fabric ,"Excellent product, set up with ease as well.",1,99,positive,Setup and Configuration,excellent product | easy setup,Excellent product with easy setup process.
5,30-Jul-18,Heather Gray Fabric ,I've had the first gen Echo since it first came out and it has worked well for me. I purchased the 2nd gen during Prime Day and so far I'm happy. It seems to have an improved speaker which provides enhanced sound for music and such.,1,100,positive,Sound Quality | Device Reliability,first gen Echo reliable | 2nd gen improved speaker | enhanced sound for music,"Long-time user satisfied with original Echo, pleased with improved sound in 2nd generation."
5,30-Jul-18,Charcoal Fabric ,I love my Echo smart speaker. I love the volume and clarity. It was easy to set up. ITs a wonderful gift for any age.,1,101,positive,Sound Quality | Setup and Configuration | Gift Purchase,volume and clarity | easy to set up | wonderful gift,"User loves Echo's volume, clarity, and ease of setup; recommends as gift."
5,30-Jul-18,Charcoal Fabric ,wonderful product and fast delivery!,1,102,positive,Price and Deals,wonderful product | fast delivery,Customer satisfied with product quality and delivery speed.
4,30-Jul-18,Charcoal Fabric ,Initially harder to set up called tech wasn’t that knowledgeable now working great.,1,103,mixed,Setup and Configuration | Warranty and Support,harder to set up initially | tech support not knowledgeable | working great now,"Setup was difficult with unhelpful tech support, but device works well after resolution."
5,30-Jul-18,Heather Gray Fabric ,It was very easy to set up and my family love it’s!,1,104,positive,Setup and Configuration,very easy to set up | family loves it,Simple setup process and family enjoys using the Echo.
5,30-Jul-18,Charcoal Fabric ,Has great sound and is very responsive my voice and commands.,1,105,positive,Sound Quality | Voice Recognition,great sound | very responsive | voice commands,Device has excellent sound quality and responsive voice command recognition.
5,30-Jul-18,Sandstone Fabric ,How did I live this long without the Echo . You get to enjoy any music style just my asking Alexa . Going to up-greade to the wireless . Love the Echo . Love you too Alexa .,1,106,positive,Alexa Skills and Features | Sound Quality,enjoy any music style | asking Alexa | upgrading to wireless,User loves Echo's music capabilities and plans to upgrade to wireless model.
5,30-Jul-18,Heather Gray Fabric ,Very cool product. Speaker sounds good with my Spotify blasting through it.,1,107,positive,Sound Quality | Video and Streaming,very cool product | speaker sounds good | Spotify,Product performs well with good speaker quality for music streaming.
5,30-Jul-18,Charcoal Fabric ,Having so much fun with Alexa. Love being able to listen to music when I’m across the room or busy doing something else.,1,108,positive,Alexa Skills and Features,having fun with Alexa | listen to music | across the room,User enjoys playing music and using Alexa while busy or away.
5,30-Jul-18,Charcoal Fabric ,"So far it seems to be a very nice item. It picks up on my voice and understands me without any problems. The other day I asked it to turn down the music from the next room and it heard me just fine. I've only used it to listen to music and check the weather, but it has done both of those things very well.",1,109,positive,Voice Recognition | Alexa Skills and Features,picks up voice well | understands commands | music and weather,Voice recognition works reliably; successfully uses music and weather features.
5,30-Jul-18,Charcoal Fabric ,"I love it,she is very helpful. I use her for remembering things and sleep. You can ask her just about anything. I have only had her for about a week so still learning her.",1,110,positive,Alexa Skills and Features,very helpful | remembering things | sleep | still learning,User loves Alexa's helpfulness for reminders and sleep after one week of use.
4,30-Jul-18,Charcoal Fabric ,"It's better than the 1st gen in every way except for one. I really miss the ring at the top for volume control. It was quicker and easier to just grab the top and twist without having to look at the buttons and find the &#34;-&#34; one and press it a few times. I also wish the bass was a bit better. All in all, it's a great device and I'm happy with it.",1,111,mixed,Design and Appearance | Sound Quality,better than 1st gen | miss ring volume control | wish bass better,Improved over first generation but misses physical volume ring and desires better bass quality.
5,30-Jul-18,Charcoal Fabric ,I love having an Alexa!,1,112,positive,Alexa Skills and Features,love having Alexa,User expresses satisfaction with owning an Alexa device.
5,30-Jul-18,Heather Gray Fabric ,I am thoroughly enjoying my Ecoo! Love to have it read my audiobook to me while in the office and then I can simply open the audiobook on my kindle to continue it when elsewhere. Wonderful for listening to music when not in the mood for a book. Great for setting reminders for myself too and so much more.,1,113,positive,Alexa Skills and Features | Video and Streaming,audiobook reading | music listening | setting reminders | thoroughly enjoying,"User loves Alexa for audiobooks, music, reminders, and seamless Kindle integration."
5,30-Jul-18,Heather Gray Fabric ,"I love the sound quality of this unit, it is a very clear sound.",1,114,positive,Sound Quality,love sound quality | very clear sound,User praises the device for its clear and high-quality sound output.
4,30-Jul-18,Sandstone Fabric ,I just this for listening to talk radio in the morning and turning lights on and off etc. The system does an excellent job as a full house sound system streaming Sirius.,1,115,positive,Alexa Skills and Features | Smart Home Integration,talk radio | turning lights on and off | full house sound system | Sirius streaming,Device excels as full-house sound system for radio and smart home light control.
5,30-Jul-18,Charcoal Fabric ,"I have had for only a week, so I am still learning all that Alexa can do. It is a learning process. I love the music I can call up any time. I listen to podcasts and radio stations. I have just started keeping shopping lists and grocery lists, which I love. I don’t have to search for paper and pencil. Getting time and temperature are great, do not have to wait for weather reports. The sound is good. I am not fussy about woofers, tweeters, base , etc. the Echo is fine for me. This afternoon I am going to try “dropping in”.on my son when he gets home. Going to surprise him.",1,116,positive,Alexa Skills and Features | Sound Quality,learning all Alexa can do | music anytime | shopping and grocery lists | good sound,"User delighted with music, podcasts, lists, and time features after one week."
5,30-Jul-18,Charcoal Fabric ,"Great sound quality, great features, great product. Multi room music is very cool.",1,117,positive,Sound Quality | Alexa Skills and Features,great sound quality | great features | multi room music,"User praises sound quality, features, and multi-room music capability."
5,30-Jul-18,Charcoal Fabric ,Everyone should have an Echo or two or three or more. I bought my Echo through QVC.,1,118,positive,,everyone should have Echo | bought through QVC,User enthusiastically recommends Echo devices and mentions QVC purchase.
3,30-Jul-18,Sandstone Fabric ,it's annoying that everything they show Alexa as being able to do has to be downloaded. You spend so much time trying to figure out how to phrase it for the machine that you may as well just look it up yourself,1,119,negative,Alexa Skills and Features,everything has to be downloaded | figure out phrasing | annoying | may as well look it up,User frustrated that Alexa features require downloads and difficult phrasing instead of direct answers.
5,30-Jul-18,Charcoal Fabric ,I have had Alexa since the beginning. I accidentally spilled water on her and have replaced it with the 2nd generation. I decided I couldn't be without an Echo. Setup was easy and had it working within minutes.,1,120,positive,Setup and Configuration | Device Reliability,easy setup | working within minutes | replaced device | no issues,Easy setup and quick to get working after replacing water-damaged original Echo.
5,30-Jul-18,Charcoal Fabric ,"I like being able to tell Alexia the music I want to hear, but sometimes she has trouble finding the song if I am not very specific about the title.",1,121,mixed,Voice Recognition | Alexa Skills and Features,music requests | voice recognition struggles | specificity required,Enjoys music playback but Alexa sometimes struggles to find songs without precise titles.
5,30-Jul-18,Heather Gray Fabric ,I like the looks better than the original echo. I moved my old echo to the basement family room. Nice sound.,1,122,positive,Design and Appearance | Sound Quality,improved design | nice sound | aesthetic improvement,Prefers second generation Echo's appearance and appreciates its sound quality.
5,30-Jul-18,Charcoal Fabric ,The Echo is wonderful but I'm still learning how to use it. Music requests are somewhat limited.,1,123,mixed,Alexa Skills and Features,learning curve | music limitations | wonderful device,Finds Echo wonderful but is still learning its capabilities and notes limited music options.
3,30-Jul-18,Heather Gray Fabric ,"Doesn't know half the things asked. Can't recognize my sprinkler wifi controller, even though product details says it is compatible. Can't program or change my wifi thermostat settings and its matched up on same wifi router. Just a handy music player. That's if you have Amazon Music.",1,124,negative,Smart Home Integration | Voice Recognition | Alexa Skills and Features,limited compatibility | Wi-Fi controller issues | thermostat control fails | music only,Smart home integration fails despite listed compatibility; primarily useful only as music player.
5,30-Jul-18,Sandstone Fabric ,awesome.understands my kids,1,125,positive,Voice Recognition,understands children | responsive,Alexa reliably understands and responds to children's requests.
5,30-Jul-18,Charcoal Fabric ,We were pleasantly surprised at the sound quality and the many features. How nice to easily hear a particular artist or hear our books just by a simple command. Looking forward to exploring other options with this device.,1,126,positive,Sound Quality | Alexa Skills and Features,excellent sound quality | many features | music and audiobooks | exceeded expectations,"Impressed by sound quality, diverse features, and ease of requesting music and audiobooks."
5,30-Jul-18,Heather Gray Fabric ,Met and exceeded my expectations. Easy set up and is really quick in responses.,1,127,positive,Setup and Configuration | Alexa Skills and Features,easy setup | quick responses | exceeded expectations,Easy setup and fast response times exceed customer expectations.
5,30-Jul-18,Charcoal Fabric ,"I like the fact that I can get any kind of music from Prime that I want on request from Alexa. I liked the informative photo little pamphlet but wish it included how to connect your TV etc. to the commands from Alexa. BUT, I really love having the music.",1,128,mixed,Alexa Skills and Features | Setup and Configuration,Prime music access | loves music feature | setup documentation gap | TV integration lacking,Loves music functionality but wishes documentation included TV and device integration instructions.
4,30-Jul-18,Charcoal Fabric ,"i have not found a way to access my echo thorough my prime account. I think it should be part of the top line with video, music, etc. I also think the setup app where i define, for example music i like, is not well integrated into echo. I have tried to ask for my playlist and echo is not sure even though i set up play list in my settings. I also do not like the fact that my words have to be exact match of my playlist names, which i can never remember.I like the ready nature of echo to respond to most any queries.",1,129,mixed,Setup and Configuration | Alexa Skills and Features | Voice Recognition,Prime account integration missing | playlist recognition issues | exact matching required | responsive queries,Appreciates Alexa's responsiveness but frustrated with setup integration and strict playlist name matching.
5,30-Jul-18,Charcoal Fabric ,This is great item and just added audible books which makes it even better. Thank you!,1,130,positive,Alexa Skills and Features,great item | added audible books | even better,Customer is satisfied with the product and appreciates the addition of Audible books.
5,30-Jul-18,Charcoal Fabric ,"During Prime Day this 2nd gen Echo was on sale so I couldn't resist! This was the beginning to my smart home set up and I couldn't be happier to say that Alexa has done an amazing job connecting to all of my ""smart"" devices. Thanks to her, I can control my lights, smart plugs, TV, etc. I had no trouble connecting the Echo to my WiFi and my phone. The app works perfectly fine and it let's you add skills, routines, smart devices, timers, and so much more! Sound quality is good enough for me, since I am not an audiophile. Alexa can hear my voice even when watching movies at a high volume. Design is great and modern, it will definitely add a nice touch to your home and you can change the covers if you'd like as there are more for sale. Overall, this is a great addition to my home and enables so many possibilities. If you haven't yet, be sure to add Alexa to your home!",1,131,positive,Price and Deals | Smart Home Integration | Wi-Fi Connectivity | Sound Quality | Design and Appearance | Alexa Skills and Features,Prime Day sale | smart home setup | connects to devices | voice recognition works | good sound quality | modern design,"Excellent smart home hub that integrates well with devices, has good sound quality, and modern design."
5,30-Jul-18,Oak Finish ,Versatile and fun !!!,1,132,positive,,versatile | fun,Customer finds the product versatile and fun to use.
5,30-Jul-18,Heather Gray Fabric ,Works great! Killer speaker! My wife and son love it.,1,133,positive,Sound Quality,works great | killer speaker | family loves it,Excellent speaker performance that the family enjoys.
5,30-Jul-18,Walnut Finish ,We regret waiting so long to purchase this item. We are both surprised and pleased with the sound quality.,1,134,positive,Sound Quality,surprised and pleased | sound quality,Customers are pleasantly surprised by the sound quality after delaying purchase.
1,30-Jul-18,Sandstone Fabric ,"Stopped working after 2 weeks ,didn't follow commands!? Really fun when it was working?",0,135,negative,Device Reliability | Voice Recognition,stopped working | didn't follow commands | after 2 weeks,Device stopped functioning and failed to respond to voice commands after two weeks.
5,30-Jul-18,Heather Gray Fabric ,so far love it working on getting more things set up love the grocery list app,1,136,positive,Alexa Skills and Features,love it | getting more set up | grocery list app,Customer loves the product and appreciates the grocery list app feature.
4,30-Jul-18,Charcoal Fabric ,"It performs pretty much as expected, but I am very disappointed it will not provide me with the terminology I need to play various kinds of music without subscribing to the Amazon music service. I understand my music choices may be limited, but without knowing HOW TO ASK, I cannot access the music that is provided free along with my Echo purchase. Do you have a chart showing the language I need to use?",1,137,negative,Alexa Skills and Features | Voice Recognition,limited music access | subscription required | need terminology help | unclear commands,Customer frustrated that music access requires Amazon subscription and lacks guidance on voice commands.
3,30-Jul-18,Charcoal Fabric ,I like the product except that the speakers are not the high quality I expected,1,138,mixed,Sound Quality,like the product | speakers not high quality | expected better,Customer likes the product overall but disappointed by speaker quality not meeting expectations.
5,30-Jul-18,Walnut Finish ,A great investment. Alexa has helped me out and made me laugh.,1,139,positive,Alexa Skills and Features,great investment | helpful | made me laugh,Customer values Alexa as a helpful and entertaining investment.
5,30-Jul-18,Heather Gray Fabric ,Yet another Exho for our home and love them all!!!,1,140,positive,Device Reliability,multiple Echos | love them all | home,Customer is satisfied with multiple Echo devices in their home.
5,30-Jul-18,Charcoal Fabric ,"I love it, I can plan any gender of music from big band to jazz, not easy to find on local radio. Sound is good and I can stop it with a voice command if I get a phone call.",1,141,positive,Sound Quality | Voice Recognition | Alexa Skills and Features,music variety | good sound | voice command | phone call control,Echo offers good sound quality and convenient voice control for music streaming.
5,30-Jul-18,Heather Gray Fabric ,Super easy set up and am loving our new Echo!,1,142,positive,Setup and Configuration,easy setup | loving new Echo,Customer appreciates the easy setup and enjoys their new Echo.
5,30-Jul-18,Charcoal Fabric ,Whats not to like about this speaker. Just ask Alexa,1,143,positive,Alexa Skills and Features,great speaker | Alexa capabilities,Customer is satisfied with the speaker and Alexa functionality.
5,30-Jul-18,Charcoal Fabric ,BEST father's day gift. Dad joked to my mom that Alexa will be the one listening to all of his (repeated) stories going forward.,1,144,positive,Gift Purchase,Father's Day gift | humor | listening capability,Echo makes an excellent Father's Day gift with humorous listening potential.
5,30-Jul-18,Charcoal Fabric ,Great addition to our breakfast room kitchen. Tunes and information instantly available. Slowly learning more features.,1,145,positive,Alexa Skills and Features,great addition | music | information | learning features,Echo provides instant access to music and information with many discoverable features.
4,30-Jul-18,Charcoal Fabric ,Works great sounds great does not miss a beat wish it had a battery for better portability,1,147,mixed,Sound Quality | Device Reliability | Battery and Power,works great | sounds great | no battery | portability,Echo performs excellently but lacks battery for portable use.
5,30-Jul-18,Charcoal Fabric ,Loved it till someone stoled it. Can't afford to replace it yet but I am going too.,1,148,negative,Device Reliability,stolen | cannot afford replacement | loved it,Customer's Echo was stolen and they cannot currently afford a replacement.
4,29-Jul-18,Charcoal Fabric ,"Got this as a gift and love it. I never would have bought one for myself, but now that I have it.... Allows me to play music on it from my amozon prime music ; that's worth it in and of itself. Also, gives new's briefs and tells jokes.",1,149,positive,Gift Purchase | Alexa Skills and Features,gift | Amazon Prime Music | news briefs | jokes,Echo as a gift enables music streaming and information delivery the customer now values.
5,29-Jul-18,Charcoal Fabric ,"My mom bought a few Echo Dots and repeated ask me to take one of hers because it was so great. I told her “no” for two days. When she made me take it, 6 hours later I could not live my life without it! It’s that amazing, so now we have four large speakers and only the small Echo Dot, that I will be returning to her. I say if you’re going to order an Alexa speaker, go big and get the Echo, otherwise tou’ll Be returning the two Echo Dots you couldn’t live without.",1,150,positive,Device Reliability | Design and Appearance,amazing | full-size Echo | cannot live without | multiple devices,Customer strongly prefers full-size Echo over Echo Dot after becoming indispensable user.
5,29-Jul-18,Heather Gray Fabric ,Love it!! Great product!!!,1,151,positive,,love it | great product,Reviewer expresses strong satisfaction with the product.
5,29-Jul-18,Charcoal Fabric ,Easy set up very user friendly,1,152,positive,Setup and Configuration,easy setup | user friendly,Setup process is easy and the device is user-friendly.
2,29-Jul-18,Charcoal Fabric ,"Really disappointed Alexa has to be plug-in to wall socket all the time. My fault for not checking this, but made the assumption that a company has technologically advanced as Amazon would sell this product with a rechargeable battery. If I could return it, I would as my Apple music and boom speaker give me more flexibility the Alexa.",0,153,negative,Battery and Power,plug-in required | no rechargeable battery | less flexibility,Disappointed by lack of rechargeable battery and constant wall power requirement.
3,29-Jul-18,Charcoal Fabric ,I don't think the &#34;2nd gen&#34; sounds as good as the 1st. But it does have an aux out... so you could add an external speaker. But if you are going to do that why wouldn't you just get a dot? 2nd issue is (which isn't unique to this unit but I don't understand why I can't override the default that prevents you from playing a blue tooth speaker while playing through a &#34;group&#34;. I get there is a delay when using a BT speaker. But if the other units are not where they can be heard then I should be able to play as a group while using the BT speaker.,1,154,negative,Sound Quality | Alexa Skills and Features,2nd gen sounds worse | bluetooth speaker restrictions | group play limitations,Second generation has inferior sound quality and restrictive Bluetooth speaker functionality.
3,29-Jul-18,Heather Gray Fabric ,I like the interaction of asking questions. I don’t like that I can’t ask her to setup schedule of off and on of connected lamp.,1,155,mixed,Voice Recognition | Smart Home Integration,enjoys voice interaction | cannot schedule smart home devices,Likes voice interaction but cannot schedule connected device on/off sequences.
5,29-Jul-18,Charcoal Fabric ,Supberb sound! Definitely worth the extra money if you listen to lots of music.,1,156,positive,Sound Quality,superb sound | worth extra money | music listening,Excellent sound quality makes the higher price worthwhile for music listeners.
5,29-Jul-18,Charcoal Fabric ,I really love my amazon echo. I think the sound quality is great and we have a lot of fun with it. It is really handy for music and to get updates on the weather and sports!,1,157,positive,Sound Quality | Alexa Skills and Features,great sound quality | music | weather and sports updates,"Great sound quality with useful features for music, weather, and sports updates."
5,29-Jul-18,Charcoal Fabric ,Love it! So do the grandkids!!,1,158,positive,,love it | family enjoys it | grandkids,Reviewer and grandchildren enjoy the product.
4,29-Jul-18,Heather Gray Fabric ,"So far it has worked well. Not always intuitive as to how to link different devices, or ""skills"", but getting the hang of it.",1,159,mixed,Setup and Configuration | Alexa Skills and Features,working well | not intuitive | linking devices difficult,Device works well but device linking and skills setup lack intuitiveness.
4,29-Jul-18,Sandstone Fabric ,"Love my new addition to the house! Speaker quality is great and over all we love our Alexa. My only two ( not complaints, more suggestions for the future series) would be better communication ability. Example: For our smart lights in the house. Unless we specify kitchen Light 1 or kitchen Light 2 prior to the command she either won’t respond or says she doesn’t recognize. It may be me, but I want my Alexa to respond when I say thank you afterwards. I have to repeat Alexa thank you and there are times she won’t respond to me, but will my husband. I know it sounds odd. We laugh about it, but maybe it’s a Southern thing but I want my Alexa to have manners too.",1,160,mixed,Sound Quality | Voice Recognition | Smart Home Integration,great speaker quality | smart light recognition issues | voice response inconsistency,"Excellent sound and overall performance, but smart home device naming and voice recognition have limitations."
5,29-Jul-18,Sandstone Fabric ,"Like everything about it. The music, the trivia games, the weather.",1,161,positive,Alexa Skills and Features,music playback | trivia games | weather information,"Customer enjoys the music, trivia games, and weather features."
5,29-Jul-18,Charcoal Fabric ,As described and received on time. Do not like automatic enrolment into music.,1,162,mixed,Advertising and Promotions,received as described | on time delivery | automatic music enrollment,"Product arrived as described on time, but automatic music enrollment is unwanted."
3,29-Jul-18,Sandstone Fabric ,I owned an echo for overa year but the new lacks the easy way to increase or decrease volume without telling it to increase or decrease volume which is hard to do for my wife since English is her second language she was born in korea. But the sound from the echo is superb. So we’ll keep it..,1,163,mixed,Voice Recognition | Sound Quality,missing volume control buttons | superb sound quality | accessibility concern,"Sound is superb but lacks physical volume controls, making voice control difficult for non-native English speaker."
5,29-Jul-18,Charcoal Fabric ,Love this! Have it in the kitchen and works well!,1,164,positive,,works well | kitchen placement | love it,Customer loves the product and it works well in the kitchen.
5,29-Jul-18,Charcoal Fabric ,Very nice! I'm impressed - wish she had more to say though.,1,165,mixed,Alexa Skills and Features,impressed | limited speech capability | nice device,Customer is impressed but wishes the device had more conversational ability.
5,29-Jul-18,Charcoal Fabric ,Love the product. Nice to have easy access to so much info!!!,1,166,positive,Alexa Skills and Features,easy information access | loves product | variety of features,Customer loves the product and appreciates easy access to information.
2,29-Jul-18,Sandstone Fabric ,It's got great sound and bass but it doesn't work all of the time. Its still hot or miss when it recognizes things,0,167,negative,Sound Quality | Voice Recognition | Device Reliability,great sound and bass | unreliable recognition | hit or miss performance,Device has good sound but unreliable voice recognition and inconsistent performance.
4,29-Jul-18,Charcoal Fabric ,We are still discovering all that the Echo can do.,1,168,positive,Alexa Skills and Features,discovering features | product capabilities | ongoing discovery,Customer is discovering and enjoying the various capabilities of the Echo.
4,29-Jul-18,Heather Gray Fabric ,Good hearing range and sound quality. It was a bit complicated to set up and she doesn't quite understand me a lot even when I am speaking slowly and clearly but I love the flash briefing feature and interfacing with my abode home security system.,1,169,mixed,Voice Recognition | Sound Quality | Setup and Configuration | Smart Home Integration,good hearing range | sound quality | complicated setup | voice recognition issues | flash briefing | home security integration,"Good sound and hearing range with smart home integration, but complicated setup and inconsistent voice recognition."
5,29-Jul-18,Charcoal Fabric ,The best part of this product is you can control the thermostat and lights for your house. There isn’t anything I dislike.,1,170,positive,Smart Home Integration,thermostat control | lights control | nothing disliked,Customer loves the smart home control features and has no complaints.
5,29-Jul-18,Charcoal Fabric ,We're thoroughly enjoying our Amazon Echo. Installation was easy using the Alexa app. I purchased 2 Kasa smart plugs to control our living room lights. Installation again was easy using the Kasa app. They sinqued right up with the Echo. We're enjoying playing music with the Echo and the sound quality is awesome. We've added a Kasa smart bulb for our kitchen. Setup was seamless. We're looking forward to adding more automation to our home.,1,171,positive,Smart Home Integration | Setup and Configuration | Sound Quality | Alexa Skills and Features,easy installation | Kasa smart plugs | sound quality awesome | seamless setup | home automation,Customer enjoys Echo with easy setup and excellent sound quality for smart home control.
4,29-Jul-18,Heather Gray Fabric ,"Very cool product. Easy to setup, fun to use and sound quality is much better than I anticipated.",1,172,positive,Setup and Configuration | Sound Quality,easy setup | fun to use | sound quality exceeds expectations,Product is easy to set up with surprisingly excellent sound quality.
5,29-Jul-18,Heather Gray Fabric ,"Love these, great sound... easy to connect and use...",1,173,positive,Sound Quality,great sound | easy to connect | easy to use,Great sound quality and very easy to connect and operate.
5,29-Jul-18,Charcoal Fabric ,"Doesn't work with my fairly new smart TV, but that's mainly the TV manufacturers(LG) fault due to not supporting anything older than TVs from this year. My smart locks also need an additional piece of equipment in order to connect as well. Speakers sound great and works very well.",1,174,mixed,Smart Home Integration | Sound Quality,incompatible with LG TV | smart locks need adapter | great speaker sound | works very well,"Great sound and reliable performance, but compatibility issues with newer LG TV and smart locks."
5,29-Jul-18,Charcoal Fabric ,Great sound from a little speaker,1,175,positive,Sound Quality,great sound | small speaker | impressive audio,Compact speaker delivers excellent sound quality.
4,29-Jul-18,Charcoal Fabric ,"Good quality, great sound quality",1,176,positive,Sound Quality,good quality | great sound quality,Product offers good overall quality and excellent sound.
4,29-Jul-18,Heather Gray Fabric ,"Great product. Sometimes Alexa does not understand some commands for my Fire TV. All in all, this is a fabulous speaker.",1,177,mixed,Sound Quality | Alexa Skills and Features,Alexa misunderstands Fire TV commands | fabulous speaker | great sound,Excellent speaker with occasional Alexa command recognition issues with Fire TV.
4,29-Jul-18,Charcoal Fabric ,Love my Echo great sound very smart!,1,178,positive,Sound Quality | Alexa Skills and Features,great sound | very smart | love it,Customer loves the Echo for its great sound and intelligent features.
5,29-Jul-18,Heather Gray Fabric ,Sure did !! Love it !!,1,179,positive,,love it | enthusiastic approval,Customer expresses strong satisfaction with the product.
5,29-Jul-18,Charcoal Fabric ,Works absolutely great,1,180,positive,Device Reliability,works great | reliable performance,Product works reliably and performs excellently.
5,29-Jul-18,Charcoal Fabric ,Very amazing product. Great sound quality.,1,181,positive,Sound Quality,amazing product | great sound quality,Customer praises the product and its sound quality.
5,29-Jul-18,Charcoal Fabric ,Best thing I've invested in in a while thank you so much 😁😁😁😁,1,182,positive,,best investment | very satisfied,Customer expresses high satisfaction with their purchase.
5,29-Jul-18,Charcoal Fabric ,"I am extremely impressed with this item. Bought it from the &#34;warehouse&#34; or &#34;outlet&#34; with a &#34;minor imperfection. Can't tell it even has one. works great. Didn't come in packaging, but it was sealed up and had no damage and wasn't missing anything. I like the sound quality, I see some knock it. It's not a BOSE but it's more than great for our family. Easy to use, minor learning curve as it learns your voice. It integrates seamlessly with my other amazon services.Can't wait to get for my classroom too! It's a lot of fun even just as a speaker, let alone what I plan to do with it.",1,183,positive,Refurbished Condition | Sound Quality | Voice Recognition | Smart Home Integration | Alexa Skills and Features,warehouse refurbished | great sound quality | voice learning | Amazon integration | easy to use,"Refurbished unit exceeds expectations with excellent sound, easy setup, and smart home integration."
5,29-Jul-18,Sandstone Fabric ,"I love my Echo show! and now i have this in my bedroom and it's wonderful!, music, info, sleeping sounds!",1,184,positive,Alexa Skills and Features,love Echo Show | music and info | sleeping sounds,"Customer loves their Echo device for music, information, and sleep features."
5,29-Jul-18,Sandstone Fabric ,"Awesome life changer! Seriously, I am able to start my morning with Alexa, by having her &#34;wake&#34;me up with her alarm and then playing me some music. She has gotten used to my voice, that I can be in another room and she will &#34;listen&#34; to what I say. I love both my echos!!! Don't hesitate, get one and for the price, the speaker is unbelievable. I am buying the cordless holder, so I can take the echo anywhere. Love my purchase and love alexa!!!!",1,185,positive,Voice Recognition | Alexa Skills and Features | Price and Deals,life changer | voice recognition | alarm and music | great value,Customer credits Alexa with improving their morning routine and appreciates the value.
2,29-Jul-18,Sandstone Fabric ,"I am not super impressed with Alexa. When my Prime lapsed, she wouldn't play anything. She isn't smart enough to differentiate among spotify accounts so we can't use it for that either. She randomly speaks up when nobody is talking to her. Just today I unplugged her...not sure I'll ever use my Alexa again.",0,186,negative,Alexa Skills and Features | Voice Recognition,not impressed | Prime dependency | voice activation issues | Spotify limitation,Alexa has significant limitations with music services and spontaneous activation issues.
5,29-Jul-18,Charcoal Fabric ,I like everything about it !!!,1,187,positive,,likes everything | very satisfied,Customer is completely satisfied with all aspects of the product.
5,29-Jul-18,Charcoal Fabric ,Never had ANY issue with buying use electronics as long as I get the GOOD or LIKE NEW. Just read the comment to see why it is used.,1,188,positive,Refurbished Condition,used electronics | good condition | like new,Customer is comfortable purchasing refurbished electronics when condition is clearly stated.
5,29-Jul-18,Charcoal Fabric ,Our family really loves this new Echo,1,189,positive,,family loves | new Echo,Customer's family enjoys their new Echo device.
5,29-Jul-18,Heather Gray Fabric ,bought for my wife she loves it,1,190,positive,Gift Purchase,gift for wife | loves it,Wife loves the Echo device as a gift.
5,29-Jul-18,Charcoal Fabric ,Fun just got it today now my I pod will go in my car and I will use this is the house.,1,191,positive,,just received today | iPod replacement | household use,Customer is happy to have received the device and plans to use it in multiple locations.
5,29-Jul-18,Sandstone Fabric ,"This is our third echo. Worth every penny. It's like having 3 household employees for a small flat rate. We keep them in the bedrooms and the living room. We can drop-in and use them as an intercom, listen to music, answer quick questions, alarms to wake up for school, etc.",1,192,positive,Smart Home Integration | Alexa Skills and Features,third echo | worth every penny | intercom | music | alarms,"Third Echo purchase used for multiple household functions including intercom, music, and scheduling."
5,29-Jul-18,Charcoal Fabric ,Listen music and set timer,1,193,positive,Alexa Skills and Features,listen music | set timer,Customer uses the device for music and timer functions.
5,29-Jul-18,Sandstone Fabric ,I received the echo in perfect condition. The device was easy to set up and responds quickly and without any issues. Alexa is a great addition to our family!,1,194,positive,Setup and Configuration | Device Reliability,perfect condition | easy setup | responds quickly | great addition,"Device arrived in excellent condition, was easy to set up, and works reliably."
5,29-Jul-18,Charcoal Fabric ,Good sound. Like it for music and scheduling. Like that i can get random thoughts recorded while I think about them. The jokes are cute!,1,195,positive,Sound Quality | Alexa Skills and Features,good sound | music | scheduling | voice recording | jokes,"Customer appreciates sound quality, music playback, scheduling, and Alexa's personality."
5,29-Jul-18,Charcoal Fabric ,Purchased this for myself and am just beginning to learn all that it can do. So far am very pleased and amazed at the different actions it can perform. Am enjoying it and looking forward to learning more about other options it provides.,1,196,positive,Alexa Skills and Features,learning capabilities | very pleased | amazed | different actions,Customer is pleased and excited to discover the device's various capabilities.
5,29-Jul-18,Sandstone Fabric ,"This echo is just as great as my others, even though it is smaller.",1,197,positive,,great | smaller model | quality consistent,Customer reports this smaller model performs as well as their other Echo devices.
5,29-Jul-18,Charcoal Fabric ,Funny how you buy something just because it looks fun and it winds up being a totally useful part of your home!!! Loving it!!,1,198,positive,Design and Appearance,looks fun | useful | loving it | home integration,Customer purchased for appearance but discovered it to be surprisingly useful.
3,29-Jul-18,Charcoal Fabric ,"I bought this to replace a &#34;Dot&#34; in my living room. Speaker is slightly better. It hears me better over the TV. Unfortunately, it doesn't understand or respond to my requests as well as the Dot. I frequently have to request 2 or 3 times to get it to do what I want. The Dot usually does exactly what I want on the first request. I don't consider it an upgrade.",1,199,negative,Voice Recognition | Sound Quality | Device Reliability,worse than Dot | voice recognition issues | requires multiple requests | not an upgrade,"Customer finds this model inferior to their previous Dot, requiring multiple requests for commands."
5,29-Jul-18,Charcoal Fabric ,"I have had all good experience, so far with the second generation Echo. There are so many more things to learn, but I have not had the time yet. Right now, I am mostly enjoying the music, weather updates, using the alarm feature, and her personality. I have also purchased some mini smart socket yes. I am very excited to begin using them",1,200,positive,Alexa Skills and Features | Smart Home Integration,good experience | second generation | music | weather updates | alarms | smart sockets,"Customer enjoys music, alarms, and weather features; plans to explore smart home integration."
5,29-Jul-18,Charcoal Fabric ,"I’m having trouble connecting my tv to it, but I’m not exactly tech smart. I’m sure one of my grandsons will figure it out for me. So far I’ve been using it mostly for music.",1,201,mixed,Setup and Configuration | Video and Streaming,trouble connecting TV | not tech smart | using for music,User struggles with TV connection but enjoys music playback and expects help from family.
5,29-Jul-18,Charcoal Fabric ,Simply love my Echo. I hardly watch any TV at all anymore. I'm too busy listening to music. Speaker is pretty goo for its size. All the fun skills really make the echo fun for my whole family.,1,202,positive,Sound Quality | Alexa Skills and Features,love Echo | listening to music | good speaker | fun skills for family,User loves Echo for music and enjoys its skills; prefers it over TV watching.
5,29-Jul-18,Charcoal Fabric ,Enjoyed entire echo experience,1,203,positive,,enjoyed entire experience,User enjoyed the complete Echo experience.
4,29-Jul-18,Charcoal Fabric ,"The Echo is an amazing device. Many times it seems very intuitive. But at other times I ask for something that seems clear and simple and get no result. Installation was fairly straightforward, but I messed up several times simply because I thought a step was complete when it wasn't. This actually made me lose ground until I figured that out. My advice is to be patient; the app will let you know when you can move on to the next step.My biggest issue of the moment is that we have several Echo devices in our home and I would like to use them as intercoms (which I am told can be done). However, I can't make any of the Echos aware of the others existence. When I ask Alexa how to do this she answers about instructions how to change her name. I know this is likely my fault, but I would think the designers would anticipate this and make it easier to find the needed instructions. A small deal for many device savvy people, but a challenge for me.",1,204,mixed,Setup and Configuration | Voice Recognition | Smart Home Integration,intuitive sometimes | voice requests unreliable | installation confusing | intercom setup difficulty,Echo works well intuitively but struggles with voice recognition and multi-device intercom setup lacks clear instructions.
5,29-Jul-18,Heather Gray Fabric ,We are loving Ours very much,1,205,positive,,loving device,User and family love their Echo device.
5,29-Jul-18,Heather Gray Fabric ,"I have the original Alexa and the Tap and so far the 2nd generation is the best. I'm happy to see they are making improvements with each new one.It would be great to have updates to our little A.I.'s, I think it would help out a lot with the bugs in it. All in all I am very happy with her and I can now play music throughout the whole house and adjust the bass and treble. Thank you",1,206,positive,Device Reliability | Sound Quality | Alexa Skills and Features,2nd generation best | improvements each version | play music throughout house | adjust bass and treble,User prefers 2nd generation Echo for improvements and appreciates whole-house music control with sound adjustments.
5,29-Jul-18,Charcoal Fabric ,"Very pleased with the Echo 2nd Generation. It is so nice to have Alexa available for music, weather, news, and probably a lot more we haven’t discovered.",1,207,positive,Alexa Skills and Features,very pleased | music | weather | news,"User very pleased with 2nd generation Echo's music, weather, and news capabilities."
4,29-Jul-18,Heather Gray Fabric ,"I am pleasantly surprised by the sound quality of the Echo. If you are a big fan of deep bass, this might not be sufficient for you though. The potential to control your home is an option I will explore more as I evolve my home into a ""smart home"". The voice recognition is very impressive. It is stylish and fun. I have no regrets with this purchase. It is great for technically changes people. Ask it to play a song or a movie and it responds instantly. If you have an elderly loved one, this would be a great gift. Once connected to wifi, it is very simple to use. If you want unlimited music control, be sure to have amazon prime or premium spotify and you will be blown away with your personal dj! You can even have conversations with the echo. I am not embarrassed to say, that echo has made me laugh a couple times when I ask it to tell me a joke. It tells me where my packages are since I am an amazon prime addict, it comes in extremely handy!",1,208,positive,Sound Quality | Voice Recognition | Smart Home Integration | Design and Appearance | Wi-Fi Connectivity,impressed by sound quality | voice recognition impressive | stylish | easy to use | music control | package tracking,"User impressed by sound quality, voice recognition, and design; praises music control and smart home potential."
5,29-Jul-18,Heather Gray Fabric ,Easy to setup. Love all the things she does.,1,209,positive,Setup and Configuration | Alexa Skills and Features,easy to setup | love capabilities,User loves Echo's easy setup and its many capabilities.
5,29-Jul-18,Heather Gray Fabric ,Have Alexa throughout the house----the future has arrived!,1,210,positive,Smart Home Integration,Alexa throughout house | future has arrived,User has multiple Echos throughout home and views the technology as futuristic.
5,29-Jul-18,Charcoal Fabric ,"I already have an Alexa and with Amazon find today I could not resist getting an echo also. It is the best thing I ever did, I use them on each side of the house! And couldn't be happier!",1,211,positive,Alexa Skills and Features,multiple devices per house | couldn't be happier | best thing,Customer is delighted with their Echo purchase and uses multiple units throughout their home.
5,29-Jul-18,Charcoal Fabric ,"Bought this a few weeks ago - everything about this product is excellent !!!!! Don't forget to buy a charger when ordering, it's a must have to take outside by the pool and not have to worry about hiring an electrician to put in outlets all over the yard.",1,213,positive,Battery and Power | Price and Deals,excellent product | charger essential | portable outdoor use,Product quality is excellent; customer recommends purchasing a charger for portable outdoor convenience.
5,29-Jul-18,Charcoal Fabric ,It’s smaller than the original. Looks nicer too.,1,214,positive,Design and Appearance,smaller size | nicer appearance | improved design,Newer model is smaller and more aesthetically pleasing than the original.
5,29-Jul-18,Charcoal Fabric ,"My husband and I are what I would call &#34;late adopters&#34; when it come to technology, but we decide we would try and Echo to serve primarily as a music source. Wow, were we amazed and the great sound! We've also been having a great time listening to all of our favorite songs buy just asking Alexa. I may even buy one for my elderly Dad - I think he will enjoy having one to listen to music or even place his calls to us!",1,215,positive,Sound Quality | Alexa Skills and Features,great sound quality | music source | voice control amazed,Late-adopter customers are amazed by the excellent sound quality and voice-controlled music features.
5,29-Jul-18,Charcoal Fabric ,"I really have enjoyed it. Changing the Directv channels, plays iHeartRadio and Pandora , adjusts the ac thermostat and turns the living room lights and outside lights.",1,216,positive,Smart Home Integration | Alexa Skills and Features,smart home control | media integration | thermostat and lights,"Customer enjoys controlling TV channels, music streaming, thermostat, and lights through Alexa."
5,29-Jul-18,Charcoal Fabric ,I have been wanting one of these for a while now. Bought on Prime Day and absolutely love it.,1,217,positive,Price and Deals,Prime Day purchase | wanted for a while | absolutely love,Customer is very satisfied with their Prime Day Echo purchase after considering it for a long time.
5,29-Jul-18,Charcoal Fabric ,We are so glad that we got the Echo over a Bluetooth speaker. Alexa does so much more stuff than other non smart speakers out there. I personally love the timer feature. It has helped me with cooking multiple things simultaneously. Pandora integration is another feature that I use daily. So happy with out Prime Day purchase. I will get the Echo hub and a few more Echo dots in the future.,1,218,positive,Alexa Skills and Features | Smart Home Integration,superior to Bluetooth speaker | timer feature | Pandora integration | plans future purchases,"Customer is very happy with Echo functionality, praising the timer and music features over basic speakers."
5,29-Jul-18,Charcoal Fabric ,See subject line. Love it,1,219,positive,,love it,Customer loves their Echo.
5,29-Jul-18,Heather Gray Fabric ,"I was hesitant to buy the echo because I have the echo Dot and it seems good enough. The echo is the same except the sound quality, which I really didn't feel I needed. However, I am so glad I got it. What a difference! The sound really is far superior to the Echo Dot! Now I can listen to The Greatest Showman with a little more power!",1,220,positive,Sound Quality,superior sound quality | hesitant initially | far better than Echo Dot,"Despite initial hesitation, customer is impressed by the superior sound quality compared to Echo Dot."
5,29-Jul-18,Sandstone Fabric ,Sound quality is great. Still learning about all the different things I can do with it. FUN!!!,1,221,positive,Sound Quality | Alexa Skills and Features,great sound quality | learning features | fun to use,Customer enjoys great sound quality and is having fun discovering different Alexa capabilities.
5,29-Jul-18,Charcoal Fabric ,Got a good deal and works great with Prime. Setup was a bit of a pain but more the fault of crappy internet service. Has worked great with nice sound from small speaker.,1,222,positive,Price and Deals | Sound Quality | Setup and Configuration,good deal | works great | nice sound | setup difficulty | internet issues,Good deal with great functionality and sound quality despite initial setup challenges.
5,29-Jul-18,Charcoal Fabric ,Works great! Perfect for my office!,1,223,positive,,works great | perfect for office,Works great and is perfect for office use.
5,29-Jul-18,Heather Gray Fabric ,Love it--- have one inside house and one by our pool now . Just as good as Bose speakers around house -,1,224,positive,Sound Quality,love it | multiple locations | Bose comparison | comparable quality,"Excellent speaker comparable to Bose quality, purchased for multiple locations."
5,29-Jul-18,Charcoal Fabric ,We love our Echo! We were totally amazed at the speaker quality. Only bummed we didn’t buy two since we got it on Prime day!,1,226,positive,Sound Quality | Price and Deals | Gift Purchase,love Echo | amazed at speaker quality | Prime day deal | wish bought two,Amazed by speaker quality on Prime day deal; regrets not purchasing two.
5,29-Jul-18,Sandstone Fabric ,Very responsive. Great sound quality for its size.,1,227,positive,Voice Recognition | Sound Quality,very responsive | great sound quality | compact size,Very responsive with great sound quality for its compact size.
5,29-Jul-18,Charcoal Fabric ,It's so efficient and amazing! How COOL! We all use it often every day...,1,228,positive,,efficient | amazing | cool | daily use | family enjoys,Efficient and amazing device used frequently by the entire family.
4,29-Jul-18,Charcoal Fabric ,"I’m impressed with the quality of sound that the Echo has, it’s definitely comparable to my Bose Mini. I only gave 4 stars because I can’t use my Apple Music account.",1,229,mixed,Sound Quality | Alexa Skills and Features,impressed with sound quality | Bose comparison | four stars | Apple Music incompatible,"Excellent sound quality comparable to Bose, but limited by lack of Apple Music support."
5,29-Jul-18,Charcoal Fabric ,Technology in such a small device. The price was good too! The sound is amazing! A must have feature for any home!,1,230,positive,Sound Quality | Price and Deals,small device | good price | amazing sound | must have feature,"Compact device with amazing sound quality at a good price, essential home feature."
5,29-Jul-18,Charcoal Fabric ,Mainly use it for the music but I’m learning more all the time. Really nothing bad to say about it,1,231,positive,Alexa Skills and Features,mainly for music | learning features | nothing bad | continuous discovery,Primarily used for music with nothing negative to report; learning new features.
5,29-Jul-18,Charcoal Fabric ,"I replaced my 1st gen, was concerned about a smaller unit not having the same sound...I was wrong. If anything it's the same volume, and more clear. Good product.",1,232,positive,Sound Quality | Device Reliability,replaced 1st gen | smaller unit | same volume | more clear | good product,Newer compact model matches or exceeds original generation in sound clarity and volume.
5,29-Jul-18,Charcoal Fabric ,Great addition to my Echo Plus!,1,233,positive,Smart Home Integration,great addition | Echo Plus | complementary device,Customer is satisfied with this product as an addition to their Echo Plus.
5,29-Jul-18,Heather Gray Fabric ,Love the feature to play music in every room with multiple Echos.,1,234,positive,Alexa Skills and Features | Smart Home Integration,multi-room music | multiple Echos | loved feature,Customer loves the ability to play music across multiple Echo devices throughout their home.
5,29-Jul-18,Heather Gray Fabric ,I love Alexa! I am surprised how much I use her.,1,235,positive,Alexa Skills and Features,loves Alexa | frequent use | surprised by utility,Customer enjoys Alexa and is surprised by how often they use it.
5,29-Jul-18,Charcoal Fabric ,I use this product for enjoyment and I just love it,1,236,positive,,enjoyment | loves product | satisfied,Customer loves using this product for enjoyment purposes.
5,29-Jul-18,Sandstone Fabric ,Easy to use and has great sound...It was a great purchase at a great price.,1,237,positive,Sound Quality | Price and Deals,easy to use | great sound | great price,"Customer appreciates the easy use, sound quality, and price of this purchase."
5,29-Jul-18,Charcoal Fabric ,Very easy to set up and have no issues.,1,238,positive,Setup and Configuration | Device Reliability,very easy setup | no issues | reliable,Customer found setup straightforward and has experienced no operational problems.
5,29-Jul-18,Charcoal Fabric ,This unit add much pleasure to our Echo Plus. We now can have music and information through our home. (or just in one room),1,239,positive,Smart Home Integration | Alexa Skills and Features,adds pleasure | multi-room capabilities | music and information,Customer is pleased this unit enables whole-home music and information access with their Echo Plus.
4,29-Jul-18,Heather Gray Fabric ,It's extremely useful in simple things like spotify and audible and things like that but sometimes it doesn't answer everything I ask but it's still nice to use.,1,240,mixed,Alexa Skills and Features | Voice Recognition,useful for streaming | doesn't answer everything | still nice to use,Customer finds the device useful for music and audiobooks but notes it sometimes fails to answer questions.
2,29-Jul-18,Charcoal Fabric ,Too difficult to set up. It keeps timing out before you can enter the password,0,241,negative,Setup and Configuration,difficult setup | timing out | password entry problems,Customer struggled with setup due to frequent timeouts during password entry.
5,29-Jul-18,Charcoal Fabric ,"Just getting use to using the Echo. Used it for shopping lists, listening to music and as a timer. Working great so far.",1,242,positive,Alexa Skills and Features | Device Reliability,easy learning curve | shopping lists | music and timers,"Customer is enjoying the Echo for shopping lists, music, and timers with reliable performance."
5,29-Jul-18,Heather Gray Fabric ,Very cool and lots of fun! Used for a week and still learning its capabilities.,1,243,positive,Alexa Skills and Features,very cool | lots of fun | learning capabilities,User enjoys the device and is still discovering its capabilities after a week.
5,29-Jul-18,Heather Gray Fabric ,"Love it, love it!!!!!!!!",1,244,positive,,love it | enthusiastic,User expresses strong satisfaction with the device.
5,29-Jul-18,Heather Gray Fabric ,Love it but having a hard time setting up all the apps,1,245,mixed,Setup and Configuration,love it | hard time setting up | apps,User loves the device but struggles with app setup and configuration.
5,29-Jul-18,Charcoal Fabric ,I use it in my office and another at my apartment for music and information,1,246,positive,Alexa Skills and Features,office | apartment | music | information,User finds the device useful for music and information in multiple locations.
4,29-Jul-18,Sandstone Fabric ,"it's great for music, a little hard to figure out how it works.",1,247,mixed,Sound Quality | Setup and Configuration,great for music | hard to figure out,Device is good for music but has a steep learning curve for operation.
5,29-Jul-18,Charcoal Fabric ,"This was given to my 7 year at the time as a birthday gift from his dad. He loves it, ask Alexa anything she has the answer, plus it’s good for homework. So I purchased one on prime day for my bathroom for when I’m getting ready for work. I listen to music at 4am and the base it’s metro booming.. Replacement for my clock radio, plus I have the echo dot on my night stand as my alarm clock..",1,248,positive,Gift Purchase | Sound Quality | Alexa Skills and Features,birthday gift | homework help | great sound quality | alarm clock,"User loves the device for homework, music, and as a clock replacement with impressive bass."
5,29-Jul-18,Sandstone Fabric ,"Very impressed with look, clarity of sound and color.",1,249,positive,Design and Appearance | Sound Quality,impressive look | clarity of sound | color,"User is impressed by the device's appearance, sound clarity, and color."
5,29-Jul-18,Charcoal Fabric ,Alexa is amazing! Great speaker.,1,250,positive,Alexa Skills and Features | Sound Quality,amazing Alexa | great speaker,User praises Alexa and the device's speaker quality.
5,29-Jul-18,Sandstone Fabric ,"Still getting used to Alexa, don't have her connected to our TV yet or other things right now use her for music and information, which she is great!!",1,251,positive,Alexa Skills and Features | Smart Home Integration,getting used to Alexa | music | information | TV connectivity,"User finds Alexa great for music and information, still exploring TV integration."
5,29-Jul-18,Charcoal Fabric ,"Works and sounds great! My house is barely 1100sf, and I have this sitting on my kitchen counter. I can hear it, and speak to it from any room. Lots of functionality still to discover.",1,252,positive,Sound Quality | Voice Recognition | Alexa Skills and Features,sounds great | good range | lots of functionality,Device works well with excellent sound quality and voice range throughout the home.
5,29-Jul-18,Charcoal Fabric ,"I have had pure fun with my echo. Weather, jokes, news briefing, and music but still so much more to use it for. A lot of fun for the money.",1,253,positive,Alexa Skills and Features | Price and Deals,"weather, jokes, news briefing | music | fun for the money","Echo provides excellent entertainment and value with weather, news, jokes, and music features."
5,29-Jul-18,Charcoal Fabric ,Use this all the time and especially to communicate with kids throughout the home,1,254,positive,Alexa Skills and Features,communicate with kids | throughout the home | all the time,Frequently used for easy communication between family members throughout the house.
5,29-Jul-18,Charcoal Fabric ,"Love it, still learning, makes a lot of things easier, like if you forget to turn a light off and your in another room all you do is ask Alexa to turn the light off.",1,255,positive,Smart Home Integration | Alexa Skills and Features,makes things easier | turn lights off remotely | still learning,Simplifies home control like remotely turning off lights and offers many features.
5,29-Jul-18,Heather Gray Fabric ,Bought this for my daughter when she turned 9. She loves it!! I especially like the calling feature since she doesn’t have a cell phone. She loves playing music and dancing and with Amazon music she can play all her favorite songs ...... sometimes over and over and over again lol!,1,256,positive,Alexa Skills and Features | Gift Purchase,daughter loves it | calling feature | music and dancing,Gift for nine-year-old daughter who loves the calling feature and music playback.
5,29-Jul-18,Charcoal Fabric ,We got this as a wedding gift and haven’t discovered all of its features yet. Will update. Playing music is great though!,1,257,positive,Alexa Skills and Features | Gift Purchase,wedding gift | playing music | many features,Wedding gift appreciated for great music playing with many undiscovered features.
5,29-Jul-18,Charcoal Fabric ,I am impressed with the sound quality.,1,258,positive,Sound Quality,impressed | sound quality,Impressed by the Echo's sound quality.
5,29-Jul-18,Charcoal Fabric ,"Very pleased with my purchase of Echo Smart Speaker - love the fact that I can play music of different genre's whenever I want.Had some trouble at first with the WI FI, but it is now working.",1,259,mixed,Sound Quality | Wi-Fi Connectivity | Alexa Skills and Features,music of different genres | Wi-Fi trouble initially | now working,Enjoys music variety and sound quality but experienced initial Wi-Fi connectivity issues.
5,29-Jul-18,Charcoal Fabric ,"My wife & I enjoy the ease of playing our music. The games are fun & entertaining, I look forward to adding more smart products to my home.",1,260,positive,Alexa Skills and Features | Smart Home Integration,ease of playing music | games fun and entertaining | add smart products,"Couple enjoys easy music playback and games, planning to add more smart home devices."
5,29-Jul-18,Sandstone Fabric ,"This is my second Echo and I love how it helps me in the kitchen. I can set timers, listen to the news, prepare grocery lists, and get great music.",1,261,positive,Alexa Skills and Features,"second Echo | kitchen help | timers, news, groceries, music","Second Echo helps in kitchen with timers, news, grocery lists, and music."
4,29-Jul-18,Sandstone Fabric ,The sound quality is good just wish alexa could answer more questions,1,262,mixed,Sound Quality | Alexa Skills and Features,good sound quality | Alexa limited question answering | wish it could answer more,Sound quality is good but Alexa lacks capability to answer more types of questions.
5,29-Jul-18,Heather Gray Fabric ,"This is my second Echo, I have the Dot but the speaker is weak so I purchased this and for listening to music the speaker is great.",1,263,positive,Sound Quality,great speaker | music listening | upgraded from Dot,Strong speaker quality makes this a good upgrade from the Echo Dot for music.
4,29-Jul-18,Charcoal Fabric ,We really only use this as a speaker to stream music. We’ve had it 7 months and it’s just kinda useless.,1,264,negative,Alexa Skills and Features,useless after seven months | music streaming only | limited value,Device became essentially useless after seven months of use as a music speaker.
5,29-Jul-18,Heather Gray Fabric ,"Once set up very user friendly. Set-up wasn't as user friendly as I'd hoped.. The alexa app should be able to download to a pc without installing [invasive ] drivers. My wife and I are both retired and she wouldn't have been able to install Alexa, but if my son wasn't supplying her with a smart phone we wouldn't be using Alexa yet.",1,265,mixed,Setup and Configuration,user friendly after setup | difficult initial setup | invasive drivers | smartphone requirement,"Setup is complicated and requires smartphone and drivers, but device is user-friendly once configured."
5,29-Jul-18,Charcoal Fabric ,Very easy set up. Really enjoying it,1,266,positive,Setup and Configuration,easy setup | enjoying the device,Easy setup process and user is enjoying the device.
3,29-Jul-18,Heather Gray Fabric ,"The echo doesn’t come with a built in battery so it has to be plugged in at all times to use it, makes it quite inconvenient.",1,267,negative,Battery and Power,no built-in battery | requires constant plugging in | inconvenient,"Device lacks built-in battery and must be plugged in constantly, making it inconvenient."
5,29-Jul-18,Charcoal Fabric ,more compact and a bit better than the original,1,268,positive,Design and Appearance,compact design | improved over original,More compact and improved design compared to the original model.
5,29-Jul-18,Charcoal Fabric ,I love it pretty cool.,1,269,positive,,love it | cool product,User loves the product and finds it cool.
5,29-Jul-18,Charcoal Fabric ,I having it in my living room. Music sounds really good in my living room . I can hear it upstairs.,1,270,positive,Sound Quality,good music sound | audible upstairs | living room placement,Music sounds good with sound reaching multiple rooms.
5,29-Jul-18,Heather Gray Fabric ,This is a great product! Set up was easy. Sound is wonderful.,1,271,positive,Setup and Configuration | Sound Quality,great product | easy setup | wonderful sound,Great product with easy setup and excellent sound quality.
4,28-Jul-18,Charcoal Fabric ,"So far I like it. I bought it just for some music though, and it sounds pretty good.",1,272,positive,Sound Quality,good music sound | pretty good quality,Good sound quality for music listening purposes.
5,28-Jul-18,Heather Gray Fabric ,"Like, all types of fun,music, and more",1,273,positive,Alexa Skills and Features,fun | music | entertainment,Device offers enjoyable entertainment and music options.
5,28-Jul-18,Heather Gray Fabric ,I like the volume up and down on the top so I can turn it down quickly.,1,274,positive,Design and Appearance,volume controls | top placement | quick adjustment,Top-mounted volume buttons enable convenient quick adjustments.
3,28-Jul-18,Charcoal Fabric ,Beyond my capabilities to program. Grandkids lve it,1,275,mixed,Setup and Configuration | Alexa Skills and Features,difficult programming | grandkids enjoy | complex for user,Complex setup challenges offset by grandchildren's enjoyment of features.
5,28-Jul-18,Heather Gray Fabric ,"I love my new echo. It gives me hours of music and help with other things.It was difficult for me to set it up, I had to have help from a Tekkie",1,276,mixed,Alexa Skills and Features | Setup and Configuration,music hours | helpful assistant | difficult setup | required help,Loves music and features but needed technical help to set up.
5,28-Jul-18,Charcoal Fabric ,Almost as good as my Bose. Love the whole house music.,1,277,positive,Sound Quality | Smart Home Integration,comparable to Bose | whole house music | quality sound,Delivers sound quality comparable to Bose with whole-house music capability.
1,28-Jul-18,Charcoal Fabric ,Alexa hardly came on..,0,278,negative,Voice Recognition,Alexa not responding | activation issues,Alexa voice recognition is unreliable and rarely activates.
5,28-Jul-18,Charcoal Fabric ,"Easy setup using the app, which was also easy to install on my phone. The sound quality while for listening to music on Pandora is wonderful!!",1,279,positive,Setup and Configuration | Sound Quality | Video and Streaming,easy app setup | wonderful sound quality | Pandora streaming,Simple app-based setup and excellent music streaming sound quality.
5,28-Jul-18,Charcoal Fabric ,"I’m still learning how to use the Echo, but so far I love it!",1,280,positive,Alexa Skills and Features,learning curve | loving it | still exploring,Enjoying device while continuing to learn its capabilities.
5,28-Jul-18,Charcoal Fabric ,From such a small speaker it sounds great,1,281,positive,Sound Quality | Design and Appearance,compact size | great sound | impressive audio,Delivers impressive sound quality despite small speaker size.
5,28-Jul-18,Charcoal Fabric ,Great sound for the size and the prize!! And of course....Alexa!,1,282,positive,Sound Quality | Price and Deals,great sound | good value | Alexa integration,Excellent sound quality and pricing combined with Alexa functionality.
5,28-Jul-18,Charcoal Fabric ,if you don't have an Echo you definitely need one,1,283,positive,,strongly recommends Echo | essential device,Reviewer strongly recommends purchasing an Echo device.
5,28-Jul-18,Charcoal Fabric ,Great device. Seems to work better than the 1st generation!,1,284,positive,Device Reliability,works better than generation 1 | great device,Device works great and performs better than the first generation.
1,31-Jul-18,Black,Item no longer works after just 5 months of use. Will not connect to wifi and unresponsive to reset requests.,0,285,negative,Device Reliability | Wi-Fi Connectivity,stopped working after 5 months | won't connect to wifi | unresponsive to reset,Device failed after five months and cannot reconnect to WiFi.
5,30-Jul-18,Black,I love the Echo Dot. So easy. So fun. I get to drop in on my Grandaughter who lives about 2000 miles away. Sounds like she is right next to me.,1,286,positive,Sound Quality | Alexa Skills and Features,drop-in feature | clear sound quality | connects with grandchild,Echo Dot enables clear long-distance communication with family members.
5,30-Jul-18,Black,Works great no different than the new ones,1,287,positive,Device Reliability,works great | matches new models | reliable performance,Device performs as well as newer Echo models.
5,30-Jul-18,Black,This one's going in the kitchen for timer/music duty.,1,288,positive,Alexa Skills and Features,kitchen placement | timer function | music playback,Suitable for kitchen use with timer and music functionality.
4,30-Jul-18,White,"Love it but the volume could definitely use a boost. If it had better built in speaker's, would definitively be a 5 star. They thought ahead and put an audio auxiliary input, so I bought a dedicated speaker for the Echo. Proved to be best way to go.",1,289,mixed,Sound Quality | Alexa Skills and Features,low volume | weak built-in speakers | audio auxiliary input helpful,Loves device but recommends external speaker due to insufficient built-in volume.
5,30-Jul-18,Black,Works great! Looks brand new! Love my new echo dot. I will be getting them for all the main rooms in the house.,1,290,positive,Refurbished Condition | Design and Appearance,looks brand new | works great | planning to buy multiple units,Refurbished device looks and works like new; buyer plans additional purchases.
4,30-Jul-18,Black,"For a refurbished item.. It works like its new... Which I love... Easy set up, which I love. The only issue is the volume, if you are listening while relaxing its fine, but if you are expecting to do anything else, I recommend purchasing a speaker.",1,291,mixed,Refurbished Condition | Sound Quality | Setup and Configuration,works like new | easy setup | low volume issue | external speaker recommended,"Refurbished unit works perfectly with easy setup, but volume is too low."
5,29-Jul-18,White,This is our 2nd one and we love it!,1,292,positive,,repeat purchase | satisfied customer | loves the device,Satisfied repeat customer who loves their second Echo Dot.
4,29-Jul-18,White,"So i am not sure how i feel about the echo dot, it's so many things that i need to get used to you have to ask her the right questions or she won't understand you.",1,293,mixed,Voice Recognition | Alexa Skills and Features,learning curve | voice recognition issues | requires specific questions,Echo Dot requires adjustment to voice commands and proper phrasing to function effectively.
1,29-Jul-18,Black,This thing barely works. You have to select 3rd party apps to do stuff you'd think it could do out of the box. I'm sending mine back asap. Waste of money.,0,294,negative,Alexa Skills and Features,limited functionality | requires third-party apps | waste of money,Device lacks out-of-box functionality and requires third-party apps for basic tasks.
3,29-Jul-18,Black,Gift for my man. He doesn’t like that you have to plug it in and the pictures do not show the cord. Would prefer it cordless. Still works though for the purpose we bought it.,1,295,mixed,Battery and Power | Design and Appearance | Gift Purchase,requires plug-in | misleading product pictures | cordless preference,Gift works but lacks cordless option and product photos don't show the power cord requirement.
5,28-Jul-18,Black,"This is our 5th Amazon Echo device. We have purchased refurbished before and been satisfied, this time is no different. You can't tell this from brand new, and the price was $10 cheaper. Our Echo's wake us up, keep timers, play music for us, act as encyclopedias, turn our lights on and off and so much more.",1,296,positive,Refurbished Condition | Alexa Skills and Features | Price and Deals | Smart Home Integration,refurbished satisfaction | indistinguishable from new | smart home control | good value,Refurbished Echo device performs like new at a lower price with excellent smart home capabilities.
5,28-Jul-18,White,"This small echo dot is amazing the sounds that come out are great.it changes my nest thermostat,and my Phillips hue lights.without leaving my chair.",1,297,positive,Sound Quality | Smart Home Integration | Alexa Skills and Features,great sound quality | thermostat control | smart light control | convenience,Echo Dot delivers excellent sound and seamlessly controls smart home devices from anywhere.
5,28-Jul-18,White,We talk to her all the time for songs and just because we can . There aren’t dislikes about this device.,1,298,positive,Alexa Skills and Features | Device Reliability,music playback | frequent use | no complaints | reliable,Device performs reliably for music and general use with no noted issues.
5,28-Jul-18,Black,I’m never disappointed with amazons technology.,1,299,positive,Device Reliability,amazon technology | consistent satisfaction,Customer consistently satisfied with Amazon's Echo technology.
1,28-Jul-18,Black,I returned 2 Echo Dots & am only getting refund for 1. I returned 2 in one package. I want my refunds for both of them. They are in the same package. Can you not see them both???!!!,0,300,negative,Warranty and Support,refund issue | returned two devices | missing refund | poor processing,Customer returned two Echo Dots in one package but only received refund for one.
3,27-Jul-18,Black,Has weird pauses in her speech pattern that are not present in my other echo devices.,1,301,negative,Voice Recognition | Sound Quality,speech pattern issues | unnatural pauses | inconsistent with other devices,Device exhibits unusual pauses in speech unlike other Echo models.
5,27-Jul-18,Black,I sure love Alexa! LOL! Thank you! Great price and product!,1,302,positive,Price and Deals,alexa satisfaction | great price | quality product,Customer loves Alexa and appreciates the product quality at competitive pricing.
1,27-Jul-18,Black,I'm an Echo fan but this one did not work,0,303,negative,Device Reliability,Echo fan | did not work | failure,"Despite being an Echo fan, this device failed to work."
5,26-Jul-18,White,Bought for my bathroom to listen when I'm in the shower. Love it.,1,304,positive,Sound Quality,bathroom use | shower listening | love it,Customer loves using this Echo in the bathroom for shower listening.
2,26-Jul-18,Black,Doesn't always respond when spoken to with promp word. I thought it would connect to my echo upstairs and use it like an intercom haven't been able to do that.,0,305,negative,Voice Recognition | Smart Home Integration,doesn't respond reliably | wake word issues | intercom feature failed,Device fails to respond consistently to wake word and intercom integration doesn't work.
5,26-Jul-18,Black,Fast shipping and works well,1,306,positive,Device Reliability,fast shipping | works well,Fast shipping and reliable device performance.
5,26-Jul-18,White,LOVE LOVE LOVE my new and free assistant! :),1,307,positive,Gift Purchase,love | new | free assistant,Customer loves their new free Echo assistant.
5,25-Jul-18,Black,"Six words, &#34;Alexa, tell me a poop joke.&#34;",1,308,positive,Alexa Skills and Features,Alexa skills | joke capability,Customer appreciates Alexa's ability to tell jokes.
1,25-Jul-18,White,It worked for a month or so then it stopped. I've tried everything to try and make it work but nothing is working. I want a refund,0,309,negative,Device Reliability | Warranty and Support,stopped working | troubleshooting failed | refund requested,Device stopped working after one month despite troubleshooting attempts; customer wants refund.
2,25-Jul-18,Black,Poor quality. Gave it away.,0,310,negative,Device Reliability,poor quality | gave away,Poor quality device that customer gave away.
4,25-Jul-18,Black,Refurbished is the way to go. My Echo works just like new.,1,311,positive,Refurbished Condition,refurbished | works like new | quality,Refurbished Echo performs as well as a new device.
5,25-Jul-18,White,We have five of them. Need I say more?,1,312,positive,,owns five | satisfied | reliability,Customer owns five Echo devices and is satisfied enough to keep buying.
3,24-Jul-18,Black,The speakers arent too loud.. alexa is great though. Besides that naw,1,313,mixed,Sound Quality | Alexa Skills and Features,speakers not loud enough | alexa works great | limited sound output,Alexa functions well but speaker volume is disappointing.
5,24-Jul-18,Black,It works great and sounds good!,1,314,positive,Sound Quality | Device Reliability,works great | sounds good,Device performs well with good sound quality.
1,24-Jul-18,Black,"Never could get it to work. A techie friend looked at it for me and said the adapter wasn't strong enough to power it and that it looked like it had been bought at a dollar store. So, I am going to replace the adapter and hope it works then.",0,315,negative,Battery and Power | Device Reliability | Refurbished Condition,adapter not strong enough | dollar store quality | won't power on,Device won't work due to weak adapter and poor build quality.
5,24-Jul-18,Black,Almost like having Star Trek in your home! Fun to try and outsmart !,1,316,positive,Alexa Skills and Features,Star Trek experience | fun to use | interactive,Device provides an engaging and entertaining experience.
5,23-Jul-18,White,"This was an add on for my echo system, the refurbished product works like new!",1,317,positive,Refurbished Condition | Device Reliability,refurbished works like new | add-on for echo system | excellent condition,Refurbished product functions like new without any issues.
5,23-Jul-18,Black,"Great for my office. I use this daily in many ways, to include spelling for me and background music.",1,318,positive,Alexa Skills and Features | Sound Quality,daily use | spelling assistance | background music,Device is useful for multiple daily tasks including music and spelling help.
5,23-Jul-18,Black,Awesome. I love Alexa.,1,319,positive,Alexa Skills and Features,love Alexa | awesome,Customer is very satisfied with Alexa functionality.
5,22-Jul-18,White,"I wasn't sure I really wanted one of these, but now that I have it, it is extremely useful. Get one, you'll love it!",1,320,positive,Alexa Skills and Features | Device Reliability,extremely useful | exceeded expectations | worth buying,Device proved more useful than expected after purchase.
2,22-Jul-18,White,"Initially, this echo dot worked very well. Over time, the dot stopped responding to 'alexa' unless you were within one foot of it yelling. The other echos/echo dots in other rooms would respond without a response from this echo dot. Would not recommend buying refurbished.",0,321,negative,Voice Recognition | Refurbished Condition | Device Reliability,stopped responding to voice | limited range | refurbished quality concerns | degraded over time,Refurbished device lost voice recognition capability and developed range issues over time.
5,21-Jul-18,Black,Great Product fast shipping,1,322,positive,Price and Deals,great product | fast shipping,Product quality is excellent with quick delivery.
1,20-Jul-18,Black,"I bought an echo dot that had been refurbished but its stops whatever function its performing quite often, doesn't wake up every time, randomly turns on but does nothing. Do not buy a refurbished Echo dot.",0,323,negative,Device Reliability | Refurbished Condition,frequent malfunctions | won't wake up | random activation | refurbished quality issues,"Refurbished Echo Dot frequently malfunctions, fails to wake, and randomly activates without function."
5,19-Jul-18,White,Perfect works great no problems with it being refurbished.,1,324,positive,Refurbished Condition,works great | no problems | refurbished,Refurbished Echo Dot works perfectly with no issues.
5,18-Jul-18,Black,Perfect condition! I love my echo,1,325,positive,,perfect condition | love it,Echo Dot is in perfect condition and loved by the user.
5,18-Jul-18,Black,Love it. Beautiful experience especially if hooked to smart lighting and other accessories.,1,326,positive,Smart Home Integration,beautiful experience | smart lighting integration | accessories compatibility,"Echo Dot offers beautiful experience, especially when integrated with smart home devices."
5,18-Jul-18,Black,"We just got this within the last couple of weeks, from what we can tell no issues! My son wanted and &#34;alexa&#34; for his 6th birthday so she could tell him jokes, he could ask her questions and to listen to music she does all of that and more. We all enjoy this one so much that I just bought a second one this week during Prime Deals Day!",1,327,positive,Alexa Skills and Features | Gift Purchase,tells jokes | answers questions | plays music | birthday gift | purchased second unit,"Echo Dot is perfect for children, telling jokes and answering questions; user purchased a second unit."
5,18-Jul-18,White,Great product and works great,1,328,positive,,great product | works great,Echo Dot is a great product that works reliably.
5,17-Jul-18,Black,"Bought this for the guest room. It's a radio, alarm clock, information​ center and so much more.",1,329,positive,Alexa Skills and Features,radio | alarm clock | information center | multifunctional,"Echo Dot serves as radio, alarm clock, information center, and much more."
5,17-Jul-18,Black,Great buy. Bought this to go with my Echo and love it. The speaker isn’t the best for music but works great in a kitchen for timers or alarms.,1,330,positive,Sound Quality,works great | kitchen use | timers and alarms | speaker limitations,Echo Dot works well for timers and alarms in kitchens despite average music sound quality.
5,16-Jul-18,Black,Works perfect. Save a few bucks and buy the refurbished. Looks brand new.,1,331,positive,Refurbished Condition | Price and Deals,works perfect | cost savings | looks brand new | refurbished value,Refurbished Echo Dot works perfectly and looks brand new while saving money.
5,16-Jul-18,White,Looks and works perfect. Glad I got a good deal.,1,332,positive,Price and Deals,looks perfect | works perfect | good deal,Echo Dot looks and works perfectly; user got a good deal.
5,15-Jul-18,White,Just as good as the new one I bought but $10.00 less.,1,333,positive,Price and Deals,good value | cheaper than new | same quality,Refurbished unit performs as well as new model but costs less.
5,15-Jul-18,Black,I love it works very well,1,334,positive,Device Reliability,works very well | love it,Device works very well and customer is satisfied.
5,13-Jul-18,Black,Good price. Prompt shipping. Has been working flawlessly.,1,335,positive,Price and Deals | Device Reliability,good price | prompt shipping | flawless operation,"Good pricing, fast shipping, and flawless performance."
4,13-Jul-18,Black,"There's room for improvement on this. For the price, I cannot complain too much. I can still complain however, the audio is terrible. This is kind of like listening to a speak-n-spell from the 80s.",1,336,negative,Sound Quality | Price and Deals,terrible audio | speak-n-spell quality | room for improvement,Audio quality is poor and sounds like outdated technology.
5,13-Jul-18,Black,Iove it I bought it for my son because he wanted it and it’s awesome,1,337,positive,Gift Purchase,awesome | son wanted it | love it,Son is pleased with this gift purchase.
5,13-Jul-18,White,"It's an echo, and it works. For the price it's great deal. Have had no issues with it. As with all dots, the speaker is a bit tinny, but good for a second unit, or if you are like me, you can attach it to an external speaker for more sound.Good buy",1,338,positive,Sound Quality | Price and Deals | Device Reliability,great deal | no issues | tinny speaker | second unit,"Great value with reliable performance, though speaker is somewhat tinny."
1,13-Jul-18,Black,I wanted to use these as a radio and intercom as we get terrible fm reception where i live. The speech recognition software is horrible. My wife and i both are native Americans whose language is English she is from the north i am from Texas neither have an accent from our birth area and yet it does not do a good job understanding us. We bought two they do the same thing. Additionally wifi reception was poor to marginal. I had to buy Wifi range extender for office and the other is ten feet from our router. Both had problems Switched them around no difference. So it they are now disconnected dust collectors.,0,339,negative,Voice Recognition | Wi-Fi Connectivity | Device Reliability,poor speech recognition | wifi reception issues | doesn't understand speech,Voice recognition fails and Wi-Fi connectivity is unreliable.
5,12-Jul-18,Black,This is my third Dot. They all work perfectly and I use each one multiple times a day. Absolutely love them.,1,340,positive,Device Reliability,third Dot | work perfectly | use multiple times daily,All three units work perfectly and are used frequently.
1,12-Jul-18,Black,Item has never worked. Out of box it is broken. Spent several days trying to get it working and running same &#34;fixes&#34; from Amazon. The only thing accomplished is I will never order another refurbished device.,0,341,negative,Refurbished Condition | Device Reliability | Warranty and Support,broken out of box | never worked | refurbished device failed,Refurbished device arrived non-functional and support could not fix it.
5,11-Jul-18,Black,I already have the echo plus. Bought this one for my bedroom. Love the functions.,1,342,positive,Alexa Skills and Features,love functions | bedroom use | second device,Customer loves the features and is satisfied with bedroom placement.
5,11-Jul-18,Black,Simple set up. Music everywhere.,1,343,positive,Setup and Configuration | Alexa Skills and Features,simple setup | music everywhere | easy to use,Easy setup enables music access throughout the home.
5,11-Jul-18,Black,Worked just like a brand new Dot ---so I am very satisfied.,1,344,positive,Refurbished Condition | Device Reliability,works like brand new | very satisfied | refurbished,Refurbished unit performs identically to a brand new Dot.
1,11-Jul-18,Black,Great product but returning for new Alexa Dot. Refurbished is already giving me problems with connection.,0,345,negative,Refurbished Condition | Wi-Fi Connectivity | Device Reliability,connection problems | refurbished issues | returning,Refurbished unit has connection problems requiring return.
5,10-Jul-18,White,We have a few echos already. Went for this one in refurbished to save a few bucks. It works great. I love this new generation one because it has a rubber bottom - nice.,1,346,positive,Price and Deals | Refurbished Condition | Design and Appearance,refurbished savings | works great | rubber bottom design,Refurbished model saves money and includes improved rubber base design.
5,10-Jul-18,Black,"I love the fact, that I can unplug it, and take it to my basement when I want do laundry.",1,347,positive,Battery and Power | Design and Appearance,portable | unpluggable | take anywhere,Portability allows device to be moved to different rooms easily.
5,10-Jul-18,Black,Refurbished but just as good as the new ones that I've bought.,1,348,positive,Refurbished Condition | Device Reliability,refurbished quality | good as new | satisfied,Refurbished unit matches the quality of newly purchased devices.
5,9-Jul-18,Black,Granddaughter loves it,1,349,positive,Gift Purchase,granddaughter loves it | gift | happy recipient,Gift recipient is very pleased with the device.
4,9-Jul-18,Black,"The price is great. Was having trouble with it hearing me from across a room, but after moving it to another spot, it seems to be working fine. Will buy some more. Want 1 in every room.",1,350,mixed,Voice Recognition | Price and Deals,great price | hearing issues | works fine after repositioning,Good price but initially had voice recognition issues resolved by relocation.
5,9-Jul-18,Black,We have set up alexa to blue tooth speakers and enjoy listening to music outdoors. Can't wait to try more new stuff using Alexa!,1,351,positive,Alexa Skills and Features | Video and Streaming,bluetooth speakers | outdoor music | excited for more features,Successfully uses Bluetooth speakers outdoors and eager to explore more features.
1,9-Jul-18,Black,"&#34;NEVER BUY CERTIFIED AND REFURBISHED ECHO DOT &#34; I bought a &#34;Certified and Refurbished &#34; Echo Dot. This unit is very poor in receiving command and sometimes it does not even acknowledge the command. Never buy a refurbished Echo dot. The unit I received was probably never was certified and refurbished as indicated. I also bought a new ECHO dot, it works perfectly.Very disappointed !!!!",0,352,negative,Refurbished Condition | Voice Recognition | Device Reliability,poor command reception | refurbished problems | not certified | new unit better,Refurbished unit poorly recognizes commands compared to new replacement.
5,8-Jul-18,Black,Started here with Amazon productsAnd I regret nothing is been absolutely great journey and my products continue to improve my day-to-day life,1,353,positive,,great journey | products improve daily life | Amazon products,Customer expresses satisfaction with Amazon products and their positive impact on daily life.
5,8-Jul-18,Black,Have now used for several months without problem.,1,354,positive,Device Reliability,used several months | without problem,Device has performed reliably over several months of use.
5,7-Jul-18,Black,This is my first smart device and I will surely be buying other devices that will be compatible with this one.,1,355,positive,Smart Home Integration,first smart device | compatible devices | future purchases,"First smart device experience is positive, customer plans to buy compatible devices."
5,7-Jul-18,Black,Love it just as good as a new one,1,356,positive,Refurbished Condition,refurbished quality | good as new,Refurbished product quality matches expectations of a new device.
5,7-Jul-18,Black,Have had an larger echo for some time and love it. Bought this one for another portion of the house since we have several wifi home devices and we wanted to voice control them from all over the house.,1,357,positive,Smart Home Integration | Voice Recognition,larger echo | voice control | multiple wifi devices,Customer uses device for voice control of multiple smart home devices throughout house.
4,7-Jul-18,White,Love the product. Use to turn on my lights and answer some quick questions.,1,358,positive,Alexa Skills and Features | Smart Home Integration,turn on lights | answer questions | Alexa features,Device effectively controls smart lights and answers questions.
5,6-Jul-18,Black,Was Leary about refurbished but work great.,1,359,positive,Refurbished Condition | Device Reliability,refurbished concerns | works great | quality,Refurbished device performs reliably despite initial hesitation about condition.
4,5-Jul-18,White,"Very puny sound, but works great.",1,360,mixed,Sound Quality | Device Reliability,puny sound | works great | audio quality,Device functions well but has limited sound output quality.
5,5-Jul-18,Black,"Exactly like new, can tell the difference from my new dot I got prior to this one, works perfectly. LOVE Alexa",1,361,positive,Refurbished Condition | Alexa Skills and Features,like new | refurbished quality | Alexa | indistinguishable,"Refurbished device is indistinguishable from new, Alexa features loved."
5,5-Jul-18,Black,Works perfect no wear and tear on the device I love Alexa working on making my home smart 😂,1,362,positive,Refurbished Condition | Smart Home Integration | Device Reliability,no wear and tear | works perfect | smart home | Alexa,Refurbished device shows no signs of wear and works perfectly for smart home control.
4,5-Jul-18,Black,The only thing I don't like is it shuts off by itself other than that it works great,1,363,mixed,Device Reliability,shuts off by itself | works great | reliability issue,Device functions well overall but unexpectedly powers down on its own.
5,4-Jul-18,Black,"Excellent product, mint condition for a refurbished unit - you would never know it's been refurbished!",1,364,positive,Refurbished Condition,mint condition | refurbished | looks new,"Refurbished unit arrived in excellent condition, indistinguishable from new."
4,4-Jul-18,White,"Already owning a couple of Echos, I was frustrated that I couldn’t also use them as intercoms. Finally Amazon enables the “drop-in” feature so now I can use my Echos to reach out to family in remote parts of the house (and teenagers who insist they never heard me yelling at them to come down to dinner).As for its other features, we mainly use our Echos for the standard stuff: playing music, setting alarms, answering questions, etc. It's not the life-changing home device Amazon would have you believe, but it is convenient to have around. This refurb saved me a few bucks, looks and works the same as the other brand-new ones.",1,365,positive,Alexa Skills and Features | Smart Home Integration | Refurbished Condition,drop-in feature | intercom capability | smart home control | good value refurb,Drop-in intercom feature works well; device is convenient despite modest claims about life-changing functionality.
5,3-Jul-18,Black,Love it was worried about the refurbished part at first but this being my first echo. It is awesome have used it for everything my lights since I work nights and shopping as well as for my spotify. And planning on getting it for my parents to help them out for everyday things we take for granted when we are young... I would recommend this to everyone!!!!,1,366,positive,Smart Home Integration | Refurbished Condition | Alexa Skills and Features,lighting control | music streaming | shopping lists | refurbished worry,"Excellent refurbished unit handles smart home control, music, and shopping with great performance."
5,3-Jul-18,Black,Love Alexa hope have her in every room soon.,1,367,positive,Alexa Skills and Features,love Alexa | multi-room setup | wants more,Customer loves Alexa and plans to add units to every room.
5,3-Jul-18,White,The simplicity of use and setting up.,1,368,positive,Setup and Configuration,simple setup | easy to use | straightforward,Device impresses with straightforward setup and intuitive operation.
5,2-Jul-18,Black,This is great! Got one for my Gazebo and one upstairs.,1,369,positive,,works great | outdoor use | multiple locations,Customer purchased multiple units and finds them great for different areas.
5,2-Jul-18,White,"Works great, never had any issues.",1,370,positive,Device Reliability,works great | no issues | reliable,Device operates reliably with no problems encountered.
4,2-Jul-18,Black,Does everything I have asked it.,1,371,positive,Alexa Skills and Features,fulfills requests | meets expectations | capable,Device successfully performs all requested tasks.
4,2-Jul-18,Black,Works great ..good sound,1,372,positive,Sound Quality,works great | good sound quality | reliable,Device works well with satisfactory sound quality.
4,2-Jul-18,Black,"I use this Echo to listen to music as well as a sort-of research tool. It can answer a variety of questions. I would like if the volume could go just a little bit louder, but I can't complain.I also believe it should have an internal power source. In order to use the Echo, it must be plugged in at all times using the universal charging cord. It would be nice to use the Echo Dot on the go without having to buy the other product.",1,373,mixed,Alexa Skills and Features | Sound Quality | Battery and Power,volume could be louder | research tool | requires constant power | no portable battery,Useful for music and research but needs louder volume and internal battery for portability.
5,2-Jul-18,White,outstanding I use all the time....works just like they say,1,374,positive,Device Reliability | Alexa Skills and Features,works as advertised | use all the time | outstanding,Reliable device that works exactly as advertised and gets frequent use.
5,2-Jul-18,White,"saving $10 is always nice and my son always says that buying refurbished means your are getting a new device or product for less, because it has been run through a diagnostics again and everything has been corrected.",1,375,positive,Refurbished Condition | Price and Deals,saving money | refurbished quality | diagnostics performed | good value,Refurbished device offers good savings and maintains quality after diagnostics.
5,1-Jul-18,Black,"Works perfectly, Alexa turns on and off my lights, my tv, roomba!",1,376,positive,Smart Home Integration | Device Reliability,works perfectly | controls lights | controls TV | Roomba integration,"Reliably controls smart home devices including lights, TV, and Roomba."
5,1-Jul-18,Black,Never would know it was refurbished.,1,377,positive,Refurbished Condition,indistinguishable from new | refurbished quality | condition,Refurbished unit appears and functions identically to a new device.
5,1-Jul-18,Black,Looks and performs as new. No complaints!,1,378,positive,Refurbished Condition | Design and Appearance | Device Reliability,looks new | performs as new | no complaints | condition,Looks and performs like new with no quality issues.
4,1-Jul-18,Black,goes great with our echo,1,379,positive,Smart Home Integration,compatible with Echo | works well together,Compatible device works well alongside existing Echo product.
5,1-Jul-18,Black,Works great just like the new one that i already had.,1,380,positive,Refurbished Condition | Device Reliability,works great | matches new unit | refurbished quality,Refurbished device performs identically to a new unit.
1,1-Jul-18,White,"This item did not work. Certified refurbished should mean it works as advertised. Instead this item crashed as soon as I turned it on and plugged it in. When trying to connect from my phone to the echo dot, it crashed, over and over. Not only would it disconnect but the orange light would freeze and then the thing would reboot with the blue light. Alexa would tell me it’s ready to connect and freeze mid sentence. Tried holding the action button for 5 seconds and it didn’t do anything. Returning immediately and hope they actually fix this item when the next buyer purchases it.",0,381,negative,Device Reliability | Refurbished Condition | Setup and Configuration,crashed immediately | repeated disconnections | frozen lights | unresponsive buttons,Defective refurbished unit crashed repeatedly and failed basic setup procedures.
5,30-Jun-18,Black,"Very fast service, got what I ordered. Thank you",1,382,positive,Warranty and Support,fast service | correct order | satisfied,Fast shipping and received correct order as requested.
5,30-Jun-18,Black,Love it even though I’m still trying to figure out all the other things I can do with this item it works great with my phone.,1,383,positive,Device Reliability,works great | phone integration | learning features,"Device works great with phone, user still exploring additional capabilities."
5,29-Jun-18,Black,"I have 2 Echos, one I bought brand new and the other is a refurbished one.Honestly, I can't tell the difference in performance and looks.",1,384,positive,Refurbished Condition | Device Reliability,refurbished versus new | no performance difference | identical appearance,Refurbished Echo performs identically to new model in both function and appearance.
5,28-Jun-18,Black,A GREAT PRODUCT...once we learned how to work it...this thing is awesome!!!,1,385,positive,Setup and Configuration | Alexa Skills and Features,learning curve | awesome once learned | great product,Product is great after learning how to use it effectively.
1,28-Jun-18,Black,Does not work all the time,0,386,negative,Device Reliability,inconsistent performance | doesn't work reliably,Device fails to work consistently.
4,27-Jun-18,White,"Love it. Though, wish it was portable.",1,387,mixed,Design and Appearance,love it | wish portable | lacks portability,User loves the device but wishes it were portable.
5,27-Jun-18,Black,You could not tell this was refurbished. Works Excellent. I would highly recommended instead of purchasing new.,1,388,positive,Refurbished Condition | Device Reliability | Price and Deals,refurbished quality | excellent performance | better value than new,"Refurbished unit looks and works like new, recommended over purchasing new."
5,27-Jun-18,Black,I got this for my mom . She loves it !,1,389,positive,Gift Purchase,gift for mom | loved by recipient,Mom loves the Echo received as a gift.
5,27-Jun-18,Black,I love my echo dot! Looks brand new and works perfect! Very satisfied.,1,390,positive,Device Reliability | Design and Appearance,looks brand new | works perfect | very satisfied,"Echo Dot looks new and functions perfectly, user very satisfied."
4,27-Jun-18,White,"A small problem out of the box, but a rep from Amazon called and walked me through a reset process which solved my issues. I was shocked to get a response so quickly and a real effort was made (including follow up email) to get this thing working. I have 6 now (and one google clone) and the more I use it, and learn about it, the more I like it (them). I also plan to install one in my car, boat and garage. Alexa is my new best friend!?!? (lol)I think GF is worried that if Alexa learns to cook, her time will be limited...",1,391,positive,Device Reliability | Warranty and Support | Alexa Skills and Features | Smart Home Integration,quick support response | excellent customer service | learning more features | multiple devices | smart home integration,Initial issue resolved by responsive Amazon support; user now owns multiple devices and loves expanding capabilities.
4,27-Jun-18,Black,"I love my Alexa Dot. I play games with my son, ask how the weather Is and I love that she works with my Amazon Fire Tv.",1,392,positive,Alexa Skills and Features | Smart Home Integration | Voice Recognition,games with son | weather queries | Fire TV integration,"User loves Echo Dot for games, weather queries, and Fire TV integration."
5,26-Jun-18,Black,I like it because you could ask it different questions and it does different things it works intermittently with my smart TV if I ask you to change the volume it does or does it sometimes if I ask you to change the channel it does or doesn't sometimes I have to reset it I don't know if it's because it's refurbished but it's okay it's just not what I expected,1,393,mixed,Alexa Skills and Features | Smart Home Integration | Device Reliability | Refurbished Condition,intermittent smart TV control | volume and channel inconsistent | requires frequent resets | refurbished concerns,"Device works but controls smart TV intermittently and needs frequent resets, disappointing given expectations."
5,26-Jun-18,Black,"So far the certified refurbished Echo Dot works well. It was a little confusing to have a green ring on the Echo Dot and not 100% know why it was there. Asked Alexa and she said it was because of a receiving a call or drop in. But that was not the case. Took about 10 minutes to figure out it was a notification that I had a delivery from amazon. I believe the ring is supposed to be yellow and pulsate for a message notification, but on my refurbished Echo Dot it was Green and pulsed.",1,394,mixed,Refurbished Condition | Voice Recognition,green ring indicator confusing | notification misidentification | ring color issue | refurbished device,Works well overall but green notification ring caused confusion about its purpose and meaning.
5,26-Jun-18,Black,It arrived quickly and was easy to set up ! it was a refurbished amazon echo dot it was above and beyond what I expected ! Alexa and I have become buddies she is a great assistant,1,395,positive,Setup and Configuration | Refurbished Condition | Gift Purchase,quick arrival | easy setup | exceeded expectations | great assistant,"Refurbished Echo Dot arrived quickly, was easy to set up, and exceeded expectations with helpful Alexa assistance."
5,26-Jun-18,Black,"Works as advertised. Speak clearly, and research the commands. Also. Get the wall holder, it keeps it out of the way. Set up is a breeze, just make sure you are close to the device initially when connecting your phone. For some reason it made set up easier...though it could be psychological haha",1,396,positive,Setup and Configuration | Voice Recognition,works as advertised | easy setup | clear speech required | proximity helpful,Device works well with clear speech; setup is simple when phone stays close to device initially.
4,26-Jun-18,Black,Love my two echo dots but the third one we ordered to give as a gift had a defective speaker. The return process still isn't done and has already taken weeks.,1,397,negative,Device Reliability | Warranty and Support | Gift Purchase,defective speaker | long return process | delayed resolution | quality inconsistency,Third Echo Dot had defective speaker and return process has taken weeks without completion.
1,26-Jun-18,Black,I've already returned it.,0,398,negative,,returned device | dissatisfaction,"Customer returned the device, indicating dissatisfaction."
5,25-Jun-18,Black,"The refurbished echo for has been wonderful. I purchased this for my mother. She loves the ability to contact me without a phone, listen to music, weather, and ask questions. It's been a wonderful gift and works excellently with no problems",1,399,positive,Alexa Skills and Features | Gift Purchase | Refurbished Condition | Device Reliability,gift for mother | hands-free calling | music and weather | works excellently,Refurbished Echo Dot is wonderful gift with excellent performance; mother loves calling feature and information access.
4,25-Jun-18,Black,"Works good. However, the price went down the week after I purchased it.",1,400,mixed,Price and Deals | Device Reliability,works good | price dropped | timing frustration,"Device works well but price decreased shortly after purchase, causing buyer regret."
5,25-Jun-18,Black,Works amazingly. I bought it for my daughter and she loves it.,1,401,positive,Gift Purchase,daughter loves it | amazing performance,Echo Dot works amazingly as a gift for daughter who loves it.
5,25-Jun-18,Black,"I love Alexa! It's great helping me, making my appointments, playing the songs I like! What else can you do? Looking forward for more.",1,402,positive,Alexa Skills and Features,loves Alexa | appointment scheduling | music playback | helpful assistant,Customer loves Alexa for scheduling appointments and playing music with excellent performance.
5,25-Jun-18,Black,Got this for the bathroom love it we can listen music whe. We showering.,1,403,positive,Sound Quality,listen to music | shower | love it,Customer enjoys using device to play music while showering.
5,25-Jun-18,Black,I have 3-Dots and 2-Original and this new one works perfectly. Will buy all my future Dots reconditioned.,1,404,positive,Refurbished Condition | Device Reliability,works perfectly | reconditioned | multiple devices,Satisfied with refurbished model performance compared to new versions.
4,25-Jun-18,Black,Was a little hard to get it to pare up with the others but once it did no problems at all,1,405,mixed,Setup and Configuration | Smart Home Integration,hard to pair | once it worked | no problems,"Initial pairing difficulty resolved, device works reliably afterward."
1,25-Jun-18,Black,"Now I'm weary about these picking up conversations when you are not actively using them - heard about this happening on the news. I have 3-4, so this is very concerning. I wish Amazon would release something widespread or push some firmware to prevent this. If they have, I have not heard about it yet.",0,406,negative,Voice Recognition | Device Reliability,picking up conversations | privacy concern | firmware needed,Concerned about unintended listening when devices are not actively in use.
5,24-Jun-18,Black,There's really no dislike for Alexa( dot) I thought cortna was cool but Alexa is an awesome application to the family. Unbelievable device which seems alive. A must get.,1,407,positive,Alexa Skills and Features,awesome application | family | must get,Device provides excellent Alexa features and is worthwhile for families.
5,24-Jun-18,White,"I am happy with the refurbished echo dot. I’ve had it for about two weeks, and so far it is working perfectly! Even though it did not come in its original box, it looks like new! I’m happy with this purchase!",1,408,positive,Refurbished Condition | Device Reliability,refurbished | working perfectly | looks like new,Refurbished model looks new and functions perfectly after two weeks.
1,24-Jun-18,Black,"There was something wrong with the first one that no even the rep I spoke with could fix. The replacement was registered to someone else. When the price of the Dot went down to $39.99 (same price as the refurbished ones), I bought a brand, spanking new one. No problem with the new one.",0,409,negative,Refurbished Condition | Warranty and Support | Device Reliability,defective | registration issue | replacement problem,Initial refurbished unit was defective with registration issues; bought new instead.
5,23-Jun-18,Black,Have these in almost every room. I really have enjoyed them. Works perfectly.,1,410,positive,Device Reliability,multiple rooms | works perfectly | enjoyed,Devices work perfectly and customer is satisfied with multiple units throughout home.
5,23-Jun-18,Black,Purchased for grandson.,1,411,positive,Gift Purchase,purchased for grandson,Purchased as gift for grandson.
5,22-Jun-18,Black,Happy with this as I was with the other 2 I ordered!!,1,412,positive,,happy | repeat purchase,Customer satisfied with third purchase in series.
5,22-Jun-18,White,"Love the dots, especially with the ability to talk from one to the other, these are really convenient. No issues with the refurbished as they are like new.",1,413,positive,Refurbished Condition | Alexa Skills and Features,inter-device communication | convenient | like new condition,Multiple Dots work great with seamless communication; refurbished unit is indistinguishable from new.
3,21-Jun-18,Black,"Started taking on her own! Haven’t used it since I unplugged it that day. No one was talking, my daughter was laying in bed next to be and she just started going on about the movie Moana and completely scared the sh*t out of my daughter now.",1,414,negative,Device Reliability | Voice Recognition,spontaneous activation | unprompted talking | scared child,"Device activated on its own and unexpectedly started talking, frightening the user's daughter."
5,21-Jun-18,Black,It works great the speaker sounds fine and overall would recommend,1,415,positive,Sound Quality,works great | good speaker quality | would recommend,Device functions well with good sound quality and is recommended.
5,21-Jun-18,Black,Great! Just like new!,1,416,positive,Refurbished Condition,like new | great condition,Refurbished Dot looks and functions like new.
5,21-Jun-18,Black,"Loved the price for an essentially brand new Dot!! Opening it, you really couldn’t tell that it was refurbished. Everything looked brand new. For $20 less than a new unit, I couldn’t consider this a better deal! I really love the versatility of the echo dot. Get you one while you can!",1,417,positive,Refurbished Condition | Price and Deals | Alexa Skills and Features,excellent refurbished deal | brand new appearance | $20 savings | versatile,Refurbished Dot indistinguishable from new at $20 discount; versatile and highly recommended.
5,21-Jun-18,Black,Pleased with the order just what I wanted!!,1,418,positive,,pleased | wanted product | satisfied,Customer received exactly what they wanted and is satisfied.
5,21-Jun-18,White,"I think I now have 5 of these throughout the house. So convenient to set a timer or check the weather or whatever, wherever.",1,419,positive,Alexa Skills and Features,multiple units | convenient | timers and weather,"Five Dots throughout the house provide convenient access to timers, weather, and other tasks."
5,21-Jun-18,Black,Love it -- the best. My experience with refurbished devices is excellent.,1,420,positive,Refurbished Condition,love it | excellent experience | refurbished quality,Customer loves the product and has had excellent experiences with refurbished devices.
4,21-Jun-18,Black,"This refurbished item was fine,but I wasn't aware that there is a fee for having other echos set up in the rooms. However, it was missing the cordThank you",1,421,mixed,Refurbished Condition | Warranty and Support,refurbished acceptable | unexpected fees | missing cord,Refurbished unit acceptable but lacked cord and customer was unaware of multi-room setup fees.
1,21-Jun-18,White,"Two weeks after setting it up it no longer works. No connection, no light, no sound. I guess I shouldn't have purchased a refurbished Dot.",0,422,negative,Device Reliability | Refurbished Condition,stopped working | no connection | device failure,Refurbished Dot stopped functioning after two weeks with no connection or power response.
5,21-Jun-18,White,It worked like a brandnew unit! Great addition to my collection.,1,423,positive,Refurbished Condition,works like brand new | great addition | collection,Refurbished unit performs excellently and adds value to the owner's collection.
5,21-Jun-18,White,"Great price, works perfectly. Saved the money on a refurb!! Would buy again!",1,424,positive,Price and Deals | Refurbished Condition,great price | works perfectly | refurbished savings,Refurbished purchase offers excellent value and reliable performance at a lower price.
5,20-Jun-18,Black,These are great. I bought one and then bought another right away. Grab a few of these and a few smart switched and you're set with smart home capabilities for under $150. Highly recommended.,1,425,positive,Smart Home Integration | Price and Deals,smart home capabilities | great value | multiple units | smart switches,Affordable devices enable comprehensive smart home setup for under $150.
5,20-Jun-18,Black,"Worked as it should, still need to figure out how to link to other devices though, only set up Sonos which was pretty easy. Not the products fault, just have not had time to figure it out.",1,426,mixed,Setup and Configuration | Smart Home Integration,works as expected | device linking | easy Sonos setup | time to learn,Device functions correctly but requires time to master multi-device integration.
1,19-Jun-18,Black,"This is the worst Amazon purchase I have made. I am big Amazon fan...love the brand...unlimited digital music...prime videos...even buy my online games, music, and movies through Amazon. This app I have tried to use it make simple purchases -- to do anything. It is useless.",0,427,negative,Alexa Skills and Features,worst purchase | useless app | simple purchases fail | frustration,App is useless and fails to perform basic purchase and task functions.
4,19-Jun-18,Black,"Works very well, but the microphone don&#34;t pick up as well as the full size echo. Audio quality is okay for the size.",1,428,mixed,Voice Recognition | Sound Quality,works well | microphone pickup weak | audio quality okay | size limitation,Device works well but microphone and audio quality lag behind full-size models.
5,18-Jun-18,White,I bought two refurbished ones for work and home. They both work perfectly and appear brand new,1,429,positive,Refurbished Condition,refurbished units | work perfectly | appear brand new | multiple purchase,Two refurbished units perform perfectly and appear indistinguishable from new.
5,18-Jun-18,White,Amazon doesn't disappoint.,1,430,positive,,Amazon reliability | satisfied customer,Product meets expectations and reflects Amazon's consistent quality.
5,18-Jun-18,Black,Works great as a BT receiver with output connected to vintage stereo equipment.,1,431,positive,Sound Quality,Bluetooth receiver | vintage stereo | great performance | audio output,Works excellently as a Bluetooth receiver connected to vintage audio equipment.
5,17-Jun-18,Black,"Working great this far. Can't tell it's not new. Will edit for longevity in a year, that's the real test.",1,432,positive,Refurbished Condition | Device Reliability,working great | indistinguishable from new | longevity test | time will tell,"Refurbished unit performs well and appears new, durability to be confirmed over time."
4,17-Jun-18,White,"This used “dot” works fine, it compliments my Echo.",1,433,positive,Device Reliability,used dot works fine | compliments Echo | compatible,Used Echo Dot functions well and works nicely with existing Echo.
5,16-Jun-18,Black,Works like a new one. Can tell the difference from the new one I bough and the refurbished one.,1,434,negative,Refurbished Condition,can tell difference | refurbished vs new | quality gap,Refurbished unit noticeably different and inferior compared to new model.
5,16-Jun-18,White,Well I’m a big fan of echoes these ones went I’m my bathrooms. Works just great as expected 👍🏾,1,435,positive,Device Reliability,works great | bathroom installation | as expected,Echo Dots perform excellently in bathroom locations as anticipated.
5,16-Jun-18,White,Purchased for my 83 year old mother-she loves talking to Alexa! Very responsive-can detect its “name” from all over the room.,1,436,positive,Voice Recognition | Alexa Skills and Features,mother loves it | very responsive | name detection across room,Highly responsive voice recognition delights elderly user with reliable Alexa performance.
5,16-Jun-18,Black,This is just like new -- same performance as our brand new one; no problems.,1,437,positive,Device Reliability | Refurbished Condition,like new | same performance | no problems,Refurbished unit performs identically to new model without issues.
2,15-Jun-18,Black,The echo dot disconnects from the speaker about 12-20 times a day. Do not buy the refurbished product. 2 stars for effort.,0,438,negative,Wi-Fi Connectivity | Refurbished Condition,disconnects 12-20 times daily | speaker issues | avoid refurbished,"Refurbished model disconnects frequently from speaker, making it unreliable."
5,15-Jun-18,Black,Love it. Great product,1,439,positive,,love it | great product,User expresses strong satisfaction with the product.
5,15-Jun-18,White,it works good. very satisfied,1,440,positive,,works good | very satisfied,Device functions well and delivers satisfactory user experience.
3,14-Jun-18,Black,"I love Alexa, but the sound on the dot is not the best. I own an echo 2nd gen for the kitchen/living room and got this for my bedroom, but there’s a SIGNIFICANT difference in sound. The dot lacks a full base sound and sounds as if it’s coming off a cheap portable speaker. I was REALLY disappointed. I returned it right away and just shelled out the money to buy a second echo 2 for my bedroom also.",1,441,mixed,Sound Quality,love Alexa | sound quality disappointing | significant difference | cheap speaker | lack of bass,Alexa features loved but Echo Dot sound quality significantly inferior to Echo 2.
5,14-Jun-18,Black,"Took me awhile to get it connected. I'm not electronically savy but now that it is, I love it.",1,442,positive,Setup and Configuration,took awhile to connect | now works great | love it,Initial setup proved challenging but device now works excellently.
1,14-Jun-18,Black,cant seem to get this thing to sink with my wireless not sure If I will be returning it will try one more time.,0,443,negative,Wi-Fi Connectivity | Device Reliability,won't connect to wireless | considering return | troubleshooting,Customer unable to connect device to Wi-Fi and uncertain whether to return it.
1,14-Jun-18,Black,product stopped working after return time ran out,0,444,negative,Device Reliability | Warranty and Support,stopped working | return window expired | product failure,"Product failed after the return period ended, leaving customer unable to get help."
5,14-Jun-18,Black,Second Dot work great for refurbishedThought it was new,1,445,mixed,Refurbished Condition | Device Reliability,refurbished device works well | expected new condition | second Dot,Refurbished unit functions great but was expected to be new rather than refurbished.
5,14-Jun-18,Black,Love these guys they work so great,1,446,positive,Device Reliability,works great | satisfied | functional,Customer very satisfied with product performance and functionality.
5,14-Jun-18,White,"I love this as a second &#34;Alexa&#34; in our bedroom. Great for checking weather, for meditation music, and as a timer - Perfect for my husband who has to use eye drops multiple times each day and keep his eyes closed for 5 minutes.",1,447,positive,Alexa Skills and Features,bedroom use | weather checks | meditation music | timer function,"Second Dot excellent for weather, music, and timers in bedroom setting."
5,13-Jun-18,Black,I purchased this refurbished. Works just like brand new. 3 minute set up. Very easy. Now I have echo dot that I can command to start playing music for my backyard deck sound system.,1,448,positive,Refurbished Condition | Setup and Configuration | Alexa Skills and Features,refurbished works like new | 3-minute setup | easy installation | music control,Refurbished Echo Dot performs perfectly with quick setup and enables music control.
3,12-Jun-18,Black,Not substitute for the original. The echo dot performs well but sound quality is poor. To listen it has to be at the highest level 10.,1,449,negative,Sound Quality,poor sound quality | requires maximum volume | not substitute for original,Sound quality inadequate; device requires maximum volume level to be audible.
5,12-Jun-18,Black,Love the Echo Dot. Helps husband get Netflix and other apps on our Amazon Fire TV. No problems with it being refurbished. Planning on getting another one for the Amazon Fire Stick in bedroom.,1,450,positive,Refurbished Condition | Alexa Skills and Features,works well refurbished | Fire TV control | no problems | repeat purchase planned,Refurbished Echo Dot reliably controls Fire TV with no issues; customer plans to buy another.
1,12-Jun-18,Black,"Stopped working after 7 months. The warranty was only good for 3 months. I would have assumed an amazon product sold on amazon would have had higher standards than guaranteeing that it would work for 3 whole months. I mean what is this product supposed to be, a piece of junk?They offered my a 15% discount if I wanted to buy another one. Why would I want to buy another one?",0,451,negative,Device Reliability | Warranty and Support,failed after 7 months | 3-month warranty | poor quality | inadequate support,"Device failed after seven months, with only three-month warranty coverage and inadequate replacement offer."
5,12-Jun-18,White,"Just like new. No problems whatsoever, Alexa. Thank you.",1,452,positive,Device Reliability,works like new | no problems | satisfied | functional,Device works perfectly with no issues encountered since purchase.
3,12-Jun-18,Black,I like my uncle. But sometime it goes a little Haywire,1,453,mixed,Device Reliability,likes the device | sometimes malfunctions | goes haywire,Generally satisfied but experiences occasional malfunctions.
1,12-Jun-18,Black,Bought this for my son and it didn’t work. He had to return it.,0,454,negative,Device Reliability,didn't work | had to return | defective,Device was defective and required return.
1,12-Jun-18,Black,Bought 2 and both quit connecting to wifi and responding to voice within 9 months. Hard and soft reset will not fix the problem.,0,455,negative,Wi-Fi Connectivity | Voice Recognition | Device Reliability,both quit connecting | wifi issues | voice unresponsive | reset failed,Both devices failed within nine months with persistent connectivity and voice issues.
3,12-Jun-18,Black,"I received my Echo Dot today in good condition, but be advised: I paid $29.99 for it and Amazon has (as of this writing) raised the price to $39.99, so do your research before buying so you can get a good deal!Set up with the Dot went simple enough — plug it in, follow the app instructions... except initially it took a while to actually show up in my iPhone’s WiFi settings. I called Amazon customer service, and I dunno what it is, but lately I’ve been getting terrible support. The guy that took my call just rambled off a (completely unhelpful) script and I ended up setting up the Dot while he was in the middle of his spiel.I’m not sure if this is the norm or if it’s because this is refurbished, but the Dot has a pretty finicky wifi range and randomly disconnects even though the app shows that the range of my 5GHz connection is strong. Reconnecting is a pain each time as well.All that said, when Alexa works, she works amazingly well. I don’t have a speaker hooked up to it, but one thing I really enjoy is the mic’s range and sensitivity. One of the more annoying limitations of Apple’s Siri is that when she’s playing audio through device speakers (music, podcasts, etc), the “Hey Siri” feature is all but useless. Alexa has no problem hearing me over whatever is playing at the time, and with amazingly fast responsiveness too. I haven’t tried this with louder speakers yet, so I’m not sure if this will continue to hold true.Setting up Alexa to control all my wireless devices was a breeze, albeit with limitations — support for Arlo devices is nil, and if you have special settings for your LED devices (eg. rainbow effects), Alexa can’t handle them, she only knows how to change solid colors and brightness levels.All in all, my rating would’ve been lower had I not gotten a decent price on this item. If the connectivity problems persist, I may have to exchange/return this item. I don’t want to though — Alexa’s kind of growing on me.",1,456,mixed,Refurbished Condition | Wi-Fi Connectivity | Voice Recognition | Smart Home Integration | Warranty and Support | Price and Deals,finicky wifi range | excellent voice recognition | poor customer service | refurbished concerns | random disconnects | smart home limitations,"Refurbished Dot has excellent voice performance but unreliable wifi and weak support, though price-dependent satisfaction."
5,11-Jun-18,Black,I bought it because everyone was saying how much they love theirs. But I have no need for it. I only used it once. The volume was not loud enough for me when I played music while I was on my treadmill. So I rather use my tower speaker which is 3xs louder.,1,457,negative,Sound Quality,no personal need | volume too quiet | insufficient for music | prefers tower speaker,Device's volume inadequate for music playback during exercise.
5,11-Jun-18,Black,Worked like new. Will do it again.,1,458,positive,Device Reliability | Refurbished Condition,worked like new | satisfied | would repurchase,Device performed excellently and customer would purchase again.
2,11-Jun-18,Black,The second one which was a refurbished model did work-at least not in my home.,0,459,negative,Refurbished Condition | Device Reliability,refurbished model | didn't work | failed,Refurbished device failed to work in customer's home.
1,11-Jun-18,White,"Very bad this device, I don’t know if it’s because is refurbished or what but it activated by itself , nobody is talking and he just activated and start talking. When you talk you have to yell super lauded",0,460,negative,Voice Recognition | Device Reliability | Refurbished Condition,activated by itself | spontaneous activation | voice sensitivity issues | requires yelling | refurbished concerns,Refurbished device has faulty voice activation and requires excessive volume to respond.
5,11-Jun-18,Black,Good as new!! Just like brand new! Save yourself some money. Get one!,1,461,positive,Refurbished Condition | Price and Deals,good as new | like brand new | money-saving | refurbished value,Refurbished device offers excellent quality at reduced price.
5,11-Jun-18,Black,Adding more rooms for convenience,1,462,positive,Smart Home Integration,adding rooms | convenience | multi-room setup,Customer adding more devices for increased home convenience.
4,11-Jun-18,Black,"Nice. It works good.Some times is not easy to recognize your voice and you have to repeat several times, some time almost screaming.",1,463,mixed,Voice Recognition,works good | voice recognition issues | have to repeat,Device works well but voice recognition requires frequent repetition.
5,11-Jun-18,Black,"I took a chance on a certified refurbished unit for $29. Looks brand new...no excuses or disappointments. 5 minute trouble-free set up! Effortless bluetooth speaker connectivity through the Alexa App on my iPhone was flawless. Listening to my favorite tunes through a Bose Bluetooth setup and couldn't be happier. Walk through the door and just ask Alexa to: &#34;Play 80's music&#34; and viola... instant atmosphere! No more opening the iPad, going to settings, turning on bluetooth and then accessing the Pandora app. It just makes things so effortless. A true joy right out of the box! If I didn't discover any other uses for this fine piece of technology it was worth every penny!",1,464,positive,Refurbished Condition | Setup and Configuration | Alexa Skills and Features,certified refurbished | looks brand new | effortless setup | bluetooth connectivity | instant music playback,Refurbished unit exceeded expectations with flawless setup and seamless music control.
5,11-Jun-18,Black,Alexa's sister (my second dot),1,465,positive,,second dot | sister,Customer purchased a second Echo Dot unit.
5,11-Jun-18,Black,"Love my Alexa Echo Dot - I have two of them now - one new, one refurbished. Both work great and it has become my go to for sooo many things. I love it as an alarm every morning or whenever. I love it to play music or sounds of the ocean, or nature sounds when I am trying to sleep. Just love it for so many things.",1,466,positive,Refurbished Condition | Alexa Skills and Features,two dots | refurbished works great | alarm | music and nature sounds,"Both new and refurbished units work great for alarms, music, and sleep sounds."
5,10-Jun-18,White,"Bought a refurb, and its works just as my new ones I bought prior! Came in original packaging as well!",1,467,positive,Refurbished Condition,refurbished | works as new | original packaging,Refurbished unit works identically to new ones with original packaging included.
5,10-Jun-18,Black,Love it. It's like having a second wife.,1,468,positive,,love it | second wife comparison,Customer expresses strong satisfaction with their Alexa device.
1,10-Jun-18,Black,So far not impressed at all. Does not save groups correctly can not understand me most of the time I'm not sure what the excitement is all about. Alexas voice sounds like it's under water how am I supposed to understand!!!!I'm going to return and try a google home!!!,0,469,negative,Voice Recognition | Sound Quality | Alexa Skills and Features,not impressed | voice not understood | groups not saved | underwater voice,"Poor voice recognition, sound quality issues, and feature problems led to return decision."
5,10-Jun-18,White,Works well and has no obvious issues from being refurbished.,1,470,positive,Refurbished Condition,works well | no obvious issues | refurbished,Refurbished device functions well with no noticeable issues.
5,10-Jun-18,Black,"Works great, can't tell it was refurbished and set up in kids mode. I have 3 in my home and will be adding more. I love these things.",1,471,positive,Refurbished Condition | Setup and Configuration,works great | can't tell refurbished | kids mode | multiple units,"Refurbished unit indistinguishable from new, works great in kids mode."
1,10-Jun-18,Black,"great product, but useless overall. Too many unnecessary features. Unless you have a smart home you don't need it",0,472,negative,Smart Home Integration,great product | useless without smart home | too many features,Device has great features but limited utility without smart home setup.
5,10-Jun-18,Black,Worked just as good as the two new Echo Dots i preciously purchases.,1,473,positive,Device Reliability,works as good as new Echo Dots | reliable performance,Device performs as well as new Echo Dots previously purchased.
4,10-Jun-18,Black,I bought this for my mother and she is in love with it.She loves the guard dog feature.She says that it gives her a sense of security at night and when she leaves the house,1,474,positive,Smart Home Integration,guard dog feature | sense of security | mother loves it,Mother loves the guard dog feature for nighttime and away-from-home security.
4,10-Jun-18,Black,I bought it mainly to be a speaker when playing music or videos on my phone. Not working for me. Read instructions but not working for me.,1,475,negative,Sound Quality,not working as speaker | phone audio connectivity issue | followed instructions,Device not working properly as a speaker for phone music and videos.
5,8-Jun-18,Black,"Bought two of them and both work great. I'm not much on electronics running my home, but Alexa does all that I want and need to be done.",1,476,positive,Smart Home Integration | Device Reliability,both work great | Alexa controls home | meets all needs,Both devices work great for smart home control and meet user needs.
4,8-Jun-18,Black,2nd one... more to come,1,477,positive,,repeat purchase | satisfied with product,Repeat purchase indicates satisfaction with the device.
3,8-Jun-18,Black,Blue light blinks all the time,1,478,negative,Design and Appearance | Device Reliability,blue light blinks constantly | persistent issue,"Blue light blinks continuously, indicating a potential device malfunction."
5,8-Jun-18,White,Fun and useful. We're still learning new tricks and useful functionalities. This is the future of human to computer interface and household automation. Just like Star Trek! Who knew it would be here so soon?,1,479,positive,Alexa Skills and Features | Smart Home Integration,fun and useful | learning new tricks | future technology,Device is fun and useful with many capabilities to explore and learn.
4,7-Jun-18,Black,"Works great to control the TV lights and various other devices. Lately I've been using it when i wake up and don't know what time it is but don't want to open my eyes. Just shout out &#34;Alexa, What time is it?&#34; if i could just figure out how to get it to do house hold chores and walk the dogs it'd be golden! sound is not that great but with its size what can you expect. The Echo Plus has much better audio but that is what you get with the larger more expensive Echo.",1,480,mixed,Smart Home Integration | Voice Recognition | Sound Quality,controls TV and lights | voice commands work well | sound quality not great,"Great for smart home control and voice commands, but sound quality is mediocre for the size."
5,7-Jun-18,Black,Wasn't sure if I'd like this product but after having it for a little while I want one in every room! My daughter is constantly asking alexa how to spell words. We've barely tapped into all the things this product is capable of and I'm looking forward to learning all of its capabilities!,1,481,positive,Alexa Skills and Features,wants one in every room | daughter uses spelling help | many capabilities,User wants multiple units after discovering extensive features and educational uses.
5,7-Jun-18,Black,Great product. Works well,1,482,positive,Device Reliability,great product | works well,Great product that works well.
5,6-Jun-18,Black,Bought my first echo dot and loved it so I got this for work. Absolutely love it!,1,483,positive,Gift Purchase,first echo dot | loved it | got another for work,Customer loved their first Echo Dot and purchased another for work.
5,6-Jun-18,Black,Works great with my existing smart home setup.,1,484,positive,Smart Home Integration,works great | existing smart home setup,Device integrates seamlessly with existing smart home setup.
5,6-Jun-18,Black,Perfect. Could not tell the difference from a new one.,1,485,positive,Refurbished Condition,perfect | no difference from new,Refurbished unit is indistinguishable from a new device.
1,6-Jun-18,White,I cant figure out how to use it.,0,486,negative,Setup and Configuration,can't figure out how to use it,Customer unable to figure out how to use the device.
3,5-Jun-18,White,Good sometimes can’t hear well,1,487,negative,Voice Recognition | Sound Quality,can't hear well | inconsistent performance,Device sometimes cannot hear commands clearly.
5,5-Jun-18,Black,"I was a little apprehensive about buying a refurbished electronic product, but with Amazon's guarantee, thought I would try it. Glad I did, and will probably buy another refurb product form Amazon. I love the Alexa products and have several. This one sits on my desk. Has a small footprint, but has great sound and I use it daily. Works great.",1,488,positive,Refurbished Condition | Sound Quality | Design and Appearance | Warranty and Support,apprehensive about refurbished | Amazon's guarantee | great sound | small footprint,Satisfied with refurbished Echo Dot; great sound quality and compact design.
3,5-Jun-18,Black,Not bad bad speaker for sound,1,489,positive,Sound Quality,not bad speaker | sound quality,Speaker provides adequate sound quality.
4,5-Jun-18,Black,"This is a great device. We mainly use it to verbally add things to the shopping list, but occasionally use any number of the &#34;fun&#34; things you can program it to do, like go to Red Alert or make the TARDIS land (yes, we're a house of geeks... we even chose the wake-word to be &#34;Computer&#34; instead of &#34;Alexa&#34;. Now we just need Majel Barret's voice and I will be in geek heaven.) ;)It's not as easy to get my Premium Spotify to work properly with it, and still not sure how we can get multiple music accounts attached so we can listen to different music in different rooms, but so far it's still been worth it. I am often asking it the time, the weather, it even gives us a news briefing. We also use it as an intercom system which has been really awesome. Plus it's fun knowing the NSA is listening to everything.",1,490,mixed,Alexa Skills and Features | Voice Recognition,great device | shopping list | fun skills | difficulty with Spotify | intercom system,"Device has great features and uses, though Spotify integration and multiple accounts need improvement."
5,5-Jun-18,White,I purchased this for my daughter and we all love this!!!! its amazing!! we love the games!,1,491,positive,Gift Purchase | Alexa Skills and Features,purchased for daughter | family loves it | games,"Family loves the device, especially the games feature."
2,5-Jun-18,Black,It doesn’t always work,0,492,negative,Device Reliability,doesn't always work | unreliable,Device has reliability issues and does not work consistently.
5,5-Jun-18,White,Good as new! Perfectly packaged and I have had zero issues with the dot.,1,493,positive,Device Reliability | Refurbished Condition,good as new | perfectly packaged | zero issues,Refurbished Echo Dot arrived in excellent condition with no problems.
5,4-Jun-18,White,Love it! Bought for my granddaughter who is 3 for her to play music and ask questions. She is entertained for hours! Good buy in my honest opinion!,1,494,positive,Alexa Skills and Features | Gift Purchase,entertains for hours | play music | ask questions,Gift recipient enjoys using it for music and questions throughout the day.
5,3-Jun-18,Black,No issues...works and looks great!!!,1,495,positive,Device Reliability | Design and Appearance,no issues | works great | looks great,Device works reliably and has an appealing appearance.
5,3-Jun-18,Black,This is a fun toy. My daughter have me it. It reads to me!,1,496,positive,Alexa Skills and Features | Gift Purchase,fun toy | reads to me | entertaining,Gift-received device provides entertaining reading functionality.
5,3-Jun-18,Black,"Refurbish Echo Dot received as new condition, as new packaging, no complaints. Neat little gadget.(Drives my wife nuts!)",1,497,positive,Refurbished Condition | Device Reliability,new condition | as new packaging | neat gadget,Refurbished Echo Dot arrived as new with excellent condition and packaging.
3,3-Jun-18,Black,"I received an Echo as a gift, loved it so much I decided to get the Dot for my bedroom. Both very easy to set up but a big difference in the sound quality. I would still buy it again.",1,498,mixed,Sound Quality | Setup and Configuration | Gift Purchase,easy to set up | big difference in sound quality | would still buy,Easy setup but noticeably inferior sound quality compared to full-size Echo.
4,3-Jun-18,Black,Worked as advertised. Thanks,1,499,positive,Device Reliability,worked as advertised,Device functioned as expected without problems.
1,3-Jun-18,Black,All the new Amazon products I have are great everything I bought refurbished is complete garbage. I will never purchase Amazon refurbished again total dissatisfaction,0,500,negative,Refurbished Condition,refurbished is garbage | complete dissatisfaction | never purchase again,Refurbished Amazon products are defective; will not buy refurbished again.
5,2-Jun-18,Black,Works good. Microphone is not as good as the better Echo products,1,501,negative,Voice Recognition,microphone not as good | inferior to better models,Microphone quality is noticeably inferior to higher-end Echo models.
5,2-Jun-18,Black,Took a little work to set up but I finally got it. Sound quality not the best but for what I got it for it works great. I check weather and ask a few cooking questions in the kitchen with it. I do play the radio on it when I want some music but will probably upgrade to the Echo plus for better sound.,1,502,mixed,Sound Quality | Setup and Configuration | Alexa Skills and Features,took work to set up | sound quality not best | works great for purpose,"Setup was challenging and sound quality is mediocre, but functional for basic tasks."
5,1-Jun-18,Black,Love Alexa these are the best thing I have ever bought don't know how I ever lived with out these things amazing so happy with this product just wish it would use google to,1,503,positive,Alexa Skills and Features,love Alexa | best purchase | amazing | very happy,Customer loves their Alexa purchase and considers it the best thing they've ever bought.
5,1-Jun-18,White,I loved it it works great,1,504,positive,,loved it | works great,Customer loved the product and confirms it works great.
1,31-May-18,White,Extremely low in volume,0,505,negative,Sound Quality,extremely low volume | volume issue,Product has extremely low volume output.
4,31-May-18,Black,"I had some trouble getting the program downloaded from my phone. I ended up using my computer. It is interesting that the answers come from Wikipedia. However, I will give Echo dot an &#34;A&#34; in the music playing department. I heard songs and music totally forgotten on the mainstream stations. Also amusing when Alexa responds, I don't know that. Why does she think the yards of cotton fabric refer to football playing???? If I had paid full price for this gadget I would have been sorely disappointed. Now it seems reasonable and a step above HAL.",1,506,mixed,Setup and Configuration | Alexa Skills and Features | Video and Streaming,trouble downloading program | great music playing | Wikipedia answers | reasonable price,Setup was difficult but music playback and responses are good; reasonable value at discounted price.
1,31-May-18,White,"Brought to replace one that I moved and doesn't have the same range as my previous (non refurbished) unit. It would seldom be able to find the Wi-Fi and couldn't connect. Got tired of hearing the message (&#34;trouble connecting...check the Alexa app...&#34;) and just unplugged it. I went through the troubleshooting and reconnected it several times, it's just not as strong.",0,507,negative,Wi-Fi Connectivity | Refurbished Condition,poor Wi-Fi range | refurbished unit | connectivity issues | weaker than original,Refurbished unit has poor Wi-Fi range and frequent connectivity problems compared to original.
1,31-May-18,Black,"If you want to listen to music and have it come through several of the Echo/Dot units simultaneously, YOU MUST PAY A MONTHLY FEE. I thought this was Amazon, not Apple??!! I’ve paid for many of these so I could have one in each room, is that not enough of my money??!!??",0,508,negative,Price and Deals | Alexa Skills and Features,monthly fee required | multi-device music | expensive service | unfair pricing,"Multi-room music requires monthly subscription fee, which customer finds unfairly expensive."
4,31-May-18,Black,"Overall good device. It was bought for a workout room, and has issues reaching a volume that can be heard over a standard row machine. It could use a much better speaker.",1,510,mixed,Sound Quality | Device Reliability,good device | low volume | weak speaker | workout room,Overall good device but speaker volume insufficient for noisy environments like workout rooms.
5,31-May-18,White,Works great and simple to set up. Alexa is way more accurate than I imagined so Im using it more than I thought. Wish alarms could be set a bit further out but thats my only complaint.No she's not listening when you don't say the wake word so if you're worried you can lose the conspiracy theories. The speaker is great too so don't hold off on getting one if you were turned off by gen 1 like me.,1,511,positive,Voice Recognition | Alexa Skills and Features | Sound Quality | Setup and Configuration,simple setup | accurate voice recognition | great speaker | improved from gen 1,Easy setup with accurate voice recognition and great speaker quality; minor alarm limitation.
5,31-May-18,Black,The voice clarity has made my eavesdropping efforts so much easier - the government. :),1,512,positive,Voice Recognition,voice clarity | excellent clarity,Voice clarity is excellent and makes speech recognition much easier.
4,30-May-18,White,"Had a little trouble at the beginning until I replaced my old router and it works good except for current temperature and at times Alexa will be off by as much as 10 degrees! Like when it was 91 degrees, Alexa would say it was 81 degrees. Otherwise, everything works as expected and enjoy listening to music from Amazon and my Pandora stations and requesting my favorite song or recording artist.",1,513,mixed,Wi-Fi Connectivity | Setup and Configuration | Alexa Skills and Features,router replacement solved issues | temperature inaccuracy | music streaming works | 10 degree error,Device works after router upgrade but temperature readings are frequently inaccurate by up to 10 degrees.
5,30-May-18,Black,I bought three of these and all three have worked flawlessly. If they weren't labeled as refurbished I wouldn't have known,1,514,positive,Refurbished Condition | Device Reliability,three units | worked flawlessly | refurbished quality,"All three refurbished units work flawlessly, indistinguishable from new."
5,30-May-18,Black,"This device works perfectly and was a good price. We love Alexa and are having great fun with her. The music is great and we get the radio stations we need for our morning traffic report. I didn’t think I would enjoy having AI in the house, but it is fun, educational and entertaining even for people who aren’t tech savvy.",1,515,positive,Price and Deals | Alexa Skills and Features | Sound Quality,good price | great music | radio stations | fun and educational,"Works perfectly at a good price; Alexa is fun, educational, and entertaining for all ages."
1,30-May-18,White,Eh. It’s works on and off. Half the time it does not respond when you say wake up name. Other then that works fine,0,516,negative,Voice Recognition | Device Reliability,works on and off | does not respond | wake word recognition,"Device frequently fails to respond to wake word commands, though otherwise functional."
5,30-May-18,White,Great little thing. Works better than siri.,1,517,positive,Device Reliability,great little thing | works better than Siri,Compact device works better than Siri.
5,29-May-18,Black,It’s amazing I love it,1,518,positive,,amazing | love it,User loves the device.
5,28-May-18,Black,Bought this for my son and he loves it.,1,519,positive,Gift Purchase,bought for son | he loves it,Son loves this device as a gift.
4,28-May-18,White,"I own the first and second generation Echo Dot. I think I prefer the volume ring of the first gen better than the buttons on the second gen, but still more than does the job and great for the price I got it for. I'd still definitely recommend.",1,520,positive,Design and Appearance | Price and Deals,first and second generation | volume ring preference | great for the price,Good value despite slight preference for first-generation volume ring over second-generation buttons.
5,28-May-18,Black,Very fun to use and having morning briefing,1,521,positive,Alexa Skills and Features,very fun to use | morning briefing,Fun to use with helpful morning briefing feature.
5,28-May-18,Black,Arrived on time and works amazing!!!,1,522,positive,Device Reliability,arrived on time | works amazing,Arrived promptly and works amazingly.
5,28-May-18,White,"Just like new, set-up was quick & easy.",1,523,positive,Refurbished Condition | Setup and Configuration,just like new | quick setup | easy configuration,Looks like new with quick and easy setup.
5,28-May-18,Black,"like new, good refurbishing",1,524,positive,Refurbished Condition,like new | good refurbishing,Refurbished device arrived in like-new condition.
5,27-May-18,Black,I like that it knows my music type.The least is that it isn't wireless and the volume is not that high.,1,525,mixed,Alexa Skills and Features | Battery and Power | Sound Quality,knows music type | not wireless | low volume,Good music recognition but lacks wireless capability and volume power.
3,27-May-18,Black,"It works great, but the reason I'm leaving 3 stars is because it wont play unless it plugged in the whole time. Pretty irritating especially when there is no outlet available.",1,526,negative,Battery and Power | Device Reliability,must stay plugged in | no outlet available | irritating,"Device requires constant power connection, making it impractical without outlets."
5,27-May-18,Black,I love it ita like having a personal assistant and computer and everything else in one.,1,527,positive,Alexa Skills and Features,personal assistant | computer in one | love it,Device functions as an all-in-one personal assistant and computer.
5,27-May-18,Black,"The problem I have with this item could just be my inexperience. I ordered the wrong thing, but then decided I’d set it up and use Alexa. I was trying to replace a small Bluetooth speaker in my bedroom. Thought I could learn as I go. I downloaded the app, but never could get the Echo to sync with my iPhone. I’ve decided to give this to one of my kids and they will probably enjoy it and use it as it is intended.",1,528,mixed,Setup and Configuration | Wi-Fi Connectivity,sync issues with iPhone | setup difficulty | wrong product ordered,Setup challenges prevented syncing with iPhone despite downloading app.
5,27-May-18,Black,Working great and my daughter loves it!,1,530,positive,,working great | daughter loves it,Device works great and is well-received by family.
1,26-May-18,White,"I wanted a white dot for my white bathroom. The top is black as shown, which I knew, but I did not realize the cord and plug were also black. I wanted a white cord and plug.",0,531,negative,Design and Appearance,black cord and plug | wanted white | color mismatch,Black cord and plug do not match desired white bathroom aesthetic.
1,24-May-18,Black,I set up the Echo Dot and it worked for an hour and then died completely. DO NOT BUY refurbished!!!! I sent back for return the day after I received.,0,532,negative,Refurbished Condition | Device Reliability | Warranty and Support,died after hour | refurbished failure | returned immediately,Refurbished device failed after one hour of use.
1,24-May-18,Black,This Echo Dot is horrible. The volume on my phone is louder than than this device. My boss has one at this is not the case,0,533,negative,Sound Quality,horrible volume | phone louder | performance inconsistency,Volume is disappointingly lower than competitor's device.
4,24-May-18,Black,Overall it works very well. Some connectivity issues but it was definitely worth the money!,1,534,mixed,Wi-Fi Connectivity | Price and Deals,works very well | connectivity issues | worth the money,Generally performs well despite some connectivity problems and good value.
5,24-May-18,Black,Have had no issues with this refurbished unit. It performed expected. I would buy another one if needed.,1,535,positive,Refurbished Condition | Device Reliability,no issues | refurbished unit | performed as expected,Refurbished unit works reliably and meets expectations.
5,24-May-18,White,Great for mom its inside an owlhead in her jacuzzi,1,536,positive,,great for mom | jacuzzi | owl head decoration,Works well for mom in a decorative owl head by the jacuzzi.
5,23-May-18,Black,Works great - I put this in my son's room and use the drop in option to get his attention when he is gaming or watching tv.,1,537,positive,Alexa Skills and Features,works great | drop in feature | son's room,Works great; drop-in feature effectively gets son's attention.
5,23-May-18,Black,It looked brand nrw!! I have nothing to.complain about!! I will defently be ordering more,1,538,positive,Refurbished Condition | Design and Appearance,looked brand new | nothing to complain about | ordering more,Looks brand new with no complaints; customer plans to order more.
2,23-May-18,White,It's ok. The speaker is pretty terrible. Google home is a better product.,0,539,negative,Sound Quality,speaker terrible | Google Home better | okay overall,Poor speaker quality compared to Google Home competitor.
5,22-May-18,White,"I love this, answers all my stupid questions and tells me the weather for when I don’t get off the couch",1,540,positive,Alexa Skills and Features,loves it | answers questions | weather information,Customer loves device for answering questions and providing weather.
1,22-May-18,White,The first one quit working shortly after I got it. The next one becomes unresponsive to my voice at times and the only way to get it to work is through the app. I am not sure if it just this Dot or they are all this way.,0,541,negative,Device Reliability | Voice Recognition,quit working | unresponsive to voice | app workaround needed,First unit failed; replacement becomes unresponsive to voice commands.
5,22-May-18,White,Bought this to go in my niece's room. You can't tell it's refurbished. It looks good and works like new.,1,542,positive,Refurbished Condition | Design and Appearance,can't tell refurbished | looks good | works like new,Refurbished device looks and works like new; excellent condition.
1,21-May-18,White,Device was not working. Followed all instructions for Alexa echo dot and it did not come on. Very upsetting.,0,543,negative,Device Reliability | Setup and Configuration,not working | followed instructions | very upsetting,Device failed to power on despite following setup instructions.
1,21-May-18,Black,Sent it back due to crackling noise and turning itself off and on - but what can you expect with a refurbished item?,0,544,negative,Device Reliability | Refurbished Condition,crackling noise | turning on and off | refurbished concerns,Crackling noise and power cycling issues led to return of refurbished unit.
5,20-May-18,White,Best price we could find and it is so useful to have her around to answer questions. It is so handy to not have to find your phone. I also now have an intercom system.,1,545,positive,Price and Deals | Alexa Skills and Features | Smart Home Integration,best price | useful for questions | no phone needed | intercom system,Great value device that answers questions and provides intercom functionality without needing a phone.
5,20-May-18,Black,I have never been more satisfied with a product. Perfect introduction to Alexa.,1,546,positive,Alexa Skills and Features,very satisfied | perfect introduction to Alexa,Highly satisfied with this product as a perfect introduction to Alexa.
4,20-May-18,Black,"Works well, but the speaker is not so grand. Getting another speaker to drop this into. In the future I would have just gone with the full size echo.",1,547,mixed,Sound Quality | Design and Appearance,works well | speaker not grand | considering full size echo,Functions well but speaker quality is disappointing; customer prefers full-size Echo.
4,20-May-18,Black,Love our echo! Thing the full size version sounds better though.,1,548,mixed,Sound Quality | Design and Appearance,love echo | full size sounds better,Loves the Echo but believes the full-size version has superior sound quality.
5,19-May-18,Black,It has all I need for my life plans time date music,1,549,positive,Alexa Skills and Features,has all I need | time | date | music,"Has all the features needed for daily life including time, date, and music."
3,19-May-18,Black,Seems to have trouble hearing me when I say the wake word despite being trained to my voice... Wonder if this has something to do with buying it refurbished. Our google home mini has no problems hearing us 😬 and is much louder.,1,550,negative,Voice Recognition | Sound Quality | Refurbished Condition,trouble hearing wake word | refurbished concerns | less loud than Google Home,Struggles to hear wake word despite voice training; refurbished unit is quieter than Google Home Mini.
5,19-May-18,White,Love it! Works perfectly!,1,551,positive,,love it | works perfectly,Works perfectly and customer is very happy with the device.
4,19-May-18,White,I had a brand new echo Dot and thought that the refurbished would be just as good. It was quite different from my expectations. Refurbished unit did not even turn on and after a while I realized that the power adapter was faulty. There is no way for me to have Amazon send me a power adapter by itself according to the return options. I love Amazon and buy even my toilet paper through them but this was truly a let down.Update: Amazon contacted me and credited me enough to buy a new power adapter. This is why I shop on Amazon. I can always trust them to deliver on their products.,1,552,mixed,Refurbished Condition | Device Reliability | Warranty and Support,refurbished disappointing | faulty power adapter | didn't turn on | Amazon resolved issue,"Refurbished unit arrived defective with faulty power adapter, but Amazon provided excellent customer support resolution."
5,19-May-18,Black,I bought this for a family member as a gift. I called her to see how she likes it & she said she loves it‼️,1,553,positive,Gift Purchase,bought as gift | family member loves it,Gift recipient loves the device and is very happy with it.
4,18-May-18,Black,"Not very loud but quality and ease of use is great. Sound is perfect for background music, would suggest 2-or more connected together if you’re trying to use for hosting a louder party",1,554,mixed,Sound Quality | Design and Appearance,not very loud | great quality | easy to use | good for background music,"Good quality and easy to use, but not loud enough for parties without multiple units connected."
5,18-May-18,Black,Looked Brand new works great. I love these echo dots and the refurbished ones are like new,1,555,positive,Refurbished Condition | Device Reliability,brand new condition | works great | refurbished like new,Refurbished Echo Dot looks and works like new with excellent quality.
5,18-May-18,Black,My 2nd one and I use them all the time.,1,556,positive,Device Reliability,second one | use all the time | reliable,Second Echo Dot purchase being used frequently and dependably.
5,17-May-18,Black,"Is working like a new one for now, l have another 3 alexa devices lm a fanatic",1,557,positive,Device Reliability | Refurbished Condition,working like new | multiple devices | Alexa fanatic,Refurbished Dot performs like new; customer owns multiple Alexa devices.
5,17-May-18,Black,Great price to extend the range and super value to dot offers. Hooked up wireless speaker to use working outside.This dot made outdoor sound range possible without disturbing indoor light control possible,1,558,positive,Price and Deals | Smart Home Integration,great price | extended range | outdoor sound | wireless speaker,Affordable Echo Dot extends range and enables outdoor smart speaker use.
5,17-May-18,Black,"Amazingly fun. My daughter and I just asked questions on the first day. I have now set my daily alarm, weekend reminder, playlist, morning shows, random songs, daily bible verses, weather, and morning commute. It tells me which way to go dodging traffic. You have to get one. I don’t have it linked to my phone yet.",1,559,positive,Alexa Skills and Features | Voice Recognition,fun and engaging | multiple features | alarms and reminders | traffic navigation,"Echo Dot performs many features excellently including alarms, reminders, and traffic navigation."
5,17-May-18,White,Works perfect! There’s no difference at all between this refurb one and my new ones that I have in my house. I’ll be buying the refurbs from here on out,1,560,positive,Refurbished Condition | Price and Deals,works perfect | no difference from new | buying refurbs going forward,Refurbished model performs identically to new ones at better value.
5,17-May-18,Black,Great product. Wakes me up every morning on time!,1,561,positive,Alexa Skills and Features,great product | reliable alarms | wakes on time,Echo Dot reliably wakes user on time every morning.
5,16-May-18,Black,Like new. No difference from new unused original.,1,562,positive,Refurbished Condition,like new | no difference | refurbished quality,Refurbished Echo Dot is indistinguishable from new unused model.
5,16-May-18,Black,"I have no complaints. As far as I know, these are exactly like new, just a little cheaper. Great!",1,563,positive,Refurbished Condition | Price and Deals,no complaints | exactly like new | cheaper price | great value,Refurbished Echo Dot functions like new at a lower price with no issues.
5,16-May-18,White,It works just as well as the new version I got as a discount with my Echo speaker. I decided to purchase this version because Amazon states it has the same warranty.,1,564,positive,Refurbished Condition | Warranty and Support,works as well | refurbished version | same warranty,Refurbished Echo Dot performs equally to new model with same warranty coverage.
5,28-Jul-18,Charcoal Fabric ,Alexa is easy to operate and set up. Have had it for about 10 days now and love it.,1,566,positive,Setup and Configuration | Alexa Skills and Features,easy to operate | easy setup | love it,"Device is easy to set up and operate, customer is very satisfied after 10 days."
5,28-Jul-18,Heather Gray Fabric ,Great speaker with a lot of capabilities. Very fun to learn how to use it.,1,567,positive,Sound Quality | Alexa Skills and Features,great speaker | many capabilities | fun to learn,Great speaker with many capabilities that is enjoyable to learn and use.
5,31-Jul-18,Black  Spot,I used the product for my phone to look up the weather and watch videos,1,568,positive,Voice Recognition | Video and Streaming,weather lookup | watch videos | phone integration,Device successfully handles weather lookups and video watching on phone.
4,31-Jul-18,White  Spot,"Don’t use it for much as I thought we would. Synced with Kasa-Cam and use it to check up on our baby in the crib a lot. Lyrics for music is cool, too. Other than that it’s used as a clock and standard dot’ish features.",1,569,positive,Smart Home Integration | Alexa Skills and Features,synced with Kasa-Cam | baby monitoring | clock | music lyrics,"Device works well for baby monitoring, music lyrics display, and clock features."
5,30-Jul-18,Black  Spot,Amazing so far. Just got it the other day.,1,570,positive,,amazing | just received | early impressions,Customer is very impressed with the device in early use.
4,30-Jul-18,Black  Spot,"I like that it's smaller, but it has never understood commands as easily as our first-gen original Echo did.",1,571,negative,Voice Recognition | Design and Appearance,smaller size | poor voice recognition | commands misunderstood,Smaller design is good but voice recognition is worse than first-gen Echo.
4,30-Jul-18,Black  Spot,"Worthy successor to the echo dot and right at home in the bed room as an alarm clock. However, for the price it should come with the stand",1,572,mixed,Design and Appearance | Price and Deals,good successor | bedroom alarm clock | missing stand | price point,"Good Echo Dot successor and bedroom clock, but stand should be included at this price."
5,30-Jul-18,Black  Spot,"I love this device! All the functionality of an Amazon Echo with the added benefit of a video screen. It looks great on my nightstand as a clock (lots of faces to choose from) and displays weather, reminders, etc. I think it can do video calls too but I use FaceTime for that anyway. It’s a great shape and doesn’t take up a lot of room. I’m planning to get another one for my guest room. Awesome for a great price!",1,573,positive,Video and Streaming | Alexa Skills and Features | Design and Appearance | Price and Deals,full Echo functionality | video screen | nightstand clock | compact design | great price,"Device offers full Echo capabilities with video screen in compact, affordable package."
5,30-Jul-18,White  Spot,I love the Echo Spot. This bedside alarm clock size device can do what theEcho Show can do. I was concerned because I already had a large Echo in mybedroom that answered to “Alexa” like the other devices in my home. I wasconcerned about having both devices answering at the same time when I discoveredthat I had other name choices (not enough for me but just enough to avoid confusion).I named him “Echo.” Now if I could only choose a male voice. I loved that I could link it tomy security camera and my new doorbell. So many more features. Don’t forget to buy thestand/base. So many advantages to having that. Read the reviews. Highly recommend.,1,574,positive,Smart Home Integration | Alexa Skills and Features | Setup and Configuration,bedside alarm clock | Echo Show capabilities | security camera link | doorbell integration | voice options,Compact device matches Echo Show features with great smart home integration and setup options.
4,30-Jul-18,Black  Spot,"I love this little Spot more than I thought I would. The sound is great for such a little thing...my music plays nice and loud and clear. The video is terrific...I was watching some Prime shows just for the heck of it, and I was really impressed. Immediately convinced my mom to buy my sister one for her birthday!Only thing that kept me from giving it 5 stars...I really wish it was cordless. I love having it in my kitchen but trying to find a place to plug it in is a pain. And it won’t connect to my Bluetooth speaker while playing Amazon Prime Music for some reason, which is a drag when I want to hear it in the dining room during dinner. Of course, if it was CORDLESS I could just bring it with me...otherwise, I absolutely love it and will probably buy another one!",1,575,mixed,Sound Quality | Video and Streaming | Battery and Power,great sound quality | impressive video | cordless limitation | Bluetooth connectivity issue,Excellent sound and video quality but lacks cordless operation and Bluetooth connectivity with Prime Music.
5,30-Jul-18,Black  Spot,"I bought on Prime Day and so glad I did. It’s easy to use and lots of customization options. I know some reviews said that the screen was small and hard to read, but I disagree.",1,576,positive,Screen and Display | Price and Deals,easy to use | customization options | Prime Day purchase | screen readable,Satisfied with Prime Day purchase; easy to use with good customization and readable screen.
2,30-Jul-18,Black  Spot,Honestly I like it but at the same time I don’t I could have bought a smaller one that did the exact same thing for less then half I bought it for the video chat and I have never really used it,0,577,mixed,Price and Deals | Video and Streaming,overpriced | video chat unused | smaller alternative cheaper,Likes the device but regrets the price; purchased for video chat but rarely uses it.
4,30-Jul-18,Black  Spot,"Overall it's great and I like that I can see lyrics and the time and date. However, sometimes it freezes and doesn't respond properly--no error message about lack of connectivity--it just stops. Resetting resolves the problem.",1,578,mixed,Screen and Display | Device Reliability,displays lyrics and time | freezes occasionally | reset resolves issue,"Generally good with useful display features, but occasionally freezes requiring manual reset."
5,30-Jul-18,Black  Spot,I love all that you can do with the Echo Spot!,1,579,positive,Alexa Skills and Features,versatile capabilities | loves functionality,Loves the Echo Spot for its versatile features and capabilities.
5,30-Jul-18,White  Spot,The thing I like most about my Echo Spot is the voice command feature. You can ask anything and get an answer or play any music without getting up to adjust the Echo. Easy to use,1,580,positive,Voice Recognition | Alexa Skills and Features,voice command | music playback | easy to use | no manual adjustment needed,Appreciates reliable voice commands and music control without manual adjustment.
5,30-Jul-18,White  Spot,"Love it!! Perfect for an alarm clock replacement, plus so much more!!",1,581,positive,Alexa Skills and Features,alarm clock replacement | multifunctional | loves it,Excellent as alarm clock replacement with many additional useful features.
5,30-Jul-18,Black  Spot,"I love the Echo Spot as it is great for checking the weather along with many other things, but most important it works great as your alarm clock in your bedroom!",1,582,positive,Alexa Skills and Features,weather information | alarm clock | bedroom use | reliable,Great for weather and information; works well as bedroom alarm clock.
5,30-Jul-18,White  Spot,We absolutely love this product!!! Wish we would have bought this instead of the dots!!!,1,583,positive,,loves product | prefer over Dots | wish bought earlier,Absolutely loves the Echo Spot; prefers it over previously purchased Dots.
5,30-Jul-18,White  Spot,"We like that we are able to get weather and other information quickly. You can even hear music played. The speaker is clear. We are enjoying it. What we did not like because it was creepy was that the day before my husband played a particular song on our stereo for me. The next day, I asked the Echo to play music from the same artist not specifying any particular song. The Echo played the exact song by that same artist that my husband played on our stereo the day before. It was a little disconcerting.",1,584,mixed,Sound Quality | Alexa Skills and Features,weather and information | clear speaker | music playback | privacy concern | targeted song suggestion,"Enjoys weather, information, and clear audio, but disturbed by Echo's apparent music tracking capability."
4,30-Jul-18,White  Spot,"I like echo spot. I bought it to use as an alarm clock. One negative that i didnt really think about, when you wake up in the morning and are somewhat groggy, its hard to tell alexa to turn off the alarm, or hard to remember commands to snooze for a few minutes. In this case a clock with buttons seems to work better",1,585,mixed,Voice Recognition | Alexa Skills and Features,alarm clock use | difficult voice commands when groggy | physical buttons preferable,Good as alarm clock but difficult to control voice commands when drowsy; physical buttons work better.
5,30-Jul-18,White  Spot,This is our second Echo Spot - to go with out two Echo Dots - love the look and how Alexia responds.,1,586,positive,Design and Appearance,love the look | Alexa responds well | second Echo Spot,Customer loves the design and Alexa's responsiveness on their second Echo Spot.
1,30-Jul-18,Black  Spot,It is very slow compared to the echo,0,587,negative,Device Reliability,very slow | compared to Echo,Device operates much slower than the Echo model.
5,30-Jul-18,White  Spot,I love the way it is designed. And you have choices for the face. I use it for my bed side. I drop in; on my echo in another part of the house frequently without yelling.,1,588,positive,Design and Appearance | Smart Home Integration,love the design | customizable faces | drop in feature,Excellent design with customizable faces and convenient drop-in calling feature.
4,30-Jul-18,Black  Spot,"Terrific sound for a small device, and nice form factor for the nightstand. I like the convenience of seeing the time and temperature rather than asking Alexa. Not using video much, but it would be nice if the device had a square/rectangular screen.",1,589,mixed,Sound Quality | Design and Appearance | Video and Streaming,terrific sound | nice form factor | screen shape limitation,"Great sound and nightstand design, but circular screen limits video display options."
5,30-Jul-18,Black  Spot,New to Alexa. Like this spot a lot.,1,590,positive,,new to Alexa | like it a lot,New Alexa user enjoys the Echo Spot.
4,30-Jul-18,Black  Spot,"It's not perfect, but I really like this little gizmo. i bought it primarily for 2 purposes. First, so I could set wake-up alarms by individual days, and set the wake-up music individually by the day. Second, I wanted to control a bedroom light by voice, so I could shut it off as I was falling asleep, without having to get out of bed to turn a switch. The Echo Spot, together with a smart plug,has been able to accomplish that. A bonus has been getting Alexa to play music from my Amazon Prime playlists.What's not so great is that sometimes Alexa has a really hard time understanding instructions, and repeating and altering the way you say things can get pretty frustrating. Hopefully the AI gets better in the future, along with added functions.",1,591,mixed,Voice Recognition | Alexa Skills and Features | Smart Home Integration,daily alarms | voice control lights | Amazon Prime playlists | voice recognition issues,Accomplishes desired smart home and alarm functions but struggles with Alexa voice recognition consistency.
5,30-Jul-18,White  Spot,I love it. It is so easy to use,1,592,positive,,love it | easy to use,Customer loves the device for its ease of use.
5,30-Jul-18,Black  Spot,Put this on my night stand to use as a clock and alarm. Works great. Every morning I get the weather and news when I get up. Also reminds me of all the appointments my wife and I have.,1,593,positive,Alexa Skills and Features,nightstand clock | weather and news | appointment reminders,"Works great as a bedside clock with useful weather, news, and appointment features."
3,30-Jul-18,White  Spot,"Part of it is my fault, I thought it could be wireless. Though for the price, I still feel like it should be. Also the sound quality and volume could be better. I prefer the tap. Unless you really want to have the call options but today most of us have phones, computers or iPads. Just not worth it.",1,594,negative,Battery and Power | Sound Quality | Price and Deals,requires power cord | poor sound quality | limited call value,"Device requires power cord, has inadequate sound quality, and limited value for call features."
5,30-Jul-18,Black  Spot,Very easy to use and much quicker then looking up everything on the cell phone.,1,595,positive,,easy to use | quicker than phone lookup,Very easy to use and faster than searching on a cell phone.
5,30-Jul-18,Black  Spot,I love my new Echo Spot!,1,596,positive,,loves new Echo Spot,Customer expresses satisfaction with their new Echo Spot purchase.
5,30-Jul-18,Black  Spot,"I love this clock, I just have to tell it to set my alarm. No more fussing with buttons!",1,597,positive,Voice Recognition | Alexa Skills and Features,voice-controlled alarm | no button fussing | convenient,Customer appreciates voice control for setting alarms without physical buttons.
5,30-Jul-18,Black  Spot,Couldn't be more pleased. Amazon hit this one out of the park. Looks great and runs great. Love it!,1,598,positive,Design and Appearance | Device Reliability,pleased | looks great | runs great,Customer praises the device's appearance and reliable performance.
5,30-Jul-18,White  Spot,Responds easily and like the ability to do at night.,1,599,positive,Voice Recognition | Alexa Skills and Features,responds easily | night functionality,Device responds easily and performs well for nighttime use.
5,30-Jul-18,White  Spot,"Simply amazing what a awsome device. It never ceases to amaze me, wake up to big bang music, go to sleep softly falling rain. Drop in on the kids and keep in touch. I have just scratched the surface as to what this devise can do.",1,600,positive,Alexa Skills and Features | Smart Home Integration,versatile capabilities | music and sounds | drop in feature | smart home control,"Customer is amazed by the device's extensive features including music, ambient sounds, and family connectivity."
4,30-Jul-18,Black  Spot,"I was skeptical at first but &#34;it&#34; grows on you. It looks good, so far. I did, however, turn off the camera.",1,601,mixed,Design and Appearance,skeptical initially | looks good | disabled camera,"Customer initially skeptical but grew to like it, though disabled the camera feature."
4,30-Jul-18,Black  Spot,Sound quality is disappointing.,1,602,negative,Sound Quality,disappointing sound quality,Customer is dissatisfied with the device's sound quality.
5,30-Jul-18,White  Spot,I love it! I especially love that it is so small and does so much. Got rid of my old CD/Alarm clock radio. Much more room on nightstand.,1,603,positive,Design and Appearance | Alexa Skills and Features,compact size | multifunctional | space-saving | replaced old clock radio,"Customer loves the small size and versatility, appreciating how it saves nightstand space."
5,30-Jul-18,White  Spot,Great sound and video plus all the great stuff that Alexa has to offer even turns my lights on and off,1,604,positive,Sound Quality | Video and Streaming | Smart Home Integration | Alexa Skills and Features,great sound and video | smart home control | Alexa features,Customer praises excellent audio and video quality plus smart home integration capabilities.
4,30-Jul-18,Black  Spot,The ease to use product,1,605,positive,Setup and Configuration,easy to use | user-friendly,Customer appreciates the product's ease of use.
4,30-Jul-18,Black  Spot,"So far pretty happy with the Spot. For me it really is a glorified alarm clock/radio and I know I could have something more cost effective but eh, I like it. I had read the reviews about the scrolling issues and saw the one about how to make that stop and it did. So far so good.",1,606,positive,Device Reliability | Alexa Skills and Features,happy with Spot | alarm clock/radio | scrolling issues resolved,Satisfied with Spot as an alarm clock; resolved scrolling issue after research.
5,30-Jul-18,Black  Spot,"I am just entering the &#34;smart&#34; technology world. I haven't figured it all out yet, but so far it's pretty cool!",1,607,positive,Alexa Skills and Features,entering smart technology | pretty cool | still learning,New to smart devices and finding the technology interesting so far.
5,30-Jul-18,Black  Spot,"It was smaller than I had anticipated, and when I say that I very much mean it. However, it still works very well! Quality sound, easily programmed, easy to work with, but Alexa is not anywhere as good as other voice programs.",1,608,mixed,Design and Appearance | Sound Quality | Voice Recognition,smaller than anticipated | quality sound | Alexa not as good,"Device is smaller than expected with good sound, but Alexa underperforms versus competitors."
5,30-Jul-18,Black  Spot,"Great deal, great product!",1,609,positive,Price and Deals,great deal | great product,Pleased with both the value and quality of the product.
5,30-Jul-18,Black  Spot,"i had a couple of echo dots previously - bought these _SPECIFICALLY_ for the Ring doorbell video / cloud cam display / interface capabilities. WAS NOT DISAPPOINTED. Love the fact that I can ask to see front yard / back yard / front door, etc.the video chat with the other rooms is also quite cool.BONUS: “Alexa show me Ant Man trailer, etc”i know this can all be done on laptop/desktop, but it’s cool now having an ‘appliance’ that’s always just there, and it doesn’t interrupt what i’m doing.",1,610,positive,Smart Home Integration | Video and Streaming | Alexa Skills and Features,Ring doorbell display | video chat between rooms | always available,Excellent for Ring integration and video capabilities; convenient always-on display.
5,30-Jul-18,White  Spot,"Bought this for my bedroom and the Show for my living room. Love them both. The Spot is perfect for bedside and has an impressive design. Shows lyrics, photos , etc. I paired it with a Smart Plug for the bedroom lamps &#34;Alexa, turn off lights&#34;, love it.",1,611,positive,Design and Appearance | Smart Home Integration | Alexa Skills and Features,perfect for bedside | impressive design | smart home control,Loves Spot's design and bedside functionality; pairs well with smart home devices.
5,30-Jul-18,Black  Spot,Love that is can do so much! It sits on my nightstand! Only improvements I would make is having battery back up capability and the screen could be a tad bigger. But overall I’m happy I have it! Would recommend!,1,612,positive,Battery and Power | Screen and Display,does so much | nightstand placement | battery backup wish,Happy with functionality on nightstand; would prefer battery backup and larger screen.
4,30-Jul-18,Black  Spot,It was a gift and the recipient love love loves it 😍💋💋💋💋❤!,1,613,positive,Gift Purchase,gift | recipient loves it | very pleased,Gift recipient absolutely loves the device.
5,30-Jul-18,Black  Spot,"Cool little piece of tech...we’re still learning some of its functions and possibilities, but I can see some potential. Even my ‘technically challenged’ wife already figured out how to video call our daughter.",1,614,positive,Alexa Skills and Features,cool tech | still learning | video call capability,Impressed with potential; easy-to-use video calling feature appreciated.
5,30-Jul-18,Black  Spot,"I have been extremely impressed with the device as a whole. Completely changed sleep schedule and replaced my alarm clock. It is the perfect bedside counter device - alarm, wake up music, weather, top news stories, etc. Perfect device for what I wanted and does so much more than I expected it to do, calling feature is also a huge selling point. This is a must own item. Probably will grab more Echos in the future.",1,615,positive,Device Reliability | Alexa Skills and Features | Design and Appearance,extremely impressed | perfect bedside device | calling feature | exceeded expectations,Exceptional bedside device that improved sleep schedule and replaced alarm clock.
2,30-Jul-18,Black  Spot,"As an Alexa device, it works just as well as any of the other products. Unfortunately it doesn't go up from there. The ability to play videos is very limited. You CAN NOT play YouTube and when you can play a video the cropping of the screen makes it look very strange. There is quite a selection of clock faces, and you can control what is displays with one glaring and VERY ANNOYING exception. You can't turn off the &#34;Things to try&#34; screen You can turn off the screen scroll, but that defeats the purpose of having the screen. I don't need to be reminded every 5 seconds what things I can do with Alexa. I don't need the advertising, especially at the cost of this device. Overall, its an expensive Alexa device with a screen that's not very useful and annoying. I would not recommend this until the Amazon people get their act together and come up with a screen that's actually useful.",0,616,negative,Video and Streaming | Screen and Display | Advertising and Promotions | Alexa Skills and Features,limited video playback | no YouTube support | screen cropping issues | annoying Things to try ads | expensive,Expensive Alexa device with limited video capabilities and intrusive advertising that undermines screen usefulness.
5,30-Jul-18,Black  Spot,"This device is perfect for a smart nightstand clock. I love how it dims based on the ambient light in the room. Its the first nightstand clock I have had in my bedroom in years because the lighting and glow from typical alarm clocks bother me when trying to sleep. The screen on this dims when the lights in the room go out and is not bothersome at all.Overall a great addition to my smart home. Its nice to be able to tell Alexa to turn on/off the bedroom lights without even getting out of bed or reaching for your phone. I have a bunch of other Alexa devices, but this was the first one with a screen.",1,617,positive,Screen and Display | Smart Home Integration | Design and Appearance,ambient light dimming | perfect nightstand clock | bedroom light control | non-bothersome display | smart home integration,Excellent smart nightstand clock with adaptive dimming and convenient voice control for bedroom lights.
5,30-Jul-18,White  Spot,"I love this thing. I talk to it through walls and in other rooms. I have been an amazon lover for a while so I have amazon music unlimited, kindle unlimited, prime video, etc., so I was ready for this when it came out. The screen is just so nice to have.The only thing resembling a down side is that it doesn't always perfectly understand which song I want to hear, but I do have a deep southern accent, lower Alabama, so I don't speak English anyways.",1,618,positive,Voice Recognition | Screen and Display | Alexa Skills and Features,works through walls | nice screen | voice recognition with accent | Amazon ecosystem integration,Great device with reliable voice control and useful screen for Amazon ecosystem subscribers.
4,30-Jul-18,Black  Spot,Smaller than I thought it would be. Happy I got a stand so it sits up higher on the bedside table.,1,619,positive,Design and Appearance,compact size | stand accessory | bedside placement,Compact device that benefits from a stand for bedside table positioning.
4,30-Jul-18,White  Spot,Echo Spot works well except it does not work with the Ring doorbell as it states on the website. Since they were sold as a pair I thought that it would be app ready. Unfortunately that is not case. Perhaps Ring will update so that they can be integrated.,1,620,negative,Smart Home Integration | Device Reliability,Ring doorbell incompatible | website misrepresentation | integration failure | bundled product issue,Device advertised to work with Ring doorbell but lacks promised integration functionality.
5,30-Jul-18,White  Spot,"We've owned a number of Echo devices, but have viewed them as more of a toy than a tool. Other than playing music through a sound system, we haven't found much use for them. We just don't find the voice user interface to be all that efficient. The Echo Spot solves the efficiency problem by displaying the information that you're routinely interested in. Furthermore, you can do some basic navigation using the touch screen as well as tailor the settings. We now use these as bedside clocks.",1,621,positive,Screen and Display | Alexa Skills and Features,solves efficiency problem | bedside clock use | touchscreen navigation | information display | settings customization,Echo Spot addresses inefficiency of voice-only interfaces and works well as a configurable bedside clock.
5,30-Jul-18,White  Spot,I love my Echo Spot. Waking to my favorite music. Being able to completely turn off display at night so my bedroom is dark. All the skills I have yet to try. Easy to use.,1,622,positive,Screen and Display | Alexa Skills and Features,favorite music alarm | complete display off | dark bedroom | easy to use | many skills available,"Loved for music alarms, complete display shutdown for sleep, and ease of use with many skill options."
4,30-Jul-18,Black  Spot,"I like how small it is, but I’m still able to see my Ring cameras.",1,623,positive,Design and Appearance | Smart Home Integration,compact size | Ring camera viewing | visible display,Small form factor allows convenient Ring camera monitoring on display.
5,30-Jul-18,Black  Spot,Great for checking in on my son after school when I'm still at work. Love getting the weather and traffic in the morning so I can plan my route accordingly,1,624,positive,Smart Home Integration | Alexa Skills and Features,remote monitoring | weather updates | traffic information | route planning | parental check-in,Useful for remote child monitoring and providing daily weather and traffic information.
5,30-Jul-18,Black  Spot,Love it!! Super fun! Easy to use! My three year old even gets involved,1,625,positive,Alexa Skills and Features | Design and Appearance,fun and engaging | easy to use | child-friendly | family involvement,Fun and user-friendly device that engages children and the whole family.
1,30-Jul-18,White  Spot,I returnef this item because it does not speak Spanish,0,626,negative,Voice Recognition,does not speak Spanish | returned item,Customer returned the device because it does not support Spanish language.
4,29-Jul-18,Black  Spot,"I am a hardcore fan of Echo. Infact I am in love with all members of my Alexa family. I have Echo, Echo Dot, Echo Plus and now this new toddler Echo Spot. Every variant has its own beauty. I love feel and size of Echo Spot. It’s fabulous as far as looks are concerned. It does not have great Audio quality (which I did not expect at the time of placing order because of its compact and small size). I bought it to connect with my Bose SoundTouch.",1,627,mixed,Design and Appearance | Sound Quality | Smart Home Integration,love design and size | poor audio quality | connect with Bose SoundTouch,Loves the compact design but disappointed with audio quality; intended for external speaker integration.
5,29-Jul-18,Black  Spot,I love being able to have Alexa sing careless whisper into my ear to wake me up.,1,628,positive,Alexa Skills and Features,Alexa sing | wake up feature | enjoyable use,Customer enjoys Alexa's ability to sing and serve as an alarm wake-up feature.
3,29-Jul-18,White  Spot,"Works great as a bedside clock but the microphone for Alexa doesn't work as well as the normal Echo. Sometimes Alexa doesn't hear me when I try to interrupt her it to give new instructions. The speaker also isn't as good as the normal Echo. Screen is small so not really useful for viewing any type of video or for seeing who's at the front door. But, it's great for the bedside.",1,629,mixed,Voice Recognition | Sound Quality | Screen and Display | Device Reliability,works as bedside clock | weak microphone | poor audio | small screen | Alexa doesn't hear commands,"Works well as a bedside clock but has weaker microphone, audio, and screen compared to standard Echo."
5,29-Jul-18,Black  Spot,Love it. Small with good sound,1,630,positive,Design and Appearance | Sound Quality,small | good sound | love it,Customer loves the compact size and good sound quality.
5,29-Jul-18,Black  Spot,"With the combination of this, smart plugins, and the Alex app I can turn stuff on and off with my phone or telling Alexa to do it. I can order stuff, get answers, watch videos, get weather, set alarms, video call, and so much more with this device!",1,631,positive,Smart Home Integration | Alexa Skills and Features | Video and Streaming,smart home automation | order items | watch videos | video call,"Device enables smart home control, shopping, entertainment, and communication with extensive capabilities."
5,29-Jul-18,Black  Spot,"In a matter of minutes it became indispensable addition to our house. Extrimelly useful hub of information, music, automation, communication, and assistant in basic needs. Would love to have a voice personalization. Some things are better not to said aloud but typed (like door unlocking codes) but that is problem of unwitty developers. So far only positive experience. The privacy invasions is happened way before Alexa, it is on your phone no matter brand or carrier. To Alexa defence at list it has a button to turn a microphone off.",1,632,positive,Alexa Skills and Features | Smart Home Integration,indispensable hub | music automation communication | microphone off button,"Highly useful for information, music, automation, and communication with appreciated privacy controls."
4,29-Jul-18,Black  Spot,"I love this device! It's so great. What a great alarm clock and what a surprisingly good speaker! Only reason I didn't give 5 stars was because it needs to have a few more features like playing YouTube videos, and Google play music. The camera is not very good in low light if you decide to drop in and it's dark in the room.Other than those minor things, I love it. Great buy and would buy again",1,633,mixed,Sound Quality | Video and Streaming | Alexa Skills and Features,great speaker | excellent alarm clock | low light camera performance | YouTube not available,Great alarm clock and speaker but lacks YouTube support and has poor low-light camera performance.
5,29-Jul-18,Black  Spot,"Great love the display and easy to use, though still learning what all it can do everyday.",1,634,positive,Screen and Display | Setup and Configuration,love display | easy to use | still learning features,Customer loves the display and finds it easy to use while discovering additional features.
4,29-Jul-18,Black  Spot,"It has been able to interpret my instructions pretty well right from the start, even from a distance. A lot of the skills are excellent. I've added a few of the late shows to my flash briefing but it's ridiculous that it can't access YouTube.It might be important to note that adding an event to your calendar is a task; it seems to have difficulty with the time span of an event. I imagine this is a functionality people would use often.",1,635,mixed,Voice Recognition | Alexa Skills and Features,excellent skills | good voice interpretation | YouTube not accessible | calendar event difficulty,"Strong voice recognition and skills, but lacks YouTube access and has calendar event functionality issues."
5,29-Jul-18,Black  Spot,Setup was easy and it is a fantastic alarm clock,1,636,positive,Setup and Configuration,easy setup | fantastic alarm clock,Easy setup and works great as an alarm clock.
5,29-Jul-18,Black  Spot,"Great product! Highly recommend getting the stand that goes under it, it sits much better on the desk.",1,637,positive,Design and Appearance,great product | stand recommended | desk placement,Great product that benefits from a stand for better desk positioning.
3,29-Jul-18,Black  Spot,Eh it’s cool and all but also kinda boring I don’t really know what to do with it other than it being a desk clock so 3/5 is about right. I can’t connect to my Spotify unless it’s premium and I’m in college and I’m not paying or that or amazon music so,1,638,negative,Alexa Skills and Features,boring functionality | limited use | Spotify premium required,Limited functionality beyond a desk clock; Spotify streaming requires premium subscription.
3,29-Jul-18,White  Spot,I am huge Amazon fan! First to have a kindle and the echo. I waited a bit on this but have wanted it for awhile. I do love it!! My kids love it! They love watching videos and the lyrics to the songs. Now the video calling feature is nothing like how the advertisement made it out. I thought as long as someone would FaceTime me I could do it through that and I can’t. It’s Spot to Spot. Can’t even Skype (which I do often with my aunt). The is my major disappointment with it.,1,639,mixed,Video and Streaming | Alexa Skills and Features,loves product | kids enjoy videos | video calling disappointing | misleading advertisement,"Love the device and video features, but video calling only works Spot-to-Spot, not as advertised."
5,29-Jul-18,White  Spot,LOVE LOVE LOVE THESE. The only think I notice is that it doesn't pick-up my voice and commands as well as my Echo and Echo Dots (we have 4 Echo products throughout our house). I have this in the kitchen and in my bedroom as my alarm clock. I'm no longer searching for a pen and paper to make lists!!!!,1,640,mixed,Voice Recognition | Alexa Skills and Features,loves product | weaker voice recognition | helpful for lists,"Excellent for lists and features, but voice recognition is weaker than other Echo products."
5,29-Jul-18,White  Spot,Love my Amazon products,1,641,positive,,loves Amazon products,Satisfied with Amazon products.
5,29-Jul-18,Black  Spot,"Love my spot. Have that , a dot, and a regular echo",1,642,positive,,loves Spot | multiple Echo devices,Loves the Spot as part of a household Echo device collection.
4,29-Jul-18,White  Spot,Nice upgrade from an Echo Dot.,1,643,positive,,nice upgrade | Echo Dot comparison,Nice upgrade from an Echo Dot.
4,29-Jul-18,Black  Spot,"Works decent, wish it was able to answer more questions....need a better source for info but the rest works great!",1,644,mixed,Alexa Skills and Features,works decent | limited information sources | rest works great,Works well overall but struggles to answer questions due to limited information sources.
5,29-Jul-18,Black  Spot,I can't live without Alexa.,1,645,positive,,can't live without Alexa,Highly dependent on and satisfied with Alexa.
5,29-Jul-18,Black  Spot,Really like it. The screen is a major plus.,1,646,positive,Screen and Display,screen | major plus | like it,"User appreciates the device, particularly praising the screen display."
5,29-Jul-18,Black  Spot,"Didnt think id get an Alexa device, but this is perfect for my home office. the screen adds just that little piece that makes it worth the extra cost of the other Alexa devices. It can show lyrics of songs, play my xm radio, can show videos of movie trailers and news. Its great!",1,647,positive,Screen and Display | Video and Streaming | Alexa Skills and Features,screen adds value | lyrics display | video trailers | news,"Screen display justifies the cost with ability to show lyrics, videos, and news content."
5,29-Jul-18,White  Spot,I love it. I made a group with my echo dot so I get music through my home. I am waiting for the to go on sale again so hopefully I can get another spot for my bedroom.. I love the alarm and weather at the sound of my voice..,1,648,positive,Smart Home Integration | Alexa Skills and Features,group setup | music throughout home | voice commands | alarm and weather,"User enjoys multi-room music and voice-activated features, plans to purchase additional units."
1,29-Jul-18,Black  Spot,"When we first received this product, it was great. However, about a week ago, the device served up a video advertisement around 10:30pm at night and scared myself and my family. If you want to make sure you are protected and don't allow video directly in your home, the spot is not a device that can keep you safe.",0,649,negative,Advertising and Promotions | Device Reliability,unsolicited video advertisement | safety concern | scared family | privacy risk,"Device served unexpected video ad late at night, raising privacy and safety concerns."
5,29-Jul-18,Black  Spot,"It's fun to use, and makes my life easier in some sense.",1,650,positive,Alexa Skills and Features,fun | makes life easier,User finds the device enjoyable and helpful in daily use.
5,29-Jul-18,Black  Spot,"I got my Echo Spot on Prime Day and love it. I think it still is a little expensive, but the chance to save $30 convinced me to buy it. I basically use it as a radio alarm clock because on my old radio the stations would sometimes not come in clearly. I also like the sleep sounds skill, and hearing the weather. I'm still exploring the other skills...just discovered some Star Trek sounds (Alexa, beam me up) which are fun!",1,651,positive,Price and Deals | Alexa Skills and Features,Prime Day savings | $30 discount | radio alarm clock | sleep sounds | Star Trek skills,Purchased on sale and enjoys using as alarm clock with sleep sounds and fun skills.
5,29-Jul-18,Black  Spot,Love this! Replaced an old alarm clock in my bedroom with this. Love that it dims at night. Very responsive to commands.,1,652,positive,Design and Appearance | Voice Recognition,replaced alarm clock | dims at night | responsive commands,Replaced old alarm clock with responsive device that dims at night as intended.
5,29-Jul-18,White  Spot,Love my spot! She even more than I expected! Great size for a bedroom!,1,653,positive,Design and Appearance,exceeded expectations | great size | bedroom friendly,Device exceeded expectations with appropriate size for bedroom placement.
5,29-Jul-18,Black  Spot,So far so good. Just got it and I am trying to figure out all the things it can do. The product itself is very well made.. And easy to set up.,1,654,positive,Setup and Configuration | Design and Appearance,well made | easy setup | exploring features,"User finds device well-constructed and easy to set up, still discovering features."
1,29-Jul-18,White  Spot,After only a couple of days Alexa did not answer. I have disconnected and will see if it does any better after reconnecting.,0,655,negative,Voice Recognition | Device Reliability,stops responding | Alexa not answering | troubleshooting needed,Device stopped responding to voice commands after a couple of days of use.
5,29-Jul-18,Black  Spot,"Perfect! May favorite Alexa device by far, specially if you own ring cameras or amazon cam's it does the job really well. We changed our echo in the main living room and it seems to be more reactive. Good job Amazon!",1,656,positive,Smart Home Integration | Alexa Skills and Features | Device Reliability,favorite Alexa device | Ring cameras integration | more reactive | smart home,Excellent Alexa device that works seamlessly with Ring cameras and is highly responsive.
5,29-Jul-18,Black  Spot,Is great. Use it for music mostly.,1,657,positive,Alexa Skills and Features,great | music | primary use,Great device primarily used for music playback.
3,29-Jul-18,Black  Spot,It won’t receive calls and it’s really hard to call someone who has another echo.,1,658,negative,Alexa Skills and Features,won't receive calls | hard to call | Echo users only,Device cannot receive calls and calling other Echo users is difficult.
5,29-Jul-18,Black  Spot,This is our first step into a smart home. Soon as I added one item to the grocery list I started loving it. My wife was so-so about it ‘til I opened rain sounds. She’s a convert. 😉 LOVE these and the dots.,1,659,positive,Smart Home Integration | Alexa Skills and Features,first smart home device | grocery list | rain sounds | converts family,Excellent entry into smart home; grocery list and ambient sounds features won over family.
5,29-Jul-18,Black  Spot,"Like the little spot, now our guest room is Alexa enabled.",1,660,positive,Smart Home Integration | Design and Appearance,guest room | small size | Alexa enabled,Compact device effectively brings Alexa functionality to guest room.
5,29-Jul-18,Black  Spot,We love our echo spots. We now have three through the house and like that you can drop in on the other spots. We do wish the clock faces had more customization options and that there were more faces in general.,1,661,mixed,Smart Home Integration | Alexa Skills and Features | Design and Appearance,three units | drop-in feature | limited clock customization | few clock faces,"Love the devices and drop-in feature, but wish clock faces offered more customization options."
5,29-Jul-18,Black  Spot,It’s very smart and sweet design,1,662,positive,Design and Appearance | Alexa Skills and Features,very smart | sweet design | attractive,"Smart device with an attractive, well-designed appearance."
5,29-Jul-18,Black  Spot,Love this for bedside clock/alarm/radio. Face can dimat night so it’s not bright for sleeping.,1,663,positive,Alexa Skills and Features | Design and Appearance,bedside clock | alarm | radio | dimmable display | sleep-friendly,"Perfect bedside device with dimmable display for nighttime use as clock, alarm, and radio."
5,29-Jul-18,White  Spot,Love this product I use it as my bedroom clock perfect size with a lot of other options. The only thing I would like to see them add on to it is the ability to fall asleep to mu as if and set a timer for it to go off on it's own. Like you can with tv t hcfe sleep mode.,1,664,mixed,Alexa Skills and Features | Design and Appearance,bedroom clock | perfect size | many options | missing sleep timer | sleep music,"Excellent bedroom clock with good options, but lacks sleep timer and sleep music functionality."
5,29-Jul-18,Black  Spot,Love this. So glad I purchased,1,665,positive,,love | glad purchase | satisfied,Customer is very satisfied with their purchase of this product.
5,29-Jul-18,Black  Spot,I wanted to see my security video cameras without having to use my phone. Works great and extremely easy to set up.,1,666,positive,Video and Streaming | Smart Home Integration | Setup and Configuration,security video cameras | easy to set up | works great,Easy setup enables viewing security cameras without a phone.
5,29-Jul-18,Black  Spot,The Echo Spot is great!,1,667,positive,,Echo Spot | great,User is satisfied with the Echo Spot.
5,28-Jul-18,Black  Spot,We bot 2 on Prime day one for use as a clock/radio in the bedroom and one in the family room to control lights and watch the front door when the doorbell rings. Music sound is very good not as good as the Echo but way better than our Dots. If we could only buy 1 Amazon device it would be the Spot.,1,668,positive,Sound Quality | Smart Home Integration | Video and Streaming,clock and radio | control lights | front door video | sound quality,Excellent device for bedroom and family room with good sound and smart home features.
5,28-Jul-18,Black  Spot,I bought two one for my office and one for my bedside table. They are fantastic the screen is just big enough when using the drop in feature to communicate with my mom. I can’t wait for prime day again to get one for my moms bedside table.,1,669,positive,Screen and Display | Smart Home Integration,screen size | drop in feature | communicate with family,Screen size and drop-in communication feature make it fantastic for family connection.
5,28-Jul-18,White  Spot,"Fantastic product, absolutely love it!",1,670,positive,,fantastic product | absolutely love it,User loves the product and finds it fantastic.
3,28-Jul-18,White  Spot,I do like the product we bought it on Prime day but this week it was $30 cheaper then Prime day. Still a really cool device. I wish I would have waited.,1,671,mixed,Price and Deals,Prime day purchase | price dropped | cool device,Good device but buyer regrets Prime Day purchase due to lower price the following week.
5,28-Jul-18,Black  Spot,still learning how to ise it but is DOES NOT disappoint. I’m giving to everyone for Christmas so I can “check in” on them unnannounced like they do me...just show up with no advanced warning!!!,1,672,positive,Alexa Skills and Features | Smart Home Integration,drop in feature | checking in on family | Christmas gift,Device enables unexpected family check-ins and is great as a gift.
4,28-Jul-18,White  Spot,Very helpful with daily activities,1,673,positive,Alexa Skills and Features,daily activities | helpful,Device helps with daily activities.
5,28-Jul-18,Black  Spot,Exactly as advertised,1,674,positive,,exactly as advertised,Product meets expectations and advertising claims.
5,28-Jul-18,Black  Spot,"More than I expected. I use it for timers, alarms, shopping lists, calendar events, news, weather, and so much more.",1,675,positive,Alexa Skills and Features,timers | alarms | shopping lists | calendar | news | weather,Versatile device exceeds expectations with multiple useful features.
4,28-Jul-18,White  Spot,I really like it works well trivia games and shopping on it is fun.Sometimes it misunderstands what I say but other then that the speaker is decent video chat is good but you do need to be in a well lit room so the other end can see you lol.,1,676,mixed,Voice Recognition | Alexa Skills and Features | Video and Streaming,voice misunderstanding | trivia games | shopping | video chat | lighting requirements,"Device works well for games and shopping, but voice recognition occasionally misunderstands commands."
5,28-Jul-18,Black  Spot,Fun to work with still learning everything she can do,1,677,positive,Alexa Skills and Features,fun to use | learning capabilities | still discovering features,User enjoys exploring the device's features and capabilities.
5,28-Jul-18,White  Spot,Awesome. I love that it shows the lyrics of songs!,1,678,positive,Alexa Skills and Features | Video and Streaming,lyrics display | music feature | awesome,User loves the song lyrics display feature.
5,28-Jul-18,Black  Spot,Love the alarm feature...just tell what time.,1,679,positive,Alexa Skills and Features | Voice Recognition,alarm feature | voice control | convenient,User appreciates the voice-controlled alarm feature.
3,28-Jul-18,Black  Spot,I think the dot listens better than spot.,1,680,positive,Voice Recognition,better listening | dot comparison | improved recognition,Device listens better than the Dot model.
4,28-Jul-18,Black  Spot,Had a dot and upgraded to this! I like it. My only complaint is the very short instructions,1,681,mixed,Setup and Configuration,upgraded from Dot | likes it | insufficient instructions,User enjoys the upgrade but finds the instructions too brief.
4,28-Jul-18,Black  Spot,"Big step up from the Dot! Dropped one star due to consistent delay in bringing up Ring Pro video, though looks great once the feed is displayed.",1,682,mixed,Video and Streaming | Device Reliability,upgrade from Dot | Ring video delay | video quality good,Significant upgrade but Ring video feed has consistent delays before displaying.
5,28-Jul-18,White  Spot,Easy set up and to use. I bought two one for my house and one for my 75 year old grandfather. I set it up for him a gave him a 15 minute lesson and he calls me at least once a day it’s is great to be able to see him in between visits.,1,683,positive,Setup and Configuration | Video and Streaming,easy setup | gift purchase | senior-friendly | family connection,Easy setup and use; enables convenient video communication with elderly family member.
2,28-Jul-18,Black  Spot,I wanted to use it as a clock in our bedroom. But the font is too small to see from any distance. And apparently you can't change it.,0,684,negative,Screen and Display,font too small | bedside clock use | visibility problem | no font adjustment,Clock display font is too small to read from distance and cannot be changed.
5,28-Jul-18,White  Spot,Great size for bedside. Plus it dims at night!!,1,685,positive,Design and Appearance | Screen and Display,good bedside size | night dimming | compact design,Compact size suits bedside placement and automatically dims at night.
4,28-Jul-18,Black  Spot,"I love it and it works great, the only issue is the “drop in” FaceTime like feature sometimes lags, but that could possibly be an issue with my WiFi for where we have it located in the house.",1,686,positive,Device Reliability | Wi-Fi Connectivity,works great | drop in FaceTime lag | WiFi issue,Device works well overall; occasional FaceTime lag possibly due to WiFi placement.
5,28-Jul-18,Black  Spot,"Love to have meditation music, I use it as a morning alarm, just to mention few in general I love it",1,687,positive,Alexa Skills and Features,meditation music | morning alarm | love it,User loves meditation music and alarm features on the device.
5,28-Jul-18,Black  Spot,"I don't know why I like it, but I do. It's like an all-in-one alarm clock. If you have other alexa devices, you know what it is. If you are looking to get an alarm clock, this is the one to get (yes, its much more than that). It shows you the time, it shows you the weather, its touch screen, it shows you music lyrics, and it does all the things your typical alexa device does. It's quite loud for its size as well (sound way better than echo dot). It also does video calling, which is pretty awesome. The viewing angle is great, so even if its sitting fairly high up, you can still see the display well enough.",1,688,positive,Screen and Display | Sound Quality | Alexa Skills and Features,all-in-one alarm clock | touch screen | video calling | great viewing angle | loud sound,"Excellent multifunctional device with great display, sound quality, and video calling capabilities."
5,28-Jul-18,White  Spot,Quick and easy to set up,1,689,positive,Setup and Configuration,quick setup | easy to set up,Device setup process is quick and easy.
3,28-Jul-18,Black  Spot,I was hoping for a better clock face to make this an alarm clock replacement . The display brightness dims too much at night to accomplish this task.The display works well for camera viewing.It is an attractive device. and a decent value at $99,1,690,mixed,Screen and Display | Price and Deals,display dims at night | poor clock face | attractive | decent value,"Good value and appearance, but display dims too much at night for alarm clock use."
4,28-Jul-18,Black  Spot,I’m a fan of echo devices. I think it’s a great alternative to a clean clock. I like using it to adjust the lightning in the room and listening to sounds to help sleep. My two year old sleeps so much better with it on. We also use it to tell my two year old stories. Only issue is the volume of alexa speaking when you tell her to turn off the lights is loud when the volume is set to what you want to listen to the music at night,1,691,mixed,Smart Home Integration | Alexa Skills and Features,adjusts lighting | sleep sounds | loud Alexa voice | storytelling,Great for home control and children's sleep; Alexa's voice volume is too loud when adjusted for music.
5,28-Jul-18,White  Spot,"I own 5 Echo devices, consider me addicted! This little number is awesome, not only do I like that it displays, the sound is great and it has the same dependable functionality as other Echo devices. One feature I really like is how it slowly dims after I turn off my bedroom light, so I have a night light for a bit. I love Echo devices and have just about run out of places to put them!",1,692,positive,Sound Quality | Device Reliability | Alexa Skills and Features,great sound | dependable functionality | night light feature | display,"Reliable Echo device with excellent sound, useful night light feature, and strong performance."
5,28-Jul-18,White  Spot,I enjoy this little thing a lot. Will do almost anything. I like the jokes it tells. I’m still learning different functions,1,693,positive,Alexa Skills and Features,tells jokes | learning functions | enjoy it,User enjoys the device and appreciates joke-telling and various functions.
5,28-Jul-18,Black  Spot,Best looking Echo device. Easy to use,1,694,positive,Design and Appearance,best looking | easy to use,Attractive design with easy-to-use interface.
5,28-Jul-18,Black  Spot,A helpful product with a few glitches eg inability to occasionally access all flash briefing stations and understand or answer certain questions but Amazon will likely fix and improve it.,1,695,mixed,Alexa Skills and Features | Device Reliability,helpful product | occasional glitches | flash briefing issue | question recognition,Helpful device with occasional glitches in flash briefing access and question comprehension.
5,28-Jul-18,White  Spot,we like it. very convenient,1,696,positive,,convenient | likes it,User finds the device convenient and likes it.
4,28-Jul-18,White  Spot,I love the size of the echo spot. It fits on my nightstand but has all of the capabilities of my echo show. I like going to sleep with the lightening storm. The images along with the sounds are very relaxing. The calling and messaging feature is great. It’s small enough to take with when we travel. I love and own most of the Alexa products. Our whole family uses them.,1,697,positive,Design and Appearance | Alexa Skills and Features | Video and Streaming | Gift Purchase,perfect size | nightstand | lightning storm relaxing | calling and messaging | travel portable | whole family uses,"Echo Spot's compact size, relaxing features, and portability make it ideal for personal and family use."
5,28-Jul-18,Black  Spot,The amazon Alexa is so nice to have she wakes me up in the morning with alarms and is great if you have prime because she can do a lot more plays any songs you want her to play and she can even make playlists of your favorite songs i love the Alexa because she has games you can play ad you can watch videos or movie trailers on the screen!,1,698,positive,Alexa Skills and Features | Voice Recognition | Video and Streaming,morning alarms | plays songs | makes playlists | games | watch videos,"Alexa offers convenient alarms, music, playlists, games, and video playback with great functionality."
5,28-Jul-18,Black  Spot,Easy to use easy to set up,1,699,positive,Setup and Configuration,easy to use | easy to set up,Device is easy to use and set up.
5,28-Jul-18,Black  Spot,I love my echo spot that my daughter and son in law got me for my birthday. Alexa wakes me each morning and plays music when I ask.,1,700,positive,Alexa Skills and Features | Gift Purchase,birthday gift | morning alarms | plays music,Echo Spot serves well for alarms and music playback as a birthday gift.
1,28-Jul-18,White  Spot,"This product currently has two related software flaws that make it completely unusable:1) There is a &#34;card&#34; on the homescreen called &#34;Things To Try&#34; -- it's an ad for other Alexa services you can try. You can turn off all the other homescreen cards, but not this one.2) By default, the homescreen cards &#34;cycle&#34; automatically, which is incredibly annoying. There is a setting where you can opt to have the cards only &#34;cycle once&#34; instead of &#34;cycle continuously&#34;, but critically *this setting does not work*. My unit has been set to &#34;cycle once&#34;, and the cards still continue to cycle all the time. Have rebooted the device, re-set, etc etc.Until these two obvious software issues are fixed, in my opinion the product is useless.",0,701,negative,Advertising and Promotions | Device Reliability,unusable software flaws | forced ads | cards cycle constantly | setting doesn't work | completely broken,Persistent software bugs with unskippable ads and malfunctioning card-cycling settings render device unusable.
5,28-Jul-18,Black  Spot,Great deal on prime day,1,702,positive,Price and Deals,Prime Day deal | great price,User got a great deal on Prime Day.
5,27-Jul-18,White  Spot,Excelente su funcionamiento y llama la atención la rapidez de respuesta y el control que se logra a través de la utilización con Alexa. Me sorprendió gratamente. Muy recomendable.,1,703,positive,Voice Recognition | Alexa Skills and Features,excellent functionality | rapid response | good control | impressive | recommended,Device impresses with rapid Alexa response and excellent control functionality.
5,27-Jul-18,Black  Spot,"Purchased this on Prime Day and I absolutely love it! I had the Echo Dot on my nightstand, but I really missed a display. This is perfect and the speakers are excellent.",1,704,positive,Price and Deals | Screen and Display | Sound Quality,Prime Day purchase | display upgrade | excellent speakers,Prime Day purchase provides display upgrade from Echo Dot with excellent speakers.
4,27-Jul-18,Black  Spot,"Yes it met my expectations. The snooze on the alarm needs a but of work. Tap it and it snoozes, swipe up and it prompts you to dismiss. But without my glasses I can't read it and often it just snoozes. Then one day I must have dismissed tomorrow's alarm because it never went off. I have it set for Mon-Thu. Fri I don't need to get up early. A more apparent indicator of the alarm set would be nice. My old alarm had a red light.",1,705,mixed,Alexa Skills and Features | Screen and Display,met expectations | alarm snooze confusing | small text hard to read | needs improvement | alarm indicator unclear,"Device meets expectations overall, but alarm snooze interface and visual indicators need improvement."
5,27-Jul-18,Black  Spot,"Great product, and i like the screen for a alarm clock",1,706,positive,Screen and Display,great product | screen for alarm clock | satisfied,Customer appreciates the product and finds the screen useful for an alarm clock.
5,27-Jul-18,Black  Spot,"Such a fun, easy, and convenient device to have around the house. No need to pick up my phone to look something up, just a few words and the world is at your fingertips. The speaker puts off great sound and the screen is crisp. The price is right for a device like this.",1,707,positive,Sound Quality | Screen and Display | Price and Deals | Alexa Skills and Features,fun and convenient | great sound | crisp screen | right price,Device is convenient with excellent sound and display at a fair price.
4,27-Jul-18,Black  Spot,"A great replacement for the bedside alarm clock, which had a funny habit of going off at 12am every time the cleaning ladies came through. We mostly use it to turn the ceiling fan lights on and off, while leaving the fan running. Only gripe would be the mic sensitivity, which doesn't appear be as good as the View or Gen2. It can get a little frustrating having to repeat yourself.",1,708,mixed,Voice Recognition | Smart Home Integration,great replacement alarm clock | smart home control | mic sensitivity issue,Good alarm and smart home device but voice recognition requires frequent repetition.
5,27-Jul-18,White  Spot,This product has made my life much simpler with a little one. I use it a lot for music and when i have my hands full turning it on/off or up/down is a breeze. The screen is a great novelty where i can watch the news!,1,709,positive,Voice Recognition | Screen and Display | Alexa Skills and Features,simplified life | hands-free control | music playback | news screen,Hands-free control and news display make it convenient and useful for busy parents.
4,27-Jul-18,White  Spot,Works well and was easy to set up.,1,710,positive,Setup and Configuration | Device Reliability,works well | easy setup | reliable,Device functions reliably and was straightforward to set up.
5,27-Jul-18,Black  Spot,"Love my spot, it now acts as my new alarm.",1,711,positive,Alexa Skills and Features,love it | alarm clock function | satisfied,Customer loves the device and uses it effectively as an alarm clock.
5,27-Jul-18,White  Spot,This is the one of my favorite Amazon devices. Have one in my bedroom and use as alarm clock. Perfect addition to our home of Alexa devices.,1,712,positive,Smart Home Integration | Alexa Skills and Features,favorite Amazon device | alarm clock | Alexa ecosystem | perfect addition,One of customer's favorite Alexa devices that works well as an alarm clock.
5,27-Jul-18,Black  Spot,"Wasn't so sure about bringing &#34;smart technology&#34; into my home, but I'm hooked! I love the sleek look of the Echo Spot on my nightstand and how easy it was to set up and use. I also love that it scrolls the news, local weather, and give suggestions of what to ask Alexa. I use this as my alarm clock, speaker, and have it sync'd with the Etekcity Voltson Wi-Fi Smart Plugs to control the lighting in my apartment.",1,713,positive,Design and Appearance | Setup and Configuration | Smart Home Integration | Alexa Skills and Features,sleek design | easy setup | news and weather | smart home control,"Attractive design with easy setup; useful for news, weather, and smart home control."
1,27-Jul-18,Black  Spot,You need a Harvard law degree to operate this thing! It's going back very soon!,0,714,negative,Setup and Configuration,difficult to operate | complicated | returning product,Customer finds the device too complex to operate and plans to return it.
5,26-Jul-18,Black  Spot,Love it getting use to it and Alexa is getting use to my voice . Sometimes she doesn't answer but I think it has to do when internet is low or is updating or my voice isn't strong. Over all I haven't had any of the annoying stuff that everyone is complaining about. Thank goodness I didn't listen to those reviews. And paid attention to the Apple guy .,1,715,positive,Voice Recognition | Device Reliability,loves it | voice recognition improving | reliable device | ignoring negative reviews,Customer enjoys the device; voice recognition improves with use and operates reliably.
2,26-Jul-18,Black  Spot,product turns on randomly and sometimes at night,0,716,negative,Device Reliability,turns on randomly | unwanted activation | nighttime disruptions,"Device powers on unexpectedly, including at night."
5,26-Jul-18,White  Spot,I used it as an alarm clock i lov it,1,717,positive,Alexa Skills and Features,alarm clock | love it | works well,User loves using it as an alarm clock.
3,26-Jul-18,Black  Spot,It was much smaller than I was expecting for the cost.,1,718,negative,Design and Appearance | Price and Deals,smaller than expected | poor value | size disappointing,Device is much smaller than expected for the price.
5,26-Jul-18,White  Spot,Alexa wakes me up everyday for work to whatever station on Iheart radio or Spotify I want. Plus when I do get smart home devices she’ll be even more useful to me! She’s really helpful with answering random questions. The small screen sucks for video as it is small and round but it’s nice to have something to show time and pictures.,1,719,mixed,Alexa Skills and Features | Smart Home Integration | Screen and Display,alarm functionality excellent | small round screen limiting | helpful assistant | future smart home use,"Excellent alarm and smart home potential, but small round screen limits video viewing."
5,26-Jul-18,Black  Spot,Fun so far...still learning how it all works,1,720,positive,Alexa Skills and Features,fun to use | learning curve | promising start,Device is fun and user is still learning its capabilities.
5,26-Jul-18,Black  Spot,"I purchased this on prime day mostly as a present for myself because I found having the echo plus on my kitchen counter to be overwhelming when cooking, cutting, cleaning, etc. especially when our counters aren’t very wide to begin with. After going back and forth between this and the show I decided on this because I felt it had all the same features but is more compact. I can honestly say I have no regrets. While I probably wouldn’t watch a movie I’d been dying to see on this, it’s a great way to listen to music, watch a quick YouTube video, etc. I even attempted watching “Jaws” on this and while it wasn’t the most comfortable thing for my eyes to do, it wasn’t as bad as one would think. I would definitely recommend!",1,721,positive,Design and Appearance | Video and Streaming | Alexa Skills and Features,compact size | no regrets | space-saving | music and video capable,Compact alternative to larger Echo model with great features and no regrets.
5,26-Jul-18,Black  Spot,We love the echo spot I use it on my nightstand for alarm clock and play iHeartRadio radio while getting dressed!!,1,722,positive,Alexa Skills and Features,alarm clock | radio streaming | nightstand use | love it,Users love using it on nightstand for alarms and radio.
5,26-Jul-18,Black  Spot,It was easy set up. I use it more than I thought.,1,723,positive,Setup and Configuration | Alexa Skills and Features,easy setup | used more than expected | satisfied,Easy to set up and used more frequently than anticipated.
1,26-Jul-18,Black  Spot,I would love this but there is no way to stop the screen from constantly scrolling through “things to try”. If Amazon would make this a setting I would change my review to 5 stars.,0,724,negative,Alexa Skills and Features,constant scrolling | no disable option | frustrating feature,Screen constantly scrolls through suggestions with no way to disable it.
5,26-Jul-18,Black  Spot,"I am a small business owner with no staff. With the Alexa driven Echo Spot, I feel like I've hired my first assistant! My Echo Spot keeps me organized, updated, and assistance when I need information that will help my day run more smoothly. I love my Echo Spot so much, I bought 2 more for my kids who love their Echo Spot too! I highly recommend this product.Suggested improvement for future versions, make the Echo Spot wireless. 😊",1,725,positive,Alexa Skills and Features | Smart Home Integration,virtual assistant | organization and efficiency | purchased multiple units | highly recommend,Acts as virtual assistant for business owner; so valued they purchased additional units.
5,26-Jul-18,Black  Spot,"Bedroom clock , ask questions, weather reportsAlarm clock ⏰. Music 🎶 download music",1,726,positive,Alexa Skills and Features,bedroom clock | ask questions | weather reports | alarm clock | music download,Device works well as bedroom alarm clock with weather and music capabilities.
4,26-Jul-18,White  Spot,Speakers are not as loud as Google Home,1,727,negative,Sound Quality,speakers not loud | comparison to Google Home | volume issue,Speakers lack the volume and power of competing devices like Google Home.
2,26-Jul-18,White  Spot,I haven't figured out how to make or receive calls. Device tells me I need to register and I do not know what to do.,0,728,negative,Setup and Configuration,cannot make calls | registration issue | unclear instructions | receive calls,User unable to make or receive calls due to confusing registration process.
5,26-Jul-18,Black  Spot,"I need to get some better controls for custom displays and the ability to make my own clock, but that's asking a lot. In general, great device; glad I got it.",1,729,mixed,Alexa Skills and Features,better controls needed | custom displays | clock customization | great device overall,Device is generally great but lacks advanced customization options for displays.
5,26-Jul-18,White  Spot,"Gave it my daughter for her birthday, she loves it! Sound is amazing, she plays music on it constantly. Worth every penny. This is the third amazon device purchased, we have 2 echo shows and now the spot.",1,730,positive,Sound Quality | Gift Purchase,daughter loves it | amazing sound | plays music constantly | third purchase,Daughter delighted with device; excellent sound quality and worth the investment.
4,26-Jul-18,White  Spot,"I use the product as an alarm clock. I love being able to set my schedule for the week and not worry about it. When images are shown, they are cut off. Little because its trying to fit it into a circle.",1,731,mixed,Alexa Skills and Features | Screen and Display,alarm clock use | weekly schedule | images cut off | circular display limitation,Excellent scheduler but circular screen cuts off images poorly when displayed.
4,26-Jul-18,Black  Spot,Love the ease of use and convenience the echo spot has offered,1,732,positive,Setup and Configuration,ease of use | convenient | user-friendly,Device offers excellent ease of use and convenience for daily tasks.
1,26-Jul-18,Black  Spot,"Great product and I would give 5 stars - but you can't scroll face cards without having the stupid &#34;try and ask Alexa&#34; suggestions pop up. Yes you can have it scroll once, and just stay on the clock, but I like having other cards as well. God its the worst and SO irritating. I got it super cheap, so i just face the screen toward the wall and treat it like a Dot instead of a Spot. What a dumb move on Amazons​ part.",0,733,negative,Alexa Skills and Features | Screen and Display,Alexa suggestions pop-up | cannot scroll cards | irritating interface | poor design,Intrusive Alexa suggestions prevent smooth card scrolling; poor interface design.
4,26-Jul-18,Black  Spot,"Love that I have command access to news such as Bloomberg TV, NPR, etc.Highly recommend that you gain access to Alexa app before setting up Device and get familiar with key features/services...such as setting up your daily commute.If family and friends have Spot...then it’s a great substitute for Skype and Face Time...you can always “drop in” when missing loved ones or just to catch up.",1,734,positive,Alexa Skills and Features,news access | Bloomberg | NPR | drop-in feature | video calling substitute,Provides news access and works as video calling alternative for connecting with family.
5,26-Jul-18,Black  Spot,good size screen and gets good range for voice commands. sometimes it picks up weird commands when I'm watching tv though. Great product for the price if you don't need the big show screen.,1,735,positive,Screen and Display | Voice Recognition | Price and Deals,good screen size | voice command range | false voice triggers | good value,Good screen and voice range at reasonable price; occasional false command triggers when TV playing.
4,26-Jul-18,White  Spot,"It is a good addition to my small space, and it keeps me up to date on events and weather conditions.",1,736,positive,Alexa Skills and Features,good addition to small space | keeps up to date | events and weather,Helpful device for staying informed on events and weather in a compact form.
5,26-Jul-18,Black  Spot,Best thing I have ever owned! Started with the dot and now added the spot and I love iy,1,737,positive,,best thing owned | started with dot | added spot | love it,Customer loves owning multiple Echo devices and finds them excellent.
5,26-Jul-18,White  Spot,I love it the coolest thing since sliced bread,1,738,positive,,love it | coolest thing,Customer expresses strong satisfaction with the product.
1,26-Jul-18,White  Spot,"This product is a complete waste of money. When you ask Alexa a question ""she"" either doesn't know the answer, gives you the wrong answer or finds information off of Wikipedia!",0,739,negative,Voice Recognition | Alexa Skills and Features,complete waste of money | doesn't know answer | wrong answer | Wikipedia,Alexa frequently fails to answer questions correctly or provides inaccurate information.
2,26-Jul-18,White  Spot,"Honestly it's no different from the Echo dots I already own, other then occasionally seeing the lyrics to a song I'm listening too i really don't see the difference.",0,740,negative,Video and Streaming,no different from Echo Dots | occasional song lyrics | no difference,Device offers minimal differentiation from existing Echo Dot models.
5,26-Jul-18,Black  Spot,"I got this for my husband on Prime Day. He loves it as his alarm clock and smart device. This is our 3rd Echo device, and we have them all connected throughout the house. Although you can deactivate the camera, we also chose to cover it since the device is in our bedroom. I'm not comfortable with having a camera in the room (no, we don't bring our cell phones in the room).",1,741,positive,Gift Purchase | Smart Home Integration,husband loves it | alarm clock | smart device | three Echo devices | whole house,Husband loves the device as an alarm clock; family uses multiple Echos throughout home.
5,26-Jul-18,Black  Spot,"Great product, what they don't tell you is that once you allow a &#34;Drop In&#34; they can drop in anytime!!! While they are sleeping, while we are yelling at them, while anything.",1,742,negative,Alexa Skills and Features,Drop In feature | can drop in anytime | privacy concern,"Drop In feature allows unexpected interruptions at any time, raising privacy concerns."
5,26-Jul-18,Black  Spot,"I have two. One in my computer room and the other that I move around out on the deck. Not great for watching video, but it can be done. With the added sound you don't get from the Echo Dot, it is perfect for the location I have it in. Add whole house music, and you have just arrived in Nervana.",1,743,positive,Sound Quality | Video and Streaming,two devices | computer room and deck | added sound | whole house music,Improved sound quality over Dot makes it ideal for multi-room music and deck use.
4,25-Jul-18,Black  Spot,Surprisingly handy. Wish it had more options geared towards it being on your nigh stand. Like an even dimmer setting.,1,744,mixed,Screen and Display,surprisingly handy | nightstand options | dimmer setting needed,Device is useful but lacks adequate display dimming options for bedside placement.
5,25-Jul-18,Black  Spot,"I was on beta list for Alexa, Have a Show, an original Alexa, 4 Echo's and I actually like this the best, even more than show",1,745,positive,,beta list | Show | original Alexa | like this best,Long-time Alexa user prefers this device over previous Echo and Show models.
3,25-Jul-18,Black  Spot,"I was contacted by people in India. Were they suppose to charge me $79.00? It was very hard to understand their instructions. They did have control of my computer and network. I, also, bought a Cloud Cam but do not know how to make it work with Alexa.",1,746,negative,Warranty and Support | Smart Home Integration | Voice Recognition,suspicious India contact | unexpected $79 charge | unclear instructions | network access concerns | Cloud Cam integration issues,Received suspicious contact from India with unclear instructions and unexpected charges; Cloud Cam integration with Alexa not working.
3,25-Jul-18,White  Spot,"I have the dot and Echo Plus, this one can't seem to &#34;hear&#34; me as well and doesn't do as much as I expected.",1,747,negative,Voice Recognition | Alexa Skills and Features,poor voice recognition | underperforms expectations | compared to Dot and Plus,Device struggles with voice recognition and lacks expected capabilities compared to other Echo models.
5,25-Jul-18,White  Spot,Bought this for our son as his birthday present and he loves it. Often find him jamming to music in his room now :) He loves the options for the alarms and we have his weekday alarms set to repeat and he gets to sleep in on non-school days.,1,748,positive,Alexa Skills and Features | Gift Purchase,birthday gift | son loves it | music enjoyment | customizable alarms | weekend sleep-in feature,Son enjoys the device for music and appreciates the customizable alarm options for weekday and weekend schedules.
5,25-Jul-18,White  Spot,"What a great little gadget for the house. You ask and it delivers, period. Well done!",1,751,positive,Alexa Skills and Features,reliable gadget | delivers as expected | great performance,Device reliably performs its functions and delivers on expectations.
2,25-Jul-18,Black  Spot,"I switched to google. The amazon helper is more for shopping, and google is the tasks assistant.",0,752,negative,Alexa Skills and Features,switched to Google | limited task capabilities | shopping-focused | prefers Google Assistant,Switched to Google because Amazon assistant focuses more on shopping than task management.
5,25-Jul-18,Black  Spot,My favorite Echo. A more than adequate replacement for a clock radio.,1,753,positive,Design and Appearance,favorite Echo | clock radio replacement | adequate performance,Favorite Echo model that effectively replaces a traditional clock radio.
5,25-Jul-18,Black  Spot,"The Echo Spot is compact, nice sound and camera quality. Makes it great to video chat with the family when I'm travelling for work. Ease of use that the youngest member (10 years) has no problem talking to Mama on the video chat and understands the important of digital security.",1,754,positive,Design and Appearance | Sound Quality | Video and Streaming | Alexa Skills and Features,compact design | nice sound | good camera quality | video chat functionality | easy to use | digital security,Compact device with good sound and camera quality; excellent for video chatting and easy for children to use.
5,25-Jul-18,White  Spot,This echo spot is great I love it,1,755,positive,,great gadget | loves the device,Customer is very happy with the Echo Spot.
5,25-Jul-18,White  Spot,"The voice recognition is amazing, perfect companion for the bedroom.",1,756,positive,Voice Recognition,excellent voice recognition | bedroom companion | reliable,Exceptional voice recognition makes it an ideal bedroom companion.
5,24-Jul-18,Black  Spot,"I liked it, perfect size, the screen is really clear, and elegant.",1,757,positive,Screen and Display | Design and Appearance,perfect size | clear screen | elegant design,Perfect size with clear display and elegant design.
5,24-Jul-18,White  Spot,"I am not easily impressed with electronic goodies. But...OMG this is by far the coolest thing I have ever had. It does everything short of clean your house... which, when I asked Alexa to clean my house.... was told she didn’t have hands, but instead played a fantastic playlist for cleaning! From reading books to my five year old, to video chat, to silly selfies, music that automatically goes to my Bose Bluetooth speaker, setting timers, alarms, changing my thermostat on voice command, tells me the weather, sends hubby a grocery pick up list, and I am sure. Million more things!BUY IT.....you u will not regret it.",1,758,positive,Alexa Skills and Features | Smart Home Integration | Voice Recognition | Video and Streaming,versatile functionality | voice commands | smart home control | music streaming | video chat,Exceptionally impressed with the device's wide range of capabilities and smart home integration features.
5,24-Jul-18,White  Spot,"This product is beautifully designed and I no longer have to hide an Echo device away like I did with Dot. It would be nice if Amazon would lose that camera though, which I have not used and might cause squirms for the privacy conscious.",1,759,mixed,Design and Appearance,beautiful design | camera privacy concern | less obtrusive than Dot,"Attractive design improves upon the Dot, but built-in camera raises privacy concerns."
5,24-Jul-18,White  Spot,Love this little dot with a screen. Super easy to set up and easy to use. Instantly connected to all my other echo products. I also bought the screen cover that has the blocking button for the camera if you want to use it. Recommended.,1,760,positive,Setup and Configuration | Design and Appearance | Smart Home Integration,easy setup | quick connection | sleek design | camera privacy option,Easy to set up and integrate with other Echo devices; attractive design with optional camera cover.
2,24-Jul-18,Black  Spot,ALEXA IS NOT AS SMART AS SIRI! CANNOT CANCEL SNOOZE AFTER ALARM GOES OFF. HAVE TO CANCEL PRE-SET ALARM FOR WEEKDAYS.,0,761,negative,Voice Recognition | Alexa Skills and Features,inferior to Siri | alarm snooze limitations | preset alarm inflexibility,Alexa lacks basic alarm management features compared to competitors like Siri.
1,24-Jul-18,White  Spot,"Great product EXCEPT there is no possible way for it to act as a clock the displays the time PERMANENTLY. When in 'Clock' mode, the screen rotates between the clock face and a 'Things to Try' screen. I intended on buying several units for my house, but I do not need a screen in the house that is permanently trying to upset me. Acting as clock should be a BASIC feature of the Echo Spot. How could you get this wrong, Amazon?? #FAIL",0,762,negative,Screen and Display | Alexa Skills and Features,clock mode limitation | rotating screen interruption | missing basic feature | design flaw,"Clock display rotates away from time to show promotional content, preventing use as permanent bedside clock."
2,24-Jul-18,Black  Spot,"I wanted to use this as a bedside clock with the ability to play music and podcasts. Sadly, it continuously scrolls the &#34;Things to try&#34; and won't stay on the clock face. Amazon is about to get this one back.",0,763,negative,Screen and Display | Alexa Skills and Features | Video and Streaming,clock display problem | persistent interruptions | unsatisfactory bedside use,Unable to function as bedside clock due to constant interruption from promotional screen rotation.
5,24-Jul-18,Black  Spot,Hands free calling in the house. I misplace my cell phone all the time so this is a real blessing. Really enjoying the streaming music.,1,764,positive,Voice Recognition | Video and Streaming,hands-free calling | music streaming | convenient communication,"Useful for hands-free calling and music streaming, particularly helpful when cell phone is misplaced."
5,24-Jul-18,Black  Spot,"Got for elderly parents,easy for them to use.just instructions could be more informative",1,765,mixed,Setup and Configuration | Warranty and Support,senior-friendly interface | unclear instructions | easy to use,Simple for elderly users but instructions could be more comprehensive and detailed.
5,24-Jul-18,Black  Spot,This thing is great. Fantastic alarm clock.,1,766,positive,Alexa Skills and Features,excellent alarm clock | reliable performance,Works well as an alarm clock with great functionality.
5,24-Jul-18,White  Spot,"We love using it for bedtime reading on Audible. It's very kid-friendly, and I can see liking it in the kitchen while I'm cooking since it's small and unobtrusive. We like it better than our Echo Dot.",1,767,positive,Video and Streaming | Design and Appearance,Audible integration | bedtime reading | kid-friendly | compact design | better than Dot,Excellent for Audible bedtime reading and kitchen use with kid-friendly interface and compact design.
5,24-Jul-18,White  Spot,very nice gadget. love it's look.,1,768,positive,Design and Appearance,nice gadget | love the look,Reviewer enjoys the device's appearance and overall quality.
1,23-Jul-18,White  Spot,Not happy with the Spot. Reset numerous times. Seems to be in slow mode. Have to be practically on top of it for it to hear me. Even after talking with support I still do not have “themes” in the menu to choose from!,0,769,negative,Device Reliability | Voice Recognition,reset numerous times | slow mode | poor voice detection | missing themes feature,"Device requires frequent resets, operates slowly, and lacks promised theme options."
5,23-Jul-18,Black  Spot,Love the Spot - Awesome little guy with precise video - I’m saving to buy one for my mom on the east coast - The Spot changes Everything as far as keeping your loved ones connected!!!Well worth every Cent!!,1,770,positive,Video and Streaming | Smart Home Integration,love the Spot | precise video | staying connected | changes everything,Device excels at video quality and connecting with loved ones remotely.
2,23-Jul-18,White  Spot,"All is fine with the Spot exact for one massive failing. In order to turn off a repeating alarm in the morning you pretty much have to talk - which is not a thing you usually want to do when first woken up and your bed partner will definitely not like. YES, you can manually swipe up on the alarm face to dismiss but i) swiping up rather than touching screen when you are half asleep is very difficult and results in setting snooze more than half the time even if you really try to swipe to dismiss and ii) if you do manage to swipe up to dismiss, then you completely delete your recurring alarm.This is especially annoying as Amazon could so easily fix this by simply making touching the screen turn off the alarm but NOT delete it or at least make it a setting to decide whether touching the screen for a recurring alarm snoozes or turns it off. But as the clock has been out for a year now and they still haven't adding this setting, clearly not going to happen. This may be the biggest product design screw up Amazon has ever made.",0,771,negative,Device Reliability | Alexa Skills and Features,alarm dismissal flawed | requires voice commands | swipe gesture unreliable | deletes recurring alarms,Alarm dismissal system is poorly designed and lacks adequate customization options.
2,23-Jul-18,Black  Spot,"item returned for repair ,receivded item back from repair 07/23/18 . parts missing no power cord included.please advise",0,772,negative,Warranty and Support | Refurbished Condition,returned for repair | parts missing | no power cord included,Repaired device arrived incomplete with essential components missing.
5,23-Jul-18,White  Spot,Awesome item that I had to buy two!,1,773,positive,,awesome item | bought two,Reviewer was so satisfied they purchased multiple units.
2,23-Jul-18,Black  Spot,"For as awesome as the Echo and Echo Dots are, the Spot is a disappointment. There is very little control over what the screen shows, what the clock looks like, what order things show up in, etc. At this point if I hadn't thrown the box away immediately, I would have sent it back and just got another full size Echo.",0,774,negative,Screen and Display | Alexa Skills and Features,disappointing | limited screen customization | poor clock options | prefers full Echo,Device lacks adequate customization for display and clock appearance compared to other Echo models.
5,23-Jul-18,Black  Spot,It has replaced my clock and Google Mini on my nightstand. Outstanding little device. I hope an update will give a simple face and font color options for the clock.,1,775,mixed,Screen and Display | Device Reliability,replaced clock and Google Mini | outstanding device | needs clock face options,Reliable nightstand device that works well but needs additional clock customization features.
5,23-Jul-18,White  Spot,I love the echo spot!,1,776,positive,,love the echo spot,Reviewer expresses satisfaction with the device.
5,23-Jul-18,Black  Spot,It every ting I thought it would be plus more. This will be going to my MOM right after I get through playing with it.,1,777,positive,Gift Purchase,exceeded expectations | plus more | gift for mom,Device surpassed expectations and is being gifted to family member.
5,22-Jul-18,White  Spot,The most fascinating thing I've ever bought,1,778,positive,,fascinating purchase | most interesting device,Buyer finds this their most fascinating purchase ever.
3,22-Jul-18,Black  Spot,"Sound quality is less than a dot, microphones don't pick me up as well as the other models (i have Echo and Dots). Picture quality is good",1,779,mixed,Sound Quality | Voice Recognition,poor sound quality versus Dot | weak microphone pickup | good picture quality,"Sound and microphone underperform compared to other Echo models, but picture quality is good."
5,22-Jul-18,White  Spot,Awesome cute and smart!,1,780,positive,Design and Appearance | Alexa Skills and Features,awesome | cute design | smart functionality,"Device is awesome, cute, and smart."
1,22-Jul-18,Black  Spot,Product forces user to review Alexa Things to Try. There is no way to disable it.,0,781,negative,Alexa Skills and Features,forced Alexa Things to Try review | no disable option | intrusive feature,Product forces review of Alexa Things to Try with no way to disable it.
5,22-Jul-18,Black  Spot,"Absolutely love it. After much persuasion from a friend, I finally gave in and bought one. Let's just say that the moment Alexa enters my life, I turn around and tell Siri to get the hell out.",1,782,positive,,absolutely love it | persuaded by friend | replaced Siri,Buyer loves the device and prefers it over Siri after initial hesitation.
5,22-Jul-18,Black  Spot,"This is my first Alexa device and it is so fun to discover all of the ways to use it. The biggest con with me is the ""drop-in"" feature, it's pretty creepy",1,784,mixed,Alexa Skills and Features,fun to discover uses | drop-in feature creepy | first Alexa device,Device is fun to explore but the drop-in feature feels creepy and invasive.
5,22-Jul-18,Black  Spot,The best thing since sliced bread!,1,785,positive,,best thing since sliced bread | excellent,Buyer considers this the best product.
1,22-Jul-18,Black  Spot,"Can’t be used as a baby monitor which is why I had purchased it. I didn’t realize this until I read the reviews on the Alexa skill for syncing the Nest Cam. Considering all of the poor reviews and the fact that it should be simple to fix, surprised Amazon hasn’t upgraded the software to allow more than 39 minutes of viewing or alerts like you get on the Nest app.",0,786,negative,Alexa Skills and Features | Video and Streaming,cannot use as baby monitor | 39-minute viewing limit | poor Nest Cam integration,Cannot function as baby monitor due to Nest Cam skill limitations and insufficient viewing duration.
3,22-Jul-18,Black  Spot,"Would be 5 stars if you could turn off the &#34;Things to Try&#34; screen!!! I should have read up on this before buying the Spot. Amazon, please update to enable us to turn this off! It is SO extremely annoying to look over to see the time but instead see &#34;Things to try&#34;.",1,787,negative,Alexa Skills and Features | Screen and Display,Things to Try screen cannot disable | annoying popup interrupts time display | software limitation,Things to Try screen cannot be disabled and annoyingly blocks time display.
5,22-Jul-18,Black  Spot,Love it. So great to use!!!,1,788,positive,,love it | great to use | enjoyable,Buyer loves the device and finds it great to use.
1,22-Jul-18,Black  Spot,"I own 3 of these... amazon is ignoring its customers and using these devices as a marketing tool. You can customize the screen contents, but you cannot turn off there advertising, Things to Try... People will suggest that you can, but you can only do so if you turn off all content changes which is not an acceptable option.Moreover, they should increase the size slightly, and improve the audio speaker. That would give you a 5 star device.Right now i’m debating whether to return all 3 devices. My wife says we should.",0,789,negative,Advertising and Promotions | Sound Quality | Design and Appearance,forced advertising | cannot disable ads | poor speaker quality | device size too small,"Owner frustrated with unavoidable advertising and inadequate audio, considering returning all three devices."
5,22-Jul-18,Black  Spot,"I never thought I was going to be THAT person that is completely connected. I purchased this and another Echo product on Prime Day and fell in love. I have one in my office and one in our kitchen. I have already used this for morning briefings from the News while I am getting ready for the day as well as look up recipes. The screen is big enough for me to easily read writing (this was a concern for me). I loved this so much I purchased it for my grandparents and parents so they can easily video call me as they tend to have issues with their computer and other video conferencing tools. Note: I did purchase camera covers (even though there is a button to &#34;turn off the camera and microphone&#34; and it doesn't impede the operations and camera so if that is what you are worried about, there are work around!",1,790,positive,Screen and Display | Alexa Skills and Features | Video and Streaming,easy to read screen | morning briefings | video calling | falls in love with device,"Delighted customer uses device for news, recipes, and video calls with family members."
5,21-Jul-18,White  Spot,"LOVE love love this! I have an echo, and several echo dots, but love the video with this and the clock. I no longer have to wake up and say &#34;Alexa, what time is it?&#34; or &#34;Alexa, weather&#34; I can even watch videos on it if i forget my kindle before bed.",1,791,positive,Screen and Display | Video and Streaming | Alexa Skills and Features,loves video feature | clock display | watch videos | improves daily routine,Customer enthusiastically prefers this model over dots for its video capability and clock display.
5,21-Jul-18,Black  Spot,After purchasing my Echo Spot to add to our other 4 Amazon Echoes...I am very pleased with the Echo Spot...I use it with our Arlo Security cameras and Ring video doorbell and works without any problems...,1,792,positive,Smart Home Integration | Device Reliability,works with security cameras | Ring doorbell integration | no problems | very pleased,Customer satisfied with seamless integration of device with Arlo and Ring smart home products.
5,21-Jul-18,Black  Spot,"It does so much more than I knew when I bought it. It pretty much runs my house, helps me fall asleep, takes care of my schedule, and entertainment",1,793,positive,Alexa Skills and Features | Smart Home Integration,runs the house | schedule management | entertainment | more versatile than expected,"Customer impressed by device's versatility for home automation, scheduling, and entertainment."
5,21-Jul-18,Black  Spot,"Love, love so far. I just received it Thursday. I unwrapped it, set it up, & immediately programmed it. No problem with the reoccurring things to try. I set it to rotate once and shows time like I want. I love the low ambient look at night.",1,794,positive,Setup and Configuration | Screen and Display,easy setup | customizable display | ambient look at night | no configuration problems,Satisfied customer easily set up device and appreciates customizable display settings including night mode.
5,21-Jul-18,White  Spot,"This is the best Alexa enabled device you can get, it is so versatile and useful. It sound way better than the dot but not as good as the regular echo. The screen makes all the difference in the world.",1,795,positive,Screen and Display | Sound Quality | Alexa Skills and Features,best Alexa device | screen makes difference | good sound quality | versatile and useful,"Customer ranks this as the best Alexa device, praising its screen and improved audio over dots."
5,21-Jul-18,Black  Spot,"I needed an alarm clock and this fit the bill perfectly. I am a believer in amazon echo, Alexa and fire. Great customization options and Alexa is always helpful. Sound quality is also surprisingly good.",1,796,positive,Sound Quality | Setup and Configuration | Alexa Skills and Features,good alarm clock | great customization | surprisingly good sound | helpful Alexa,"Customer satisfied with device as alarm clock, praising sound quality and customization options."
4,21-Jul-18,Black  Spot,You're going to have to shell out an extra $20 bucks for the stand that should come with it so you can angle it best for how ever you are using this. My biggest gripe. I already spent an arm and a leg on this it should come with the stand.,1,797,negative,Design and Appearance | Price and Deals,stand sold separately | extra $20 cost | should be included | expensive device,Customer frustrated that essential stand costs extra twenty dollars on already expensive purchase.
4,21-Jul-18,White  Spot,"Love it except that Amazon needs a reference one cohesive link for a full user manual. I don't have hours to research websites. Plus, more instruction from Alexa on skills would be great. We often get the answer, ""I don't know that skill"" even though I've added it in the app. I.e. Kwikset or Pizza Hut.",1,798,mixed,Warranty and Support | Alexa Skills and Features,love the device | no cohesive user manual | skill integration issues | limited Alexa guidance,Customer loves device but frustrated by poor documentation and Alexa's difficulty recognizing added skills.
5,21-Jul-18,Black  Spot,Such a handy item to have on my night stand. She reads to me at night and gets me all set for the day in the morning with my calendar and weather views.,1,799,positive,Alexa Skills and Features | Design and Appearance,nightstand companion | reads to me | calendar and weather,Handy nightstand device that reads to user and provides morning calendar and weather updates.
5,21-Jul-18,Black  Spot,"I got this on Prime day and figured I'd see what all the hype is about. Honestly I didn't really want to like it as personally bugging my house seems kinda weird, but honestly, I love it. Like it or not this is the way the world is going, so why not.I loved it so much I ordered 2. I didn't get the Show because it looks like it came from the 1990's and is downright ugly. I have no interest on watching anything on these devices anyway, so the Spot's screen does not bother me - although it is very clear.Alexa can hear you from pretty much everywhere. My favorite part about this is having it in our living room where it's hooked up to our bluetooth soundbar - where I can just say play any song I want and it will. I guess I could just pick up my smartphone to do that, but you don't know how much easier it is to interact with media using your voice rather than navigating through multiple pages.The one thing that I am not a fan of is the home screen cards do not really rotate that much - they also do not rotate when playing music. I'd love for it to display the weather as I listen to music.The screen is clear and I also really enjoy Alexa being able to tell me how my commute will be - there is a great skill that you can download that will tell you traffic to 5 different places (that you program and name) so you can say alexa give me traffic to my parents - and she will tell you the best route and time you will arrive in current traffic. I have this programmed for my parents, fiances parents, work, and her work. So it really works great.The one thing that I actually preferred the Dot over the Spot is the dot will light up different colors when you have package notifications.. I have not seen the Spot really do much for package notifications yet. The dot it was very easy to tell when something was delivered. I would recommend Amazon do exactly what they did for the Dot but on the Spot - the Dot lights up colors - why can't the Spot ? The same way you command alexa and you get that blue ring, just make that ring yellow when a package is updated for delivery.Overall it's a great device that I am looking forward to integrating my home around. I'm already looking at dash buttons, smart plugs, etc..- and = when I become a home owner instead of renting where I can't tinker with my thermostat I will be purchasing a Nest down the road for HVAC integration.",1,800,mixed,Voice Recognition | Alexa Skills and Features | Smart Home Integration | Screen and Display | Design and Appearance,voice control for music | clear screen | traffic skill | package notifications limitation | home automation plans,"Excellent voice control and features, but home screen card rotation and package notification display need improvement."
5,21-Jul-18,Black  Spot,"The screen response time is way better than I expected. Sound quality is good too, also it’s not so bright that I have to turn off the screen but it is an option. I have a Dot in another room and which ever hears me better is the one that responds.",1,801,positive,Screen and Display | Sound Quality | Voice Recognition,screen response time | sound quality | brightness control | voice recognition,Screen response and sound quality exceed expectations with good brightness control and voice recognition.
5,21-Jul-18,Black  Spot,"I LOOOOOOOVE this thing! :) Watching movies on it is a bit of a disaster because of the round screen, but other than that it's a GREAT chachki toy :)",1,802,mixed,Video and Streaming | Design and Appearance,round screen limitation | movie watching issue | entertaining device,"Fun device overall, but round screen design makes movie watching difficult."
5,20-Jul-18,Black  Spot,We gave the Echo Spot as a gift to my mother in law. She loves it. She can play music of all genres! Easy for her to use.,1,803,positive,Gift Purchase | Alexa Skills and Features,gift for mother-in-law | music playback | easy to use,Mother-in-law loves gift device for playing music across all genres with ease.
5,20-Jul-18,Black  Spot,Very easy to set up. Does what is said it will. Very satisfied so far..,1,804,positive,Setup and Configuration | Device Reliability,easy setup | works as described | satisfied,"Easy setup and performs as advertised, leaving user very satisfied."
5,20-Jul-18,Black  Spot,"Great product, need a bit a adjustment to set up spotify, time, weather, etc.. in Hong Kong, but works fine now. I used it as alarm clock + music in bedroom, love it.",1,805,positive,Setup and Configuration | Alexa Skills and Features | Battery and Power,setup adjustment needed | Spotify integration | bedroom alarm clock | music player,Works well as bedroom alarm clock and music player after initial regional setup adjustments.
3,20-Jul-18,White  Spot,"I bought this to replace a Dot in my bedroom. Already have a Show and a couple of full-sized Echo units in my house.The Spot is okay for what it is. Two issues, one minor and one major:-the minor one - why include the huge bezel on the front? Why not take that space and make the display larger? A total waste of usable space.-the major one, also involves the Show: I'm very used to these devices. I don't need to see &#34;Things to Try&#34; whenever I use a voice command with it (even setting it to rotate once starts this crap over again when you dare to actually use the devices). I'm not a child and I don't need to be told a hundred times how to play music on it. And having this on my nightstand and seeing these highly annoying tips is just outrageous for a unit meant to be used next to a bed. Why doesn't Amazon fix this and give us the option to turn this nonsense off? I want to see a clock face, period, not these silly nanny reminders.",1,806,negative,Design and Appearance | Screen and Display | Alexa Skills and Features,wasted bezel space | intrusive tips | nanny reminders | nightstand frustration,"Large bezel wastes space and persistent ""Things to Try"" tips are annoying for nightstand use."
5,20-Jul-18,Black  Spot,This product just looks adorable in any room and I love it. I recently just bought my mom one as a gift on Prime Day and she can't wait to use it.,1,807,positive,Design and Appearance | Gift Purchase,adorable appearance | gift for mom | Prime Day purchase,"Attractive device that makes a great gift, with recipient eager to use it."
4,20-Jul-18,White  Spot,"Loving this way more than google home devices. I've been using for a couple months and if you're an amazon prime subscriber the value here is greater than google. I'm using to listen to free music with prime (better than alternatives), audible and you can even watch movies. The display is a little small for lots of watching, the sound should be louder, and YOUTUBE NEEDS TO BE AVAILABLE. These issues put this at a 3.5 to 4 stars. Fix one of them (youtube) and its a 5 star item. To alleviate sound I've paired with a blue tooth speaker. Right now this sits in my living area. Where I think it will shine is my office desk. Once there are great offers I could see purchasing additional for nightstand or other Amazon Alexa items for my household. I felt happy after adding this to my house where as I felt stupid using google home.",1,808,mixed,Alexa Skills and Features | Sound Quality | Screen and Display | Price and Deals | Video and Streaming,superior to Google Home | small display | weak sound | missing YouTube | Prime value,"Better than Google Home with Prime integration, but small display, weak sound, and missing YouTube limit appeal."
3,20-Jul-18,Black  Spot,I like it as an Alexa device but its small.,1,809,positive,Alexa Skills and Features | Design and Appearance,likes as Alexa device | compact size | small form factor,User appreciates the Alexa device but notes its small size.
5,20-Jul-18,Black  Spot,What a wonderful little Alexa enabled gadget at like the analog clock face the best,1,810,positive,Design and Appearance | Alexa Skills and Features,wonderful gadget | analog clock face | Alexa enabled,"User loves the gadget, especially its analog clock face design."
5,20-Jul-18,White  Spot,"Love it, Love it, Love it!!! Bought it on Prime Day, then had buyers remorse, but once I got it, it was Love at first sight.",1,811,positive,Gift Purchase,love at first sight | Prime Day purchase | initial doubt overcome,User overcame initial buyer's remorse and now loves the product.
5,20-Jul-18,Black  Spot,I like the Echo Spot because it fits into my decor and I can also sing along with my favorite songs,1,812,positive,Design and Appearance | Alexa Skills and Features,fits decor | sing along | music features,User appreciates how it fits their décor and enables singing along to songs.
5,20-Jul-18,Black  Spot,Best bedside clock and assistant I have ever had.,1,813,positive,Design and Appearance | Alexa Skills and Features,best bedside clock | assistant functionality | highly satisfied,User considers it the best bedside clock and assistant they've owned.
5,19-Jul-18,White  Spot,"Omg where do I start, I LOVE THIS THING! None bad to say!",1,814,positive,Alexa Skills and Features,love this thing | nothing bad to say | extremely satisfied,User expresses complete satisfaction with no negative feedback.
5,19-Jul-18,Black  Spot,Works as described. A+++++,1,815,positive,Device Reliability,works as described | excellent performance | reliable,Product works exactly as advertised with excellent performance.
1,19-Jul-18,Black  Spot,Get rid of the &#34;Thongs To Try&#34; screen!!!!!!!!!! Numb nuts!!!!!,0,816,negative,Advertising and Promotions,remove screen feature | unwanted promotions | frustrated,"User strongly dislikes the ""Things To Try"" screen feature."
5,19-Jul-18,Black  Spot,"Have not used it yet. But I'm sure it's as great as the others.. I can not get over how amazing the echo , echo dots are. This has to be some of the greatest technology that has ever came out.",1,817,positive,Alexa Skills and Features | Device Reliability,not used yet | confident purchase | amazing technology,User hasn't used it yet but expresses confidence based on Echo product line.
5,19-Jul-18,Black  Spot,I am very excited and happy with this. It was a breeze to set up and my favorite feature is reading my Kindle and going to sleep to Thunderstorm music.,1,818,positive,Setup and Configuration | Alexa Skills and Features | Video and Streaming,easy setup | Kindle reading | sleep music features,User is happy with easy setup and favorite features for reading and sleep music.
5,19-Jul-18,Black  Spot,Still learning to use these things. They sure are smart! haha She started reading a book to me yesterday. Get one. I like the way it controls the brightness all by itself when lights are turned off at night.,1,819,positive,Alexa Skills and Features | Screen and Display,smart features | book reading | automatic brightness control | night mode,"User appreciates the device's intelligence, book reading capability, and automatic brightness adjustment."
5,19-Jul-18,Black  Spot,"I highly recommend the spot! I have it connected to the kasa camera and it is so convenient to just ask spot to, &#34;show me the camera&#34; when someone is at the door. Love it! As soon as amazon has a good sale on these again I will be getting another one! Good job Amazon!",1,820,positive,Smart Home Integration | Alexa Skills and Features,kasa camera integration | convenient voice control | door monitoring | waiting for sale,"User loves the device's camera integration and voice control convenience, plans to buy another."
2,19-Jul-18,Black  Spot,The echo works fine but then you get indundated with &#34;Things to try&#34;. I am not a 10 year old that needs stimulus to tell me to do things. I found there is no way to turn this off except for .... turning off the screen. If I cannot find a suitable fix for this it goes back.,0,821,negative,Advertising and Promotions,Things to try feature | excessive suggestions | no disable option | considering return,Device functions well but unsolicited 'Things to Try' suggestions are frustrating and difficult to disable.
5,19-Jul-18,Black  Spot,Great to wake up to music and being told the weather.,1,822,positive,Alexa Skills and Features,morning wake-up music | weather updates | useful alarm clock,User enjoys waking to music and receiving weather information from the device.
4,19-Jul-18,White  Spot,"Bought this to replace a Sony Dash (remember those?) after Sony decided to pull support from it entirely. It works great for what I use it for: an alarm clock, a weather station, background music player and voice control of lights throughout my house. My biggest gripe about the device and why I knocked a star off is that you can't turn off the suggestions on &#34;Things to Try&#34;. It 's an annoying and a stupid design decision since you have control to turn off other things you don't want to see as it cycles through content screens. A software update or two would help this improve especially full control of what we want and don't want to see in the content rotation.",1,823,mixed,Smart Home Integration | Advertising and Promotions,alarm clock functionality | weather station | light control | Things to Try annoyance | software limitation,"Device works well as alarm, weather station, and smart home controller, but the mandatory 'Things to Try' suggestions are an irritating design flaw."
1,19-Jul-18,Black  Spot,Can't turn of &#34;things to try&#34; on the screen scroll. This is a big promotion device for Amazon. Packing it up and sending it back. They really want to get in our heads. Enough already.,0,824,negative,Advertising and Promotions,Things to try screen scroll | promotional content | invasive advertising | returning device,User returning device due to inability to disable mandatory 'Things to Try' promotional content.
5,19-Jul-18,Black  Spot,Love everything about this product I bought two one for my household and one for my mother in law just so we can video chat with her and for emergency and it’s easy to use for older folks.,1,825,positive,Video and Streaming | Alexa Skills and Features,video chat capability | easy to use | elderly-friendly | gift purchase | emergency communication,"User loves the device's video chat feature and ease of use, purchased for family communication."
2,19-Jul-18,Black  Spot,This thing woke me up in the middle of the night saying “ready for setup”. It was already setup. Should be a simple thing to check time before asking. Wife not happy...,0,826,negative,Setup and Configuration,middle-of-night wake-up | setup notification error | already configured | poor timing logic,Device woke user at night with unnecessary setup prompt despite being already configured.
4,19-Jul-18,White  Spot,The echo spot is really great. I just got it and is easy to set up. I do have one problem. When the advertise it they show a screen with the time weather and your town. Sadly there is no way to make this the home screen. The home screen is just the time😔. I spoke to support and the wonderful lady tried and researched for 45 minutes to no avail. I am disappointed because I wanted that screen all the time not just during an occasional screen rotate. I am hoping they will do something about this. Other than that it’s great,1,827,mixed,Screen and Display | Warranty and Support,easy setup | attractive design | weather and time display limitation | support experience | home screen customization,"Device is easy to set up and attractive, but lacks ability to set preferred weather display as home screen despite support efforts."
1,19-Jul-18,Black  Spot,"The product is attractive and somewhat useful, BUT, Amazon chose to force users to view their “things to try” and Trending”. This greatly depreciates the value of the product. Do not buy unless you are willing to view a billboard from Amazon.",0,828,negative,Advertising and Promotions,forced promotional content | Things to Try feature | Trending section | billboard advertising | reduced value,Device depreciates in value due to forced viewing of Amazon promotional content and advertisements.
5,19-Jul-18,Black  Spot,"The Echo Spot has really helped me to streamline my day and be more efficient! It reminds me of any appointments, warns me about traffic snarls, and tells me the weather every day while suggesting new music and introducing me to new artists.",1,829,positive,Alexa Skills and Features,streamline day | appointments reminders | traffic warnings | weather updates | music discovery,"Echo Spot efficiently manages daily tasks with helpful reminders, weather, and music suggestions."
5,19-Jul-18,Black  Spot,"Come on - it's amaonmazing! It's way more than a smart speaker. It's my wake-up alarm, my security blanket, and infotainment center all-in-one. It's my connection to the world during night hours when I'm mostly sleepy or zonked-out Zzzzzzz... I can still access the world without my reading-glasses late at night. It sounds amazing for its size. It can hear me when I'm far from awake (mostly). As they say, &#34;this is a must-have device&#34;. Yep, that is a true statement.",1,830,positive,Voice Recognition | Sound Quality | Alexa Skills and Features,multi-function device | wake-up alarm | security blanket | excellent sound | reliable voice recognition,Echo Spot is an exceptional all-in-one device with great sound and reliable voice recognition.
5,19-Jul-18,Black  Spot,"Got one for me and for my son on Prime Day. We love them! I want one in every room, but that would be excessive.",1,831,positive,Gift Purchase,Prime Day purchase | family satisfaction | multiple units desired,Loved Echo Spot purchase for self and son; would buy more for every room.
5,19-Jul-18,Black  Spot,In one word: Amazing! Best tech purchase I have ever made as it controls all devices in my house and even my pool!,1,832,positive,Smart Home Integration,best tech purchase | home device control | pool integration,Best tech purchase ever; controls all home devices including pool seamlessly.
5,19-Jul-18,White  Spot,I’m leaving this for those who don’t have enough of an attention span to read instructions. You can stop the screen rotations.Swipe down on clock screenSelect settingsHome & clockHome cardsRotate onceProblem solved,1,833,positive,Setup and Configuration,screen rotation fix | simple solution | easy settings access,Screen rotation issue solved easily through settings menu for those needing guidance.
5,19-Jul-18,White  Spot,Very nicely constructed. My wife wanted a second for the kitchen so I order a second one.,1,834,positive,Design and Appearance,well constructed | quality build | repeat purchase,Nicely constructed device; satisfied enough to purchase a second one.
5,19-Jul-18,Black  Spot,"I love this little gadget, replaces my old clock basically, love i can listen to music in the morning get weather updates, news briefs. Let's me know when a amazon order is arriving & has been delivered etc. Yes it's a little pricey, but purchased it on Amazon Prime Now during Prime Day and it was delivered same day for $99.",1,835,positive,Price and Deals | Alexa Skills and Features,replaces clock | music playback | weather updates | Prime Day deal | order tracking,Excellent device replacing clock with music and weather; good value at Prime Day price.
5,19-Jul-18,Black  Spot,https://www.amazon.com/dp/B073SQYXTW/ref=cm_cr_ryp_prd_ttl_sol_18,1,836,negative,,URL link only,Review contains only a product link with no substantive feedback.
4,19-Jul-18,Black  Spot,"I love my little Echo Spot, I have replaced my older full size echo with this little guy. The round screen is an interesting choice and I'm not sure I like the look but it is growing on me. The speakers could be slightly louder but all in all it is a solid echo product.",1,837,mixed,Design and Appearance | Sound Quality,round screen design | replacing full-size Echo | speaker volume adequate | solid product,"Good product with growing appeal, though round screen is unconventional and speakers could be louder."
2,19-Jul-18,Black  Spot,"It's not as good as Siri, BUT it still has some positives, it's great at playing music, and setting alarms. I personally felt that I paid too much for this product, as it was nearly half off on prime day (literally the day after I purchased it). So I'm pretty disappointed. I might still return it and get my money back. .",0,838,negative,Price and Deals | Alexa Skills and Features,not as good as Siri | overpriced | price regret | Prime Day discount delay,Disappointed by high price and immediate discount; considering return despite good music and alarm features.
4,19-Jul-18,Black  Spot,"Having received this as a gift, I am writing my initial thoughts: (compared to my google home mini)PROS: Way easier to setup than the google home mini. I was able to connect ALL of my smart home device (unlike google) without any issues. Making phone calls on this was clearer for the receiver to understand me.CONS: Need to enable 'skills' to get more functionality. Google home has built in functionality to search the web for answer to questions easier than the amazon echo. Could not connect this to youtube.",1,839,mixed,Setup and Configuration | Smart Home Integration | Alexa Skills and Features,easier setup than Google Home | smart home device connection | skills required for functionality | clearer phone calls,"Easier setup and smart home integration than Google Home, but requires enabling skills and lacks built-in web search."
5,18-Jul-18,White  Spot,Well-made product.Echo Spot - White,1,840,positive,Design and Appearance,well-made product,Customer praises the product as well-made.
5,18-Jul-18,Black  Spot,"Installed on my back porch, works very well! I did have to get the wall mount for it, which also works well.",1,841,positive,Device Reliability | Setup and Configuration,works very well | wall mount | back porch installation,Works very well on back porch with wall mount installation.
5,18-Jul-18,Black  Spot,"Thank God, and alarm clock with an lcd that gets dim enough for me to sleep. I'm a very light sensitive sleeper and wind up taping black tape over all my other stuff in my bed room. Not this guy. The Alexa features are nice and listening to music at night is great. We enjoy falling asleep to meditation podcasts though we have to use the skill anypod to get the podcasts we like. Video is kinda tiny and useless at this size but that's to be expected. Audio quality is much better than echo dot.",1,842,positive,Screen and Display | Sound Quality | Alexa Skills and Features,dim display for sleep | light sensitive | good audio quality | meditation podcasts,Excellent dim display for light-sensitive sleepers and superior audio quality compared to Echo Dot.
5,18-Jul-18,White  Spot,"I love this thing. At first I thought it wouldn’t stay on the clock and that I would have to suffer through ads forever but when the lights are off it sits on the clock and it’s very comfortable for the eyes, easy set up. Love it",1,843,positive,Screen and Display | Setup and Configuration,comfortable for eyes | easy setup | clock display in dark,Easy setup with comfortable display that dims well in darkness.
5,18-Jul-18,White  Spot,"Got it and, as expected, ITS GREAT! Almost a swell as my SHOW.",1,844,positive,,great product | comparison to SHOW,Customer expresses strong satisfaction with the product.
5,18-Jul-18,Black  Spot,"Love this thing. People think I’m crazy for paying this much for a glorified alarm clock. But I don’t care!! For me, waking up in a good mood is pretty important and this helps me do it!! So glad I don’t have to deal with my old EEAANH EEAANH EEAANH alarm. Very excited to say “Alexa, turn off the lights” (smart plugs get here soon!) Got a camera privacy slide for this since it is in my bedroom.",1,845,positive,Alexa Skills and Features | Smart Home Integration | Design and Appearance,alarm clock functionality | mood improvement | smart light control | privacy slide,Greatly improves morning mood and works well for smart home control with privacy considerations.
5,18-Jul-18,Black  Spot,"I absolutely love this! Very user friendly and I got the Kasa Cam to go with it to monitor my living room. Super easy to set up and operate. I only wish it actually came with the camera privacy cover and pivoting stand which you can buy separately. I’m looking forward to future software updates for different clock faces. I like digital but I miss the colon in between the hours and minutes on most of them. I’d also like to see more celebs jump on board for the alarm voices. I really have no complaints, I’m being nit picky at this point. Worth every penny!",1,846,mixed,Setup and Configuration | Design and Appearance,user friendly | easy setup | missing privacy cover and stand | digital clock faces,"Very user-friendly with easy setup, but lacks included privacy cover and pivoting stand accessories."
5,18-Jul-18,Black  Spot,Surprisingly good beefy sound out of this thing. I think it might shape up to be one of my favorite echo devices. I have nearly all of them. ;-),1,847,positive,Sound Quality,surprisingly good sound | beefy audio | favorite echo device,Delivers surprisingly good sound quality comparable to other Echo devices.
5,18-Jul-18,Black  Spot,"Given as a gift to my wife, to compliment my echo. She loves it.",1,848,positive,Gift Purchase,gift to wife | loved by recipient,Wife loves this gift device as a complement to another Echo.
5,18-Jul-18,White  Spot,This is a gift. But I have one and love it. The words to songs are great and the I live the face I chose for the clock. This is my favorite echo (unless I am listening to music).,1,849,positive,Gift Purchase | Alexa Skills and Features | Design and Appearance,gift purchase | love it | song lyrics | custom clock face | favorite echo,Gifting a beloved Echo Spot; loves the custom clock faces and song lyrics display.
5,17-Jul-18,Black  Spot,"I’ve had this for a little over 3 weeks now and I absolutely love it! It’s so easy to use. I’m basically using it as a smart alarm but it can do way more. The screen quality is great and it looks super cute sitting on my night stand. I don’t know how I lived without it so long. If you can’t decide whether to buy it or not, GO FOR IT! You won’t regret it!!",1,850,positive,Screen and Display | Design and Appearance | Alexa Skills and Features,easy to use | smart alarm | great screen quality | cute design | highly recommend,Absolutely loves the Echo Spot as a smart alarm with excellent screen and appealing appearance.
1,17-Jul-18,Black  Spot,Bought the spot and loved it. Within months it started acting funny and would stop working—called and they determined that it was overheating. I was told to unplug and technical support would call within 24-48 hours. Waited 48 hours without response and replied to email and was asked to wait a week. A week goes by with absolutely no response so I do the inline chat per instructions. Told to wait longer. REALLY???? Unacceptable—expected more from Amazon. Find it funny how they always thank me for being a Prime member but when an issue arises I cannot even get assistance.,0,851,negative,Device Reliability | Warranty and Support,overheating issue | stopped working | poor support response | unacceptable service | no assistance,Device overheated and stopped working; Amazon support failed to respond within promised timeframes.
4,17-Jul-18,White  Spot,"Much easier to use than the dot. It picks up my voice from farther away and the speakers seem a lot cleaner sounding The screen is a nice perk but I only use it at bed time to listen to prime shows before bed, the screen is too small to watch shows..It displays my alarm in print so I know Alexa heard me correctly. and you can make you own clock face with personal pictures. My only complaint is that they don't add the stand as standard. I didn't need it for my spot at my desk but definitely needed it beside the bed.Many people complain about the basic Alexa program but it is still such new tech that I'm not going to split hairs. The echo was not as good as my dot and the spot is better than dot. Alexa gets better over time and the skills are increasing weekly. Now Alexa even tells the difference between my son and my voice. I think Amazon is working overtime on this project. I gave feedback to ask to be able to have self made lists and now you can make and name lists for anything.I am so used to my Alexa that I talk to her even when I'm staying in a hotel and she's no where to be found. Alexa, what time is it? ALEXA???!!",1,852,positive,Voice Recognition | Sound Quality | Screen and Display | Alexa Skills and Features,better than dot | improved voice pickup | clean sound | custom clock faces | growing skills,"Prefers Spot over Dot; appreciates improved voice recognition, sound quality, and expanding Alexa capabilities."
5,17-Jul-18,White  Spot,"When we were buying another product there was an option to bundle this one for an extra $30...so we thought why not? Well, I'm so glad we did! We are really enjoying our Echo Spot. It reads stories to our girls, plays music, gives us the news, and so much more! It's so responsive and has so many skills that we enjoy.",1,853,positive,Gift Purchase | Alexa Skills and Features | Price and Deals,bundled purchase | great deal | stories for kids | responsive | many skills,"Happy impulse bundle purchase; family enjoys stories, music, news, and responsive Alexa features."
1,17-Jul-18,Black  Spot,For the size of the screen this thing should be $25,0,854,negative,Screen and Display | Price and Deals,overpriced | small screen | poor value | screen size,Screen size does not justify the price point.
3,17-Jul-18,Black  Spot,"This is 1 of 6 echo devices in the house and is currently being deployed as a bedside alarm clock. I use it basically as an echo dot with a clock attached and may occasionally pull up camera video. Audio quality and screen quality are really are not appropriate for music or watching video. Much of the time it works well as alarm clock, but there are some serious flaws, particularly if you are the last one to bed or the first to wake. It doesn’t seem like the engineers actually tested this in a bedroom with 2 people on different schedules. Try walking into a dark bedroom with a sleeping wife and waking her up by saying “Alexa set an alarm for 5am” and then having Alexa repeat “OK alarm set for 5am.” Not good. I suppose you could whisper then fumble for the volume down button but that is stupid. Plain and simple, this device needs to be brought into the 1990’s and have simple touch screen interface added to set an alarm. I know there is a cumbersome interface for these situations where one can set an alarm from the alexa app on your phone. No thanks, if I’m picking up my phone to set an alarm I will just use its built in alarm and save a step. At least the engineers allow the alarm to be turned off from the touch screen, so for example if you wake up a few minutes early you can cancel the alarm without speaking and waking your spouse. The interface for using the touch screen to cancel an alarm that has gone off is however not great. There should be separate snooze and cancel buttons. Currently a touch snoozes and a swipe cancels. It is too easy when half awake to snooze when you think you have cancelled. When the snoozed alarm goes off a few minutes later, my not amused and no longer sleeping wife will let me know by summoning Alexa to turn off the bathroom lights while I’m in the shower.",1,855,negative,Device Reliability | Setup and Configuration | Sound Quality | Screen and Display,bedroom design flaw | loud alarm announcements | poor interface | limited audio quality | wake spouse,Poor bedroom design; loud voice responses disturb sleeping partners and touch interface lacks snooze/cancel buttons.
5,17-Jul-18,Black  Spot,I bought this for my mother and she loves it! I want to get one for myself now!,1,856,positive,Gift Purchase,mother loves it | gift purchase | wants one for self,Mother loves the Echo Spot gift; buyer now wants one for themselves.
1,17-Jul-18,Black  Spot,Invasive and scared the crap out of me for speaking when it was not spoken to! CREAPY AF,0,857,negative,Device Reliability | Voice Recognition,activates unexpectedly | creepy | speaking when not spoken to | invasive,"Device activates and speaks unexpectedly, causing alarm and discomfort."
4,16-Jul-18,Black  Spot,"4 out of 5 stars. I have the Original Tall Echo, 4 dots, 2 spots and 1 Show. The only thing I'm finding a problem with is the speakers in the Spot. when using Drop In. Sometimes I'm not being heard on the other spot and vice versa. The voices tends break up or the sound coming through is intermittent. The optical is fine........ it's just the sound. Sometimes I'll have to repeat the wake word 2-3 times and I'm only 8 feet away plus it's on one of those $20 stands. I find the ECHO DOT, Original echo and the Show has much better sound quality. That's one reason I bought the Echo Show.",1,858,mixed,Sound Quality | Voice Recognition,Drop In issues | intermittent sound | voice breakup | inconsistent hearing | prefer Dot and Show,Drop In feature has intermittent audio quality and voice recognition issues; prefers Dot and Show models.
5,16-Jul-18,Black  Spot,"I bought this for my 90 year old grandmother and she and I love it!!! She can call all her family members with just her voice, play games, even watch a video and I love that I can “drop in” on her any time to see how she is doing. She lives all by herself. And I feel comfortable if there was an emergency she could call out to Alexa for help!!",1,859,positive,Alexa Skills and Features | Smart Home Integration | Gift Purchase,voice calling family | emergency help | peace of mind for elderly | drop-in feature,"Grandmother loves using voice commands to call family, play games, and watch videos safely."
5,16-Jul-18,Black  Spot,"I love this thing! It plays my books from audible or prime music and sets my alarms! If you’re considering purchasing one, get it. It’s worth it.",1,860,positive,Alexa Skills and Features,Audible and music | alarms | worth the purchase,"Plays audiobooks and music, sets alarms, and worth buying."
5,16-Jul-18,White  Spot,I think it can read my mind,1,861,positive,Voice Recognition,mind reading | impressive recognition,Device's voice recognition capabilities are remarkably accurate.
5,16-Jul-18,Black  Spot,"Love my spot! My favorite feature is the &#34;Alexa, start my day.&#34; I love that I can hear the weather, traffic and even the word of the day! It even goes right into my favorite podcast while I get dressed!",1,862,positive,Alexa Skills and Features,start my day routine | weather and traffic | podcast integration,"Enjoys morning routine with weather, traffic, and podcast features."
5,15-Jul-18,Black  Spot,Works. Replaced my expired bedside radio/alarm.It took me a while to realize that option setting involved using it as a touch screen.Maybe it should said something during the setup process.,1,863,mixed,Device Reliability | Setup and Configuration,works as replacement | unclear touch screen setup | confusing configuration,Replaces bedside radio but setup instructions should clarify touchscreen usage.
5,15-Jul-18,White  Spot,"Works great I love it, grand daughter digs the watching of cartoons on it lol",1,864,positive,Video and Streaming,works great | cartoon watching | family enjoyment,"Works great for family use, including grandchild watching cartoons."
5,15-Jul-18,Black  Spot,Gift for husband. Great!,1,865,positive,Gift Purchase,gift for husband | satisfactory,Gift purchase for husband that was well-received.
5,15-Jul-18,White  Spot,I had just said to myself how I desired an assistant when I came across the Spot! As a Mom of two things can get hectic really quickly trying to manage everyone’s schedules & my own. I just verbally tell Alexa what reminder or timer I need set and Voila!Having my Spot has given me the virtual assistant I so desired without having to actually hire someone. Not to mention the many other awesome features. I have Alexa synced with my Audible & Kindle & Alex can read a book from my libraries to me.I’m still excited to see what else my Spot can do!Side note: I had wanted to purchase a Show for a while & probably still will down the line however I sooooo love my sleek little Sopt!,1,866,positive,Alexa Skills and Features | Smart Home Integration | Gift Purchase,virtual assistant | reminders and timers | Audible and Kindle integration | excited about features,Virtual assistant with excellent scheduling and reading features exceeds expectations.
1,15-Jul-18,Black  Spot,"I love the product , but very disappointed once I realized I can no longer play youtube videos. I'm now past my 30 days return date. I am realizing I now have an expensive alarm clock. I am hoping youtube comes back. I was looking to buy an echo show for the kitchen during prime day. Glad I didn't.",0,867,negative,Video and Streaming | Alexa Skills and Features,YouTube removed | past return window | expensive alarm clock | disappointed,YouTube video playback removal after purchase makes device feel like costly alarm clock.
5,15-Jul-18,Black  Spot,"I’m not sure why or how Amazonia asking me about this purchase. I got it as a gift from my kids for Mother’s Day... It was not bought from my account. Lil bit creepy 😑. I haven’t really had much use for it as no one calls, they text. So that part meh. The other things it does are no different than the other Alexa products.",1,868,negative,Gift Purchase,privacy concern | limited use | no different than competitors | low engagement,Gifted device lacks utility as calls replaced by texts and offers no unique features.
5,31-Jul-18,Black  Show,I love love love love it! I feel like I have a talking computer that tells me EVERYTHING.,1,869,positive,Alexa Skills and Features,loves it | talking computer | tells everything,Customer loves the device for its comprehensive information-providing capabilities.
5,31-Jul-18,Black  Show,Love the Echo Show. Being able to see the lyrics of the songs as they play or to be able to put a recipe up on the screen is wonderful!!,1,870,positive,Screen and Display | Video and Streaming,song lyrics display | recipe on screen | wonderful,Customer enjoys viewing lyrics and recipes on the Echo Show screen.
3,31-Jul-18,Black  Show,"It seems to work well. Unfortunately a lot of the functionality is lost because, as many have mentioned, it does not work with google or Youtube any more. This problem is caused by Google because they came up with their own devices an no longer allow access from other devices like these. This even effected my smart TV. Anyhow we purchased a few of these to communicate with our children and grandchildren so we'll see what happens when we hand them out.",1,871,mixed,Smart Home Integration,works well | lost functionality | Google incompatibility | family communication,Device works well but has reduced functionality due to Google and YouTube access restrictions.
5,31-Jul-18,Black  Show,Love listening to music. Still trying to learn everything it does.,1,872,positive,Sound Quality | Alexa Skills and Features,loves listening to music | learning features | exploration,Customer enjoys music playback and is exploring the device's features.
4,31-Jul-18,White  Show,Very pleasedSimple to figure out,1,873,positive,Setup and Configuration | Design and Appearance,very pleased | simple to figure out | easy setup,Customer is satisfied with the device's simplicity and ease of use.
5,31-Jul-18,White  Show,"just what I expected,already have 2 other shows",1,874,positive,Gift Purchase,expected | owns multiple | repeat purchase,Customer's repeat purchase met expectations; already owns other Echo Shows.
5,31-Jul-18,White  Show,"Excellent to listen to my music, my audio books, and look all my cameras in and around my house.",1,875,positive,Sound Quality | Smart Home Integration | Video and Streaming,music listening | audiobooks | camera monitoring,"Customer enjoys music, audiobooks, and smart home camera viewing features."
5,31-Jul-18,Black  Show,"Alexa is fun! I’ve added smart home aspects, my friend listens to Spotify, my husband enjoys interacting too.",1,876,positive,Smart Home Integration | Alexa Skills and Features,fun | smart home aspects | family enjoyment | Spotify,Customer and family enjoy the device's entertainment and smart home integration features.
5,30-Jul-18,Black  Show,Tremendous way to communicate with friends and family all across the country,1,877,positive,Alexa Skills and Features,communication | friends and family | long distance,Customer values the device as an effective tool for long-distance family communication.
4,30-Jul-18,Black  Show,"It,is,what it is and than some. Sounds great too. On,y thing I dont like the camera being seen by anyone working for amazon I asked echo show to show me camera and didn’t know what I was saying but knows how to turn camera on and off but can’t dhiw u what’s recording hmm",1,878,mixed,Sound Quality | Smart Home Integration | Warranty and Support,sounds great | camera privacy concern | voice command limitation | Amazon employee access,Device sounds good but customer has concerns about camera privacy and voice recognition limitations.
5,30-Jul-18,Black  Show,"Used for personal use. We like hearing weather, news from CNN, and various playlists.",1,879,positive,Alexa Skills and Features,weather updates | news access | playlist playback,"Customer enjoys using device for weather, news, and music playlists."
5,30-Jul-18,White  Show,I like the echo show its the best! big screen you can watch movies preview from the movie and alexa will answer all your question you name it.,1,880,positive,Screen and Display | Video and Streaming | Alexa Skills and Features,big screen | watch movies | Alexa answers questions,"Loves the Echo Show for its large screen, movie watching, and question answering."
3,30-Jul-18,Black  Show,"Prime day pricing was good, but the show is very limited. No video services available except Amazon Video. No Netflix or YouTube. Alexa is very limited also, not nearly as useful as Google.",1,881,negative,Video and Streaming | Alexa Skills and Features | Price and Deals,limited video services | no Netflix or YouTube | limited compared to Google,Device lacks major streaming services and Alexa features are limited versus Google alternatives.
5,30-Jul-18,Black  Show,"works great, has great picture easy to setup and use..",1,882,positive,Screen and Display | Setup and Configuration,works great | great picture | easy setup,Device works well with excellent picture quality and straightforward setup.
5,30-Jul-18,Black  Show,The fact that she can help me find my phone when I am at home alone is worth the price of this device,1,883,positive,Alexa Skills and Features,find phone | home alone | worth the price,Customer values device for its ability to help locate phone when home alone.
5,30-Jul-18,Black  Show,"I LOVE THIS ITEM... I UNDERESTIMATED THIS ITEM, I HAVE ANOTHER 2 IN MY CART ... BUT I'M WAITING FOR THE SAME DEAL AGAIN!!!, I HIGHLY RECOMMEND THIS ITEM!",1,884,positive,Price and Deals,great deal | highly recommend | multiple purchases,"Customer loves the item, considers it a great deal, and plans additional purchases."
4,30-Jul-18,Black  Show,"I love using my Echo Show for music, it sounds amazing! Unfortunately the video quality when video chatting isnt great, my husband and I video chat often and his video comes out very clear on my end but he says my image is very pixelated. I'm still learning to use it but so far so good.",1,885,mixed,Sound Quality | Video and Streaming,amazing music sound | poor video chat quality | pixelated outgoing video,Excellent audio but video chat quality is poor with pixelated outgoing video.
5,30-Jul-18,Black  Show,Oh I love my Echo Show and the video news spots,1,886,positive,Video and Streaming | Alexa Skills and Features,loves Echo Show | music | video news,Customer enjoys Echo Show for music and video news features.
1,30-Jul-18,Black  Show,Waste of money over the echo generation 2. You don’t really get anything more from a video chat on this device then you would on FaceTime or Skype and it does not cycle through your pictures when you put it on slideshow mode it sticks on the first photo and will not leave it no matter what you do I have even looked online to research articles and cannot find a solution. I have also had problems with this device shutting down and I have not had these problems on any of the other echo devices. Price difference is just not worth it,0,887,negative,Video and Streaming | Device Reliability | Price and Deals,not worth upgrade | video chat inadequate | slideshow malfunction | device shutdowns,"Device offers no real improvement over Echo Gen 2, has slideshow and shutdown issues."
2,30-Jul-18,Black  Show,No you tube wouldn't have bought it if I known that,0,888,negative,Video and Streaming,no YouTube | regrets purchase,Customer regrets purchase due to lack of YouTube availability.
5,30-Jul-18,Black  Show,This is our second echo show. We have a home in Mexico and one in the USA. Now when one of us is in the other home we can easily stay in touch and see each other. We can also drop in on the houses when we aren’t there to check on them. We use it to turn on and off the lights and security systems in both homes. We also have echo dots in various rooms. We love all this technology! We ask her many questions and she plays music for us.,1,889,positive,Smart Home Integration | Video and Streaming | Alexa Skills and Features,multi-home connectivity | video calling and drop-in | smart home control | lights and security systems,"Loved using Echo Show across two homes for communication, monitoring, and smart home control."
4,30-Jul-18,White  Show,Needs to play YouTube and prime video and maybe Netflix. But it has good sound,1,890,mixed,Sound Quality | Video and Streaming,YouTube and Prime Video unavailable | Netflix unavailable | good sound quality,"Good sound but lacks YouTube, Prime Video, and Netflix streaming capabilities."
5,30-Jul-18,Black  Show,We love our Echo Show!,1,891,positive,,love Echo Show | satisfied,Customer is very satisfied with their Echo Show.
5,30-Jul-18,Black  Show,"I love this device. I upgraded from the Echo Spot. I just wish I could customize the clock on my screen to analog, to mimic what I was used to in the echo spot. Also, there is better sound quality on this device.",1,892,mixed,Screen and Display | Sound Quality,upgraded from Echo Spot | clock customization missing | better sound quality | analog clock preference,Device has better sound than previous model but lacks analog clock customization option.
5,30-Jul-18,Black  Show,"Love this thing.. Best toy I've bought myself in awhile.. So far I have a smart plug connected running my Ac. And the wifi light bulbs. Baseball scores, weather are cool but the music is the best feature.",1,893,positive,Smart Home Integration | Alexa Skills and Features,smart plug and lights | sports scores and weather | music streaming | exceeded expectations,"Exceeds expectations with smart home control, music streaming, and useful information features."
5,30-Jul-18,White  Show,"This thing is a lot cooler than I thought it would be. I mostly have used it to read me audiobooks, but I also love that I can see into the camera while I'm at work.",1,894,positive,Alexa Skills and Features | Video and Streaming,audiobook playback | remote camera viewing | work monitoring,Great for audiobooks and remote camera access to check home while at work.
5,30-Jul-18,Black  Show,"I’m really enjoying this product. Love the flash briefing, the timers, the weather reports and more.",1,895,positive,Alexa Skills and Features,flash briefing | timers | weather reports,"Enjoys flash briefing, timers, weather reports, and various Alexa features."
4,30-Jul-18,Black  Show,We love the Show. It loses the connection every now and then but not sure if that is an Show issue or our internet issue. But overall we use it for many applications.,1,896,mixed,Wi-Fi Connectivity | Smart Home Integration,occasional connection drops | multiple applications | internet reliability unclear,Works well for many smart home uses but experiences occasional connection issues.
5,30-Jul-18,Black  Show,Works well with optional cameras. Conferencing is good. Still feel like Bezos is spying on me.,1,897,mixed,Video and Streaming | Smart Home Integration,optional cameras work well | conferencing is good | privacy concerns about data collection,Cameras and conferencing work well but user has privacy concerns about data monitoring.
5,30-Jul-18,Black  Show,I can connect my smart lights and my phone. And any other smart device. It's just so convenient that I highly reccomend it to anyone who have the disposable income.,1,898,positive,Smart Home Integration,smart lights connectivity | phone integration | multiple smart devices | convenient | highly recommended,Convenient smart home device that integrates multiple smart devices and is highly recommended.
5,30-Jul-18,Black  Show,Love all my Echo products. I like the video phone feature on this. Can check in on our cat when on vacation.,1,899,positive,Video and Streaming,video phone feature | check in on cat | vacation monitoring,"Love Echo products, especially the video phone feature for pet monitoring."
5,30-Jul-18,Black  Show,"Works exactly how you would expect, right out of the box. I love being able to not only hear, but now see, what I need on this device. I loved my regular echo, but the Show is just so much better! It works wonderfully for music (especially paired with the Amazon music account) and is perfect with my ring doorbell. Love it!",1,900,positive,Video and Streaming | Sound Quality | Alexa Skills and Features | Smart Home Integration,works right out of box | video capability | Ring doorbell integration | music playback,"Echo Show exceeded expectations with video, sound quality, and smart home integration."
5,30-Jul-18,Black  Show,I absolutely LOVE this!!! I have it in my kitchen so I can use it for cooking. The speakers are amazing!!!,1,901,positive,Sound Quality | Alexa Skills and Features,kitchen use | cooking | amazing speakers,Kitchen Echo Show with excellent speakers perfect for cooking.
5,30-Jul-18,Black  Show,I've only had this a week but so far so good. We are enjoying it.,1,902,positive,,early impression | works well | enjoying so far,"New device performing well so far, family is enjoying it."
4,30-Jul-18,White  Show,"Love the product idea. Super easy to set up & get started, a breeze to do routine tasks (set alarms, timers, add items to shopping/to do lists, play music, get news, just about anything it's supposed to do). The sound is good where Imhave it sitting, not tinny at all as some have found. There is one thing I HATE & it would keep me from recommending it to anyone - you cannot delete from the nice screen the continually running suggestions of what to ask Alexa. Unless you have her turn off the screen totally which I do when I go to bed. And it's too bad bc it's like a continuously running advertisement or set-up guide. Not attractive. The echo show was on sale prior to Prime day for less than the Echo, so I figured I was getting a great deal for my money when trying to decide which device to start out with. Because of the ever present script it's not a nice device to look at, I would not buy it again, or recommend - go with the Echo. I may still exchange the product.",1,903,mixed,Setup and Configuration | Sound Quality | Advertising and Promotions | Alexa Skills and Features | Design and Appearance,easy setup | good sound quality | continual suggestions annoying | always-on advertisement feel,"Easy setup and good performance marred by persistent, non-removable on-screen suggestions."
4,30-Jul-18,White  Show,Very excited to see what it can do,1,904,positive,,excited to explore | potential,Customer excited about the device's capabilities and potential.
4,30-Jul-18,Black  Show,"This is great for music, video calling, kitchen timers, and probably a bunch more. The only reason I gave it 4 instead of 5 stars is because of the ever-floating ""things to try"" on the home screen. This is purely an aesthetic complaint, but hopefully soon Amazon allows the option to shut it off.",1,905,mixed,Video and Streaming | Alexa Skills and Features | Design and Appearance,great for music | video calling | floating suggestions aesthetic issue,Excellent functionality limited only by aesthetic complaint about on-screen suggestions.
4,30-Jul-18,White  Show,"I love the idea is the star trek computer at home. The skills are great, but the natural language work is mediocre.",1,906,mixed,Alexa Skills and Features | Voice Recognition,Star Trek computer appeal | great skills | mediocre natural language,Good skills and design concept hampered by mediocre natural language processing.
5,30-Jul-18,White  Show,"Got this as a gift... so cool! I can view my news, recipes or shopping lists. And much more!!!",1,907,positive,Video and Streaming | Gift Purchase | Alexa Skills and Features,gift | news viewing | recipes | shopping lists,"Excellent gift with useful features for news, recipes, and shopping lists."
5,30-Jul-18,Black  Show,"I do love it. Was easy to set up so far, but I wish it has a little more in the set up instructions. There is still a whole lot more I would like to be able to do with it and I have no idea if I can or not with it. But I really do like it.",1,908,mixed,Setup and Configuration,easy setup | needs better instructions | unexplored capabilities,Loves device but desires more comprehensive setup instructions and capability documentation.
5,30-Jul-18,Black  Show,This is my second one. I have one in the kitchen and wanted another in my home office.It is amazing for a quick look up while I am working. I live a very busy life and it helps keep me on track with work and personal appointments.I will buy for holiday gifts for my whole family. The gift of organization and information at a voice command away.,1,909,positive,Alexa Skills and Features | Gift Purchase,quick lookup while working | keeps on track with appointments | organization at voice command | holiday gifts for family,Second purchase; excellent for managing work and personal appointments with voice commands.
1,30-Jul-18,White  Show,"Don't waste your money. I own an echo gen 1, and echo gen 2 and a dot. They all do a far better job of voice recognition that the Echo Show. In fact, it is so bad that it is virtually useless. Also, the speaker is incredibly bass heavy....so much so that it is hard to understand voices. I've worked to adjust the bass and punch the mids and treble, but it still sounds awful. Finally, the screen just doesn't add much. I can't see if from across the room, it rarely activates in any meaningful way, and when it doesn't, it is more of a distraction than a help.(Using FaceTime is so much more practicalthan using the Show.) I'm surprised Amazon didn't make this a little more useful than it is. Perhaps in the future, but for now, it is a waste of time and money.",0,910,negative,Voice Recognition | Sound Quality | Screen and Display,poor voice recognition | bass-heavy speaker | hard to understand voices | screen not visible from distance | distraction rather than help,Poor voice recognition and bass-heavy audio make the device virtually useless despite screen features.
5,30-Jul-18,Black  Show,I love it. It does everything.,1,911,positive,,does everything | love it,User loves the device and says it does everything they need.
2,30-Jul-18,Black  Show,Thought it would be more powerful and have a lot more functionality. Not much better than the Echo dot. Not worth the money.,0,912,negative,Alexa Skills and Features | Price and Deals,not powerful enough | limited functionality | not much better than Echo Dot | not worth the money,"Device lacks power and functionality compared to price, not significantly better than cheaper alternatives."
5,30-Jul-18,Black  Show,"I purchased echo about 2 weeks ago , I love this product, I would definitely recommend",1,913,positive,,love this product | would definitely recommend | purchased two weeks ago,User loves the product and recommends it after two weeks of ownership.
5,30-Jul-18,Black  Show,"I'm loving my new Echo Show. The video screen adds so much more value and potential. Movies, tv shows, song lyrics, all extra features that are available with the Echo Show. Oh, it also has a built in camera for taking pics.",1,914,positive,Video and Streaming | Alexa Skills and Features,video screen adds value | movies and TV shows | song lyrics display | built-in camera,"Video screen provides significant added value with movies, TV shows, lyrics, and built-in camera features."
5,30-Jul-18,Black  Show,"My wife has been using Skype for years to talk to her parents daily, with constant technical issues. Since her father is 88, it's a lot to ask the man to uninstall/reinstall/reconfigure Skype, but he does. When I saw these on sale, I jumped on them. My wife was resistant to &#34;learn a new technology&#34;, but I told her these just work - like the video phones I saw at the New York World's Fair in 1964 - 54 years ago!Yesterday it set up quickly and worked fine, with no issues. My wife told her co-worker today and she went out and bought 3 - one for herself and her husband, and one for each set of parents. It just works, like a telephone - imagine that.",1,915,positive,Device Reliability | Setup and Configuration,quick setup | no technical issues | works reliably | replaces problematic Skype | just works,Reliable setup and video calling that works flawlessly compared to years of Skype technical problems.
5,30-Jul-18,White  Show,Bluetooth sound is great. Videos are crazy. It’s an amazing device.,1,916,positive,Sound Quality | Video and Streaming,great Bluetooth sound | amazing videos | amazing device,Excellent Bluetooth sound and video performance make it an amazing device overall.
5,30-Jul-18,Black  Show,"Great item for knowledge, directions, music,laughter and more",1,917,positive,Alexa Skills and Features,knowledge lookup | directions | music | entertainment | versatile,"Great device for knowledge, directions, music, and entertainment purposes."
4,30-Jul-18,Black  Show,very nice-needs some work,1,918,mixed,,very nice | needs some work,Device is nice overall but requires some improvements before it is fully satisfactory.
5,30-Jul-18,Black  Show,Enjoy using it. Great sound. Love the shopping list,1,919,positive,Sound Quality | Alexa Skills and Features,great sound | shopping list | enjoy using,User enjoys the device's sound quality and shopping list functionality.
3,30-Jul-18,Black  Show,"The Echo Show is ok, however the constant suggestions about what to ask Alexa are sooooo annoying and there is no way to eliminate it. Also, I thought I could have the weather for an area displayed continuously, but I have to talk to Alexa, which I don't want to do in the middle of the night. Had I payed full price it would have been returned. There are other features that are nice, but I may never use them.",1,920,negative,Screen and Display | Alexa Skills and Features,constant annoying suggestions | no way to eliminate | weather display requires voice,Constant Alexa suggestions are annoying and display features require voice commands at inconvenient times.
5,30-Jul-18,Black  Show,We held off purchasing an Echo but couldn't resist during Prime Days. The Echo works great and it's nice to have the screen. There is still a lot more we need to learn how to do.,1,921,positive,Screen and Display | Price and Deals,works great | nice to have screen | Prime Days purchase,Echo works great with a screen; user still learning all capabilities after Prime Day purchase.
5,30-Jul-18,White  Show,"Love it very much, still learning everything that my Echo can do, but am really enjoying the whole process.",1,922,positive,Alexa Skills and Features,love it | still learning | enjoying the process,User loves the Echo and enjoys discovering new features and capabilities.
5,30-Jul-18,White  Show,Love it!! Still learning all the possibilities.,1,923,positive,Alexa Skills and Features,love it | learning possibilities,User loves the Echo and is discovering its many possibilities.
5,30-Jul-18,Black  Show,I love the echo show awesome speakers I love the fact when you listen to music the words come up all around liking it so far. Also being able to read what's on your shopping list to do list and notifications,1,924,positive,Sound Quality | Screen and Display | Alexa Skills and Features,awesome speakers | music lyrics display | shopping list and notifications,"User loves the speakers, lyric display during music, and ability to view lists and notifications."
5,30-Jul-18,Black  Show,Easy to set up and sooooooo many things it can do. Just awesome!,1,925,positive,Setup and Configuration | Alexa Skills and Features,easy to set up | many features | awesome,Device is easy to set up and offers many awesome features.
5,30-Jul-18,Black  Show,Met every expectation I had,1,926,positive,,met expectations,Device met all of the user's expectations.
4,30-Jul-18,Black  Show,"Unit is working great, but it is a true PIA that products today are shipped without user manuals. Do manufacturers truly believe that user will magically know the full capabilities of each product purchased? I have no idea of the echo show's capabilities. I have it linked to my Hue lights, but have no idea what commands will work, and what won't. I purchased a Fire TV Stick along with the Show, but have no idea how to maximize the two. Just a few examples.I even purchased a text that other users have found to be helpful. Seems way too basic to me, but better than a kick in the pants.",1,927,mixed,Smart Home Integration | Warranty and Support,working great | no user manual | Hue lights integration | unclear capabilities,"Device works well but lacks a user manual, making it difficult to understand full capabilities and command compatibility."
4,30-Jul-18,Black  Show,It's a fun item to have. Has a lot of udefulness. Big negative is that it doesn't use Google (or any real search engine) to get answers or find information.,1,928,negative,Alexa Skills and Features,fun item | doesn't use Google | no real search engine,Device is fun but frustrating because it doesn't use Google or real search engines for information.
5,30-Jul-18,Black  Show,I was pleasantly surprised! It’s awesome so far,1,929,positive,,pleasantly surprised | awesome,Customer expresses satisfaction with initial experience.
5,30-Jul-18,Black  Show,"Alexa Show is amazing. My wife hated that I bought it, thought we didn't need it and after a day she fell in love with Alexa too lol. It is so convenient for setting timers, listening to music, playing music for the dog while im not home, connecting to bluetooth speakers for parties, playing movies. I love it!",1,930,positive,Alexa Skills and Features | Video and Streaming,wife fell in love | convenient timers | music playback | bluetooth connectivity | movies,Alexa Show exceeded expectations with convenient features and strong family appeal.
2,30-Jul-18,White  Show,"Do not understand all the excitement over these alexa devices or the google ones either. It rarely gets what I say correct, does not control the Dish receiver. Yes I set it up correctly, using the alexa app on my phone. We got this for 129, which is a good deal, ti is definately not worth the 229 price though. Maybe in another month it will get better, or either I have one that is just deaf and dumb. Really can not recommend this item at the current time",0,931,negative,Voice Recognition | Smart Home Integration | Price and Deals,rarely gets what I say correct | does not control Dish receiver | overpriced at $229,Voice recognition fails frequently and cannot control smart home devices as intended.
5,30-Jul-18,White  Show,"It makes talking with your grandchildren so easy, especially for the little ones. Outstanding product!",1,932,positive,,talking with grandchildren | little ones | convenient,Device makes family communication with grandchildren simple and enjoyable.
5,30-Jul-18,Black  Show,I already had purchased the Echo and a couple of Dots and hesitated to purchase this until the price dropped. I am very glad I did. The versatility of the video screen is outstanding. No regrets!,1,933,positive,Video and Streaming,video screen versatility | price dropped | no regrets,Video screen versatility justified purchase after price reduction.
5,30-Jul-18,White  Show,"I purchased the ""Show "" to keep in touch with my daughter and her family after their recent move half way across the country. It is wonderful seeing their faces during our conversations.",1,934,positive,Video and Streaming,keep in touch with daughter | see faces | across the country,Device enables face-to-face communication with distant family.
4,30-Jul-18,Black  Show,"My difficulty is I dont have a cell phone,and now you cant download the alexa app on a Mac book air. SO I am stuck, unable to program my echo show properly. In my opinion you should be able to tell the echo show what you need done. and the echo show does it. every time i ask for something I am referred back to the alexa app.on your mobile device, which I cannot access.To me this is not intelagence but dependence on other equipment to function.Every thing today is pushed to the phone, because the phone has been made accessable, to all those who wish to gather information",1,935,negative,Setup and Configuration,cannot download app on Mac | stuck unable to program | dependent on mobile device,"Unable to set up device without smartphone app, limiting independence."
5,30-Jul-18,Black  Show,Great in the kitchen. I love to cook and it is fun to look up recipes. Also great for listening to music and watching shows on Amazon Prime Video while I cook. I subsequently bought an Echo Dot with the ihome clock docking station for the bedroom. I created a group so I can play music on both of them at the same time. I plan to add more speakers in the future.,1,936,positive,Video and Streaming | Alexa Skills and Features,great in kitchen | recipe lookup | music playback | Prime Video | multi-speaker groups,"Excellent for cooking with recipe access, music, and video streaming capabilities."
5,30-Jul-18,Black  Show,"Excellent quality, very good sound, great deal on Prime Day.",1,937,positive,Sound Quality | Price and Deals,excellent quality | very good sound | Prime Day deal,High-quality sound at a good Prime Day price.
4,30-Jul-18,Black  Show,So far so good. Neat to have a visual version of alexa's responses. Nice to see the lyrics of music you are listening to. Flash briefings have good videos. Speaker is much better than a dot but not the highest quality,1,938,mixed,Screen and Display | Sound Quality | Alexa Skills and Features,visual responses | music lyrics display | good flash briefings | better sound than Dot | not highest quality,"Visual display and improved sound are useful, but speaker quality remains limited."
5,30-Jul-18,Black  Show,fun so far. learning to use her.,1,939,positive,,fun | learning to use | enjoying experience,User is having fun and learning to use the device.
5,30-Jul-18,Black  Show,works great.. nice sound and picture,1,940,positive,Sound Quality | Video and Streaming,works great | nice sound | nice picture,Device works well with good sound and picture quality.
5,30-Jul-18,White  Show,"This product is even better than I imagined. I love the timer setting, it reminds me to put the clothes in the dryer if i ask it to, and i love shopping list feature. My family enjoys the games too! It’s made my life a little more easy! Alexa is my personal assistant. :)",1,941,positive,Alexa Skills and Features,timer reminders | shopping list | games | personal assistant,"Product exceeds expectations with helpful timer, shopping list, and games features."
2,30-Jul-18,White  Show,Very disappointed. Alexa doesn’t hear me and doesn’t respond to my requests.,0,942,negative,Voice Recognition,doesn't hear | doesn't respond | disappointed,Alexa fails to hear and respond to voice requests.
5,30-Jul-18,Black  Show,Highly like my eco show.no complaints,1,943,positive,,highly like | eco show | no complaints,User is very satisfied with the Eco Show with no complaints.
5,30-Jul-18,Black  Show,"love it! so glad we got it on Prime Day, although now having it, I would totally pay full price for it!",1,944,positive,Price and Deals,love it | Prime Day deal | worth full price,Customer loves the device and would pay full price despite getting a Prime Day deal.
5,30-Jul-18,Black  Show,"Great addition to the Alexa family. Nice having the &#34;visual&#34; part of pics, recipes, etc.",1,945,positive,Alexa Skills and Features,great addition | visual display | pictures | recipes,Great device with visual features for pictures and recipes.
5,30-Jul-18,Black  Show,We love it!! We use it every day and are finding new ways to use it the longer we have it!,1,946,positive,,love it | use every day | finding new uses,Customers love using the device daily and discovering new applications.
1,30-Jul-18,Black  Show,I have been through 4 Shows now. And ALL OF THEM HAVE BEEN BROKEN. It has been anything from screens that lose lines of resolution to timers and reminders going off an hour late or reminders that trigger when trying to set other reminders. I don't have these issues on my Dot or my Echo. Just on the Show. It would be nice if Amazon could get there act together and actually fix this thing.,0,947,negative,Device Reliability | Screen and Display,broken units | screen resolution loss | timers malfunction | reliability issues,Multiple Show units have failed with screen and timer issues unlike other Echo models.
4,30-Jul-18,Black  Show,"Pleased with the Echo, it is loud and can hear my voice and understand much better than previous versions.",1,948,positive,Voice Recognition | Sound Quality,pleased | loud | hears voice | better than previous,Device has improved voice recognition and louder sound compared to previous versions.
5,30-Jul-18,Black  Show,"Love it! Great to request music and be able to see lyrics. I had a dot, but this is so much better.",1,949,positive,Video and Streaming | Alexa Skills and Features,request music | see lyrics | better than dot,"User loves the ability to request music and view lyrics, finding it superior to their previous Dot."
4,30-Jul-18,Black  Show,What we liked most was actually seeing the words to song. Least would be I guess I expected a little more from her than is currently available.,1,950,mixed,Video and Streaming | Alexa Skills and Features,seeing song words | expected more features | limited availability,User enjoys viewing lyrics but feels Alexa lacks features they initially expected.
5,30-Jul-18,White  Show,"I’m just learning about this product, but what I know I love !",1,951,positive,,learning about product | love it | just discovering,New user expresses enthusiasm about the product based on initial knowledge.
5,30-Jul-18,Black  Show,it does what it needs to.,1,952,positive,Device Reliability,does what it needs to | functional | adequate performance,User finds the device adequately performs its intended functions.
5,30-Jul-18,White  Show,"I love this product. I'm not very computer literate but everything is voice controlled. I use this to keep in touch with my daughter, she lives out of town. Now we just drop in on each other. It's like we are living net door to each other.",1,953,positive,Voice Recognition | Smart Home Integration,voice controlled | drop in feature | keep in touch with family,Non-technical user loves voice control and the drop-in feature for staying connected with distant family.
5,30-Jul-18,Black  Show,I enjoy seeing lyrics on the screen for different Amazon music stations,1,954,positive,Video and Streaming,seeing lyrics | Amazon music stations | screen display,User appreciates the ability to view lyrics while playing Amazon music stations.
5,30-Jul-18,White  Show,love the Echo show great in kitchen for recipes,1,955,positive,Alexa Skills and Features,Echo Show | kitchen | recipes,User loves the Echo Show for kitchen use and accessing recipes.
2,30-Jul-18,White  Show,"Alexa is pretty dumb ,,,",0,956,negative,Alexa Skills and Features,Alexa is dumb | limited intelligence | frustration,User is dissatisfied with Alexa's capabilities and intelligence.
4,30-Jul-18,White  Show,Only problem is my slow internet. I really like the speaker on it. Having tons of fun with it,1,957,mixed,Sound Quality | Wi-Fi Connectivity,slow internet problem | great speaker | enjoying it,User loves the speaker quality and enjoys the device but is hindered by slow internet.
5,30-Jul-18,White  Show,"Love my Echo Show. Alexa is amazing and now on the Show &#34;she&#34; can display lyrics, photos, etc. The speakers are amazing and fills the room. Bought on Prime Day so got a great deal, so worth it.",1,958,positive,Sound Quality | Video and Streaming | Alexa Skills and Features | Price and Deals,Echo Show | display lyrics and photos | amazing speakers | Prime Day deal,"User loves the Echo Show for its amazing speakers, display features, and got a great Prime Day price."
5,30-Jul-18,Black  Show,LOVE MY ECHO SHOW. Everything about this device is wonderful,1,959,positive,,love echo show | wonderful device | everything great,User expresses complete satisfaction with their Echo Show device.
5,30-Jul-18,White  Show,"Used to have fun with. Great to play music, turn on lights and who know what else.",1,960,positive,Alexa Skills and Features | Smart Home Integration,fun to use | play music | turn on lights,Device provides enjoyable music and smart home control capabilities.
5,30-Jul-18,Black  Show,"Works great , seems to be a delay bringing up ring cameras but sound and video quality are good",1,961,mixed,Video and Streaming | Sound Quality | Smart Home Integration,delay with ring cameras | good sound quality | good video quality,"Strong audio and video performance, but ring camera integration has noticeable delays."
5,30-Jul-18,White  Show,Works on great i use it with my Arlo security system,1,962,positive,Smart Home Integration,works great | Arlo security system integration,Device works well with Arlo security system integration.
5,30-Jul-18,Black  Show,"this is so fun! I really enjoy using it. I have it hooked up to one of my lights so I just tell Alexa when I want that on and off. also, it connects to my Spotify so I just have Alexa resume my playlist and we pick off right where we ended. I feel like there's even more I can do with this, so I'm excited to use it more!",1,963,positive,Alexa Skills and Features | Smart Home Integration,fun to use | light control | Spotify integration | voice commands,User enjoys voice-controlled lighting and Spotify integration with room for future exploration.
5,30-Jul-18,White  Show,"Upgraded from an original Echo on Prime Day and so far I love it. I'm sure I have a long way to go to maximize its utility, but for now I owe my marked increase in lyrical knowledge to this thing. Who knew Post Malone actually used words?!",1,964,positive,Alexa Skills and Features | Price and Deals,upgrade from original Echo | prime day deal | increased utility,Upgrade purchase provides enhanced features and improved functionality over original model.
3,30-Jul-18,Black  Show,You can't access YouTube! Why do consumer's have to pay for this argument! Why can't we just have a good product that offers what we need?,1,965,negative,Alexa Skills and Features,can't access YouTube | limited functionality | consumer frustration,User frustrated by inability to access YouTube on the device.
5,30-Jul-18,White  Show,Still learning about the Echo show but so far we love it. My 9 year old loves to cook and especially with his Aunt that lives out of state and now he can connect with her and they cook together.,1,966,positive,Video and Streaming | Alexa Skills and Features,love it | video calling | family cooking together,Family enjoys video connection features for remote cooking activities with relatives.
5,30-Jul-18,Black  Show,"I love having this on my desk. The fact that I can video with friends, listen to music with the words right there, and see my Amazon Cloud Cam feeds from one location is pretty spectacular. I got this one sale too, which was stellar. It has me thinking I need another one for the front room.",1,967,positive,Video and Streaming | Sound Quality | Price and Deals | Smart Home Integration,video calling | music with lyrics | camera feeds | sale price,"Multi-functional device delivers video calls, music display, and security camera viewing at good price."
5,30-Jul-18,Black  Show,Love my echo show! Great sound and picture. Does a great job thing in my entire echo collection!,1,968,positive,Sound Quality | Video and Streaming,love echo show | great sound | great picture,User praises excellent sound and picture quality integrated with their Echo collection.
4,30-Jul-18,White  Show,Can’t change voice of Echo,1,969,negative,Voice Recognition,cannot change voice | limited customization | voice settings,User unable to change the Echo's voice settings.
5,30-Jul-18,Black  Show,Does everything I could ask and more. Great product.,1,970,positive,Alexa Skills and Features,exceeds expectations | versatile | reliable performance,Excellent product that meets and surpasses user expectations.
5,30-Jul-18,Black  Show,I like how clear the screen is. Hi resolution,1,971,positive,Screen and Display,clear screen | high resolution | excellent display quality,"High-resolution display delivers clear, crisp visuals."
5,30-Jul-18,White  Show,It is so easy to use and is everything I hoped for,1,972,positive,Setup and Configuration | Alexa Skills and Features,easy to use | intuitive interface | met expectations,Simple to use and fulfills all user hopes and needs.
5,30-Jul-18,White  Show,"I love the Echo Show. I’m going off to live on campus for school in the fall and we got two of these to serve as an easy way to connect. Some people might not like the camera but that makes little sense. We carry devices with cameras all the time. The only difference here is that the item is stationary. My family and I also find the drop-in feature a comfort rather than an invasion of privacy. It’s definitely a source of relief to my parents that they can so easily pop in onme and visa versa.I’d also like to thank Amazon for including their VoiceView screen reader on the device. The Show would be a lot less blind friendly, even with Alexa present, if they hadn’t included that.We are an echo-loving household with two dots, three echos, and now two Shows. I wouldn’t be surprised if we got more in the future for ourselves or loved ones. Thanks, Amazon!",1,973,positive,Smart Home Integration | Device Reliability | Alexa Skills and Features,drop-in feature | family connectivity | VoiceView accessibility | multiple devices,Echo Show excels at family communication and includes helpful accessibility features.
5,30-Jul-18,Black  Show,I love it it is awesome,1,974,positive,Alexa Skills and Features,excellent | enjoyable | great product,User loves the Echo and finds it awesome.
5,30-Jul-18,Black  Show,Very Good to be able to listen to Every single song at any time in Amazon's vast library. We're only just beginning to know everything Echo Show has to offer. Well worth the price!! Alexa is very helpful.,1,975,positive,Video and Streaming | Alexa Skills and Features | Price and Deals,vast music library | helpful Alexa | worthwhile investment,Impressive music library and helpful Alexa features justify the purchase price.
5,30-Jul-18,Black  Show,"Great sound and the screen is nice to actually see time, trivia, etc.",1,976,positive,Sound Quality | Screen and Display,great sound | nice screen | displays time and trivia,Excellent sound quality and useful screen for displaying information.
5,30-Jul-18,Black  Show,This has been perfect for being able to see my canary cameras and that’s exactly what I wanted! I have been happy with all my Alexa’s because we have several and this is a great addition.,1,977,positive,Smart Home Integration | Video and Streaming | Device Reliability,camera integration | smart home compatibility | multiple Alexa devices,Perfect for viewing security cameras and complements existing Alexa ecosystem.
5,30-Jul-18,Black  Show,I really love this item! So much fun!,1,978,positive,Alexa Skills and Features,fun to use | enjoyable experience | highly satisfied,User loves the Echo and finds it fun and entertaining.
4,30-Jul-18,Black  Show,I agree ...YouTube should be on there.,1,979,negative,Video and Streaming,YouTube missing | should be available,Reviewer wishes YouTube were available on the device.
4,30-Jul-18,White  Show,"We like it a lot, sound is better than the original echo, the bass feels deeper. The screen is cool, though, havent got a lot of use out of it though.",1,980,positive,Sound Quality | Screen and Display,better sound quality | deeper bass | cool screen,"Improved sound quality with deeper bass and nice screen, though screen underutilized."
5,30-Jul-18,Black  Show,Good sound! The capacity of join different apps to make work your smart home,1,981,positive,Sound Quality | Smart Home Integration,good sound | app integration | smart home control,Good sound quality and ability to integrate multiple apps for smart home control.
4,30-Jul-18,Black  Show,"Great addition to the Alexa family, just wish it could use the screen more than backgrounds. Don't get me wrong I don't regret buying it especially for the primeday sale of $100 off sale price but for now the skills for the show are lacking.",1,982,mixed,Screen and Display | Alexa Skills and Features | Price and Deals,great device | limited screen usage | lacking skills | good sale price,"Good purchase at sale price, but screen capabilities and available skills are limited."
5,30-Jul-18,Black  Show,I've had previous experience with the echo Dot and this just blows all previous expectations out of the water!It's great since it can play videos and music from multiple sources and the speakers are pretty loud.,1,983,positive,Sound Quality | Video and Streaming,exceeds expectations | videos and music | loud speakers,Far exceeds expectations with loud speakers and ability to play videos and music.
5,30-Jul-18,White  Show,"Love the echo show, can keep I can video chat with the kids and grandkids. I have it in the kitchen, so when I run out of something I have Alexa to add it to my grocery list. I use it for everything. Was very easy to set up",1,984,positive,Smart Home Integration | Setup and Configuration | Video and Streaming,video chat capability | grocery list management | easy setup,"Versatile device enabling video calls, grocery lists, and easy setup for daily use."
4,30-Jul-18,Black  Show,I’m really hoping for skills that take advantage of the shows touch screen. There’s an incredible amount of untapped potential locked behind the restrictions. Make use of the best part of having the show and enable skills to navigate by touch please!,1,985,negative,Screen and Display | Alexa Skills and Features,untapped potential | limited touch screen skills | restricted functionality,Touch screen potential remains largely untapped due to insufficient skill support.
5,30-Jul-18,Black  Show,Love it l. I plan on getting an echo for the kitchen.,1,986,positive,,loves it | planning purchase | satisfied,Customer loves the device and plans to buy another for kitchen.
3,30-Jul-18,Black  Show,It does not pick up my voice unless I yell most times.,1,987,negative,Voice Recognition,poor voice recognition | must yell | unreliable pickup,Voice recognition fails unless speaking loudly.
1,30-Jul-18,Black  Show,Fire HD does so much more. Over priced pair of speakers.,0,988,negative,Price and Deals,overpriced | limited functionality | competitor comparison,Device is overpriced with fewer capabilities than Fire HD tablets.
3,30-Jul-18,Black  Show,"Seems to be a good product but, unable to play music in sync with my Sonos system. Sonos doesn't seem to recognize it at all.",1,989,negative,Smart Home Integration,unable to sync with Sonos | Sonos doesn't recognize | music playback issue,"Product fails to sync with Sonos system, which doesn't recognize the device."
5,30-Jul-18,Black  Show,Great product. Like the apps that I can connect to it.,1,990,positive,Alexa Skills and Features,good product | apps connectivity | multiple app integration,Great product with useful apps that connect seamlessly.
5,30-Jul-18,Black  Show,I love it now able to talk to my grandson with ease and the picture quality is great,1,991,positive,Video and Streaming,easy communication with family | picture quality | video calling,Excellent for family video calls with great picture quality.
5,30-Jul-18,Black  Show,"Love it! Easy setup and I can ‘Drop in’ on my daughter and son-in-law who live in St. Louis anytime. Everyone loves to have their mother drop in, right 😎",1,992,positive,Setup and Configuration | Video and Streaming,easy setup | drop-in feature | video communication,Easy to set up with convenient drop-in feature for family video calls.
4,30-Jul-18,White  Show,I use this to control my smart home.,1,993,positive,Smart Home Integration,smart home control | device control,Effectively controls smart home devices.
4,30-Jul-18,Black  Show,"Show has been great. Still learning what it can do, but being able to watch videos, talk face to face with others are not features.",1,994,positive,Video and Streaming,video playback | face-to-face communication | learning features,Excellent device for video watching and face-to-face communication.
5,30-Jul-18,Black  Show,Wish I bought one for work too,1,995,positive,,satisfied with purchase | work utility | would repurchase,Customer satisfied enough to consider buying another for work.
1,30-Jul-18,Black  Show,"Very intrusive, so I turn it off",0,996,negative,,intrusive | turned off | unwanted behavior,"Device exhibits intrusive behavior, requiring customer to disable it."
4,30-Jul-18,Black  Show,Works well. Not thrilled that most of the apps have to be paid for seprately.,1,997,mixed,Alexa Skills and Features | Price and Deals,works well | paid apps required | separate cost for features,Works well but most apps require additional paid subscriptions.
5,30-Jul-18,White  Show,"Love being able to see, as well as hear things. Sound is better, too!",1,998,positive,Sound Quality | Video and Streaming,audio and video | improved sound quality | enhanced features,Excellent audio and video capabilities with notably improved sound quality.
5,30-Jul-18,Black  Show,Just like any other echo. Doesn’t disappoint,1,999,positive,Device Reliability,reliable | consistent performance | meets expectations,Device performs reliably like other Echo models without disappointment.
4,30-Jul-18,Black  Show,"Nice picture good sound but the mics are not as sensitive as a dot, my dots can hear me from across the house the Show does not, that being said I LOVE the show!!I can watch TV and movies while in tg ed kitchen, have the News playing or Music....love....it !!",1,1000,mixed,Voice Recognition | Sound Quality | Video and Streaming,less sensitive mics | good sound | loves video features | TV and movies,Mics less sensitive than Dot but excellent video features and sound quality overall.
4,30-Jul-18,White  Show,"I basically use it to play music and tell me the news..its sometimes hard to communicate with it, if i dont say the command correctly, but i realize its learning my style of speaking and will do some commands even though i dont say them exactly as i should.",1,1001,mixed,Voice Recognition | Alexa Skills and Features,music and news playback | voice command difficulties | improving recognition,"Works for basic tasks but requires precise commands, improving with continued use."
5,30-Jul-18,White  Show,Upgraded from echo to echo show.,1,1002,positive,,upgraded from basic echo | positive transition,User upgraded from standard Echo to Echo Show.
5,30-Jul-18,Black  Show,"I love the Echo Show!! I have the dot and have been using that for the last 6 months, but the Show is so much better. The sound quality is amazing and the screen resolution is like watching a mini 4K tv. I love being able to see my timers, events and list instead of having them read to me. I purchased this on prime day, and it is worth every penny. When the dot was given to me, I thought ""this is a cute novelty, but I'll probably never use it"". Was I wrong!! Echo is part of my daily routine, and has made my life so much easier.",1,1003,positive,Sound Quality | Screen and Display | Alexa Skills and Features | Price and Deals,amazing sound quality | mini 4K resolution | visual timers and lists | worth the price,"Excellent sound and screen quality with useful visual features, vastly improved experience."
5,30-Jul-18,Black  Show,"So far I’m very pleased with my Echo Show. The problem is, there’s so much it can do that I haven’t been able to explore the extent of its abilities! I got the special price as part of the Prime Day promotion...and you just can’t beat what you get for the price. Very pleased with the sound. The video screen is sharp. Sometimes it takes a few tries to get Alexa to perform a command...but as I get to know the system better, I’m hoping that will improve. One drawback in the music...I’ve noticed a lot of the songs from years past, are re-recordings by the original artist...but not the original recording itself. Example: Secret Agent Man by Johnny Rivers...a “live”version is used, not the original version. If I’m going to pay for Prime Music...I’d like to hear the original version of songs...not later recordings. Or at least give me a choice of what I want to hear. Otherwise, I am very pleased with my Echo Show. So pleased in fact, that I bought a second one!",1,1004,mixed,Sound Quality | Screen and Display | Voice Recognition | Price and Deals | Alexa Skills and Features,sharp video screen | great price | voice command learning curve | music re-recordings issue,Pleased with sound and display; occasional voice recognition issues and music catalog concerns.
5,30-Jul-18,Black  Show,"I like everything, about this ! Im still learning how to use it!",1,1005,positive,Alexa Skills and Features,likes all features | learning curve | positive experience,User enjoys the device and is actively learning its capabilities.
2,29-Jul-18,Black  Show,"It's like having another kid in the house; I have to constantly repeat myself.I can tell Alexa to do something clear as day, and according to the history, she hears something comeletely different.The device is really cool, and I like the concept, which is why it gets two stars. However, it just doesn't work as intended.I find myself irritated more often than not when I use this device.",0,1006,negative,Voice Recognition,poor voice recognition | frequent miscommunication | frustrating repetition,"Voice recognition fails frequently, causing frustration despite liking the concept."
5,29-Jul-18,White  Show,It's great sound and video quality,1,1007,positive,Sound Quality | Screen and Display,great sound quality | great video quality,Excellent sound and video quality overall.
1,29-Jul-18,Black  Show,The way the music sounds is poor quality,0,1008,negative,Sound Quality,poor music quality | sound issues,Music audio quality is poor.
4,29-Jul-18,Black  Show,"It does everything the Echo does, and more. Although I haven't and probably won't use the video functions. I had hoped that the display would be allow for more customization. It does not and is very limited. I would like the clock and weather to display in large text all of the time, it only displays in very small text. It also always has a line that says &#34;Tell Alexa to do this, or that&#34;, tips at the bottom of the screen. I would like to see that go away, but it won't. Sound quality is good, not as good as the big Echo, but good enough. I bought it on sale and think I got value for what I paid. I would have been disappointment had I of paid full price.",1,1009,mixed,Screen and Display | Sound Quality | Price and Deals,display customization limited | small text for clock and weather | good sound quality | value on sale,"Good device with capable features and adequate sound, but display customization is frustratingly limited."
4,29-Jul-18,Black  Show,I enjoy this thing. Its learning,1,1010,positive,Alexa Skills and Features,enjoys using it | learning capabilities,User enjoys the device and appreciates its learning features.
5,29-Jul-18,Black  Show,Am very happy now that i can see.,1,1011,positive,Screen and Display,happy with screen | can see information,User is satisfied with the ability to view information on the display.
2,29-Jul-18,Black  Show,All of my echo devices stopped communicating properly with Sonos devices upon connecting the echo show to my account. Asking any echo device to play music on Sonos baffled the system that had previously worked flawlessly. This went on for two weeks until I eventually solved the problem that neither Amazon nor Sonos could figure out.,0,1012,negative,Smart Home Integration | Device Reliability | Warranty and Support,Sonos integration broken | communication failure | unresolved support issue,Device caused smart home integration failures with Sonos that neither Amazon nor Sonos support could resolve.
5,29-Jul-18,White  Show,"So far, I like it. It is better than I expecting it.",1,1013,positive,,satisfied | better than expected,User is happy with the device as it exceeded their expectations.
4,29-Jul-18,Black  Show,Doesn't always respond to the wake word. This is my 3rd echo product and I have to say I am A little disappointed. Alexa voice assistant is great when it comes to controlling a connected home but has a lot to learn from google assistant when it comes to getting answers for search queries.,1,1014,negative,Voice Recognition | Alexa Skills and Features,unreliable wake word detection | limited search capabilities | disappointing performance,Device has inconsistent wake word recognition and inferior search results compared to Google Assistant.
3,29-Jul-18,Black  Show,"After two weeks I am not sure if I like the ever present Alexa to have a screen as well. I bought it to be a abay monitor combined with a wifi camera, and that works. But the screen is always on unless you tell it to turn it off - instead of just a talking cylinder you now have a mini screen that not only talks to you but also writes out everything it says or shows accompanying video. There is something about only audio that made Alexa different, no I some ways it is a TV that you can talk to.",1,1015,mixed,Screen and Display | Video and Streaming,screen always on | baby monitor function works | mixed about display always active,Baby monitor feature works but the always-on screen changes the audio-only experience significantly.
5,29-Jul-18,White  Show,Love being able to read the lyrics of my favorite songs.,1,1016,positive,Video and Streaming | Alexa Skills and Features,lyrics display | music enjoyment,User loves the ability to read song lyrics on the display.
5,29-Jul-18,Black  Show,"This thing is awesome for grocery lists, paired with the AnyList app. The flash briefing is very good too. My only complaint is that once you pause something, Alexa decides that you no longer want to listen to that thing. Forever. All in all, definitely worth the purchase.",1,1017,positive,Alexa Skills and Features,grocery lists with AnyList | flash briefing feature | worth the purchase,"Excellent for grocery lists and flash briefing, though it has a minor issue with paused content."
5,29-Jul-18,Black  Show,"Works great, video call function nice when communicating through drop-in",1,1018,positive,Video and Streaming,works great | video calls | drop-in feature,Device performs well with video call and drop-in communication features.
5,29-Jul-18,Black  Show,As you can see Echo Show is in kitchen. It far exceeds my expectation. There’s a wealth of information about any topic. If is customizable for sound and video. I also have Echo and Echo Dot. You can group them and have hole house music. Still not done exploring all it can do love it. Perfect for getting recipes so you can see them while you’re preparing to cook.,1,1019,positive,Alexa Skills and Features | Sound Quality | Video and Streaming | Smart Home Integration,exceeds expectations | customizable sound and video | whole house music | recipes with visuals,Echo Show far exceeds expectations with customizable features and excellent recipe display capabilities.
5,29-Jul-18,Black  Show,Absolutely LOVE my Echo Show! It is awesome and works great with my Ring Video Spotlight Cams! Music on demand and so many more features that I have yet to explore!!!,1,1020,positive,Alexa Skills and Features | Smart Home Integration | Video and Streaming,works great with Ring cameras | music on demand | many features to explore,Echo Show works excellently with Ring cameras and offers numerous features including music on demand.
5,29-Jul-18,White  Show,Absolutely love it! I use it for everything!I tell my friends and clients that it’s the daughter I never had. I ask her to do something and she doesn’t complain! I wish I bought the 2package deal :( I truly needed one in my work room. I kick myself for it.,1,1021,positive,Alexa Skills and Features,use it for everything | reliable assistant | wished for multiple units,Loves using Echo Show for everything and wishes she had purchased the two-package deal.
5,29-Jul-18,White  Show,"We love having this in our kitchen! Very convenient to look up recipes, listen to the news, or watch prime video while I'm cooking",1,1022,positive,Alexa Skills and Features | Video and Streaming,convenient kitchen use | recipe lookup | watch prime video while cooking,"Echo Show is convenient in the kitchen for recipes, news, and video streaming while cooking."
1,29-Jul-18,White  Show,"Always wanted one,till I got one, it's not at all what it's cracked up to be, it's hard to navigate I actually like the dot better.",0,1023,negative,Voice Recognition | Design and Appearance,not what expected | hard to navigate | prefers Echo Dot,Echo Show disappoints with difficult navigation; user prefers the simpler Echo Dot.
5,29-Jul-18,Black  Show,This is my fourth Echo (original and two dots). It's the best.... Decent speaker... Fun graphics...,1,1024,positive,Sound Quality | Design and Appearance,fourth Echo device | decent speaker | fun graphics,Fourth Echo purchase; user appreciates the decent speaker quality and fun graphics display.
5,29-Jul-18,Black  Show,I loved talking it out of the box and being able to easily set up.,1,1025,positive,Setup and Configuration,easy out of box setup,Echo Show offers easy out-of-box setup and immediate functionality.
5,29-Jul-18,Black  Show,Easy to setup and use. The ability to play video is huge addition on Alexa device family,1,1026,positive,Setup and Configuration | Video and Streaming,easy to setup and use | video playback capability,Echo Show is easy to set up and use with valuable video playback capabilities.
2,29-Jul-18,Black  Show,"Echo Show is said to work with certain apps but,NOT!!! Cozi state works with Echo Show, but the Cozi Family’s doesn’t very well, Amazon needs to go back to drawing board, it would be such a needed piece of technology, but it lacks the essential, please fix. Cost of the Echo Show was marvelous . Got Echo Show to take on shopping list but that is all so far, adding items to list has long lag, and it not my router being slow, my provider speed is !GB, speed not a problem, but before new items is updated on Cozi is very slow. Help is needed to get it updated to A1 working conditioning.",0,1027,negative,Alexa Skills and Features | Device Reliability,app compatibility issues | Cozi Family app problems | slow lag times | needs fixing,Echo Show has poor compatibility with certain apps and experiences significant lag with shopping list updates.
4,29-Jul-18,Black  Show,"All the music I can listen too, Also the movie I can watch I can see my ring doorbell .",1,1028,positive,Alexa Skills and Features | Video and Streaming | Smart Home Integration,music streaming | movie watching | Ring doorbell integration,"Echo Show provides music, movies, and Ring doorbell camera viewing capabilities."
5,29-Jul-18,Black  Show,No enough video options,1,1029,negative,Video and Streaming,insufficient video options | limited selection,Device lacks adequate video content options.
4,29-Jul-18,Black  Show,I took advantage of prime Friday and decided to take a chance and purchase one. I enjoy the features it comes with. I'm sorry I didn't purchase two of them Well worth the money. Its looks great on my nightstand. Every night it puts me to steep with sleeping music. Happy customer!,1,1030,positive,Price and Deals | Design and Appearance | Alexa Skills and Features,prime day purchase | great features | sleeping music | looks great,"Satisfied customer enjoys features, design, and sleeping music functionality."
5,29-Jul-18,Black  Show,The music...the shopping list and the sound....,1,1031,positive,Sound Quality | Alexa Skills and Features,music quality | shopping list | sound,"Customer appreciates music, shopping list, and sound capabilities."
5,29-Jul-18,Black  Show,"diversity, so many things to see and hear. Wealth of information",1,1032,positive,Alexa Skills and Features,diverse features | information access | variety,User enjoys the wealth of diverse features and information available.
5,29-Jul-18,Black  Show,Love it. Thanks Amazon. You guys rock!!,1,1033,positive,,loves device | satisfied | positive experience,Customer expresses strong satisfaction with the device.
2,29-Jul-18,Black  Show,"Disappointed that this device Is not able to access youtube as of Dec 2017. I wasn’t aware of that when I purchased it. I’ve had problems with my device. The voice stops working throughout the day. I can see it trying to respond to me, because the window it opens contains the info I asked about, but it’s like the device gets stuck in the process. It stops working, and the blue bar just flashes. I keep having to unplug and restart the device. Once I do that, it starts working again. So irritating. This device could really be a great device if Google and Amazon would act like grownups...",0,1034,negative,Video and Streaming | Voice Recognition | Device Reliability,youtube unavailable | voice stops working | device freezes | constant restarts,Device lacks YouTube access and experiences frequent voice recognition failures requiring restarts.
1,29-Jul-18,Black  Show,Returned from repair with No repair done. It has a problem which requires it to be on for a while for the defective part to show itself.I sent it for repair and got it back without being fixed. The site gives no option to complain from the page.I have a echo spot which works perfectly in the same position.,0,1035,negative,Warranty and Support | Device Reliability,repair not completed | defective part | poor support,Device returned from repair without fixes being applied.
5,29-Jul-18,Black  Show,I like the design and the visuals!,1,1036,positive,Design and Appearance | Screen and Display,design quality | visuals | appearance,Customer appreciates the device's design and visual display.
5,29-Jul-18,Black  Show,"I haven't had my show very long or used it a lot, but I love it! I use it to set timers when cooking because my stove is being finicky and not wanting to work most of the time. I also use it to check for different recipes, listen to music and my all time favorite.... telling everyone it is time for dinner. My son gets a real kick out of that!I know a lot of people are expecting more out of their shows then it is possible to at the moment, but remember the original echo didn't have what it has now when it first came out. I see that Amazon is adding new stuff all the time and soon I am sure it will have all that we want very soon.... maybe even things we haven't thought of!I do wish it was a bit more user friendly. I still haven't figured out how to video chat with my cousin in North Carolina who also has one, and when I tried to call my son's dot it went to video chat immediately, last I looked, dots don't have video screens!Another thing that needs to be addressed is when my husband tried to have the one in our bedroom play thunderstorm sounds to help him go to sleep, it tried to get him to buy an app instead of playing the skill I had enabled that was free. So now he is a bit worried to use it again. That needs to be fixed.I do have to say that all in all I am very happy with my Echo Show!",1,1037,mixed,Alexa Skills and Features | Setup and Configuration | Video and Streaming | Advertising and Promotions,timers useful | music access | user-friendly issues | video chat problems | unwanted app purchase prompts,"Likes core features but frustrated by setup complexity, video chat issues, and unexpected app purchase suggestions."
5,29-Jul-18,White  Show,I have not had it very long. It's my first Alexa thing. I sure like what I have done with it so far there is a lot to learn and play with,1,1038,positive,Alexa Skills and Features,learning curve | enjoyable experience | many features,New user enjoys exploring device features and functionality.
5,29-Jul-18,Black  Show,Works great and has been fun to use.,1,1039,positive,,works great | fun to use,Device works great and is enjoyable to use.
5,29-Jul-18,White  Show,This is the best of my echo devices and I own a spot a dot and echo,1,1040,positive,,best Echo device | owns multiple Echo devices,This is the best Echo device the reviewer owns among several.
4,29-Jul-18,Black  Show,Having the large screen really majes this an enjoyable experience. Only thing it’s missing is youtube.,1,1041,mixed,Screen and Display,large screen enjoyable | missing YouTube,Large screen enhances experience but YouTube availability is lacking.
3,29-Jul-18,White  Show,"I bought it to go with my security camera system, but it did not perform like I thought it would. It doesn't alert us when someone is at the door. Also, I can't talk to the person at the door through the echo show, only through my cell phone.",1,1042,negative,Smart Home Integration,doesn't alert door visits | can't talk through device | poor performance,Device fails to alert users and doesn't support two-way door communication.
1,29-Jul-18,Black  Show,"Great device, features are awesome, the interaction is fantastic. Home automation works perfect if you link up your accounts correctly. My only issue is out of (4) Echo Shows (2) of them have been sent off for repair because of the screen glitching!! These are less than 3 months old and already having issues!First repairs were sent off and they “updated the firmware” when I got the device back nothing worked, I had to update to the newest firmware for it to work again. Then (2) weeks later the glitch starts up again!I love the show but I’m getting really frustrated with the glitching.",0,1043,mixed,Device Reliability | Smart Home Integration | Alexa Skills and Features,great features | home automation works | screen glitching issues | firmware problems,Excellent features and performance marred by recurring screen glitches despite repairs.
5,29-Jul-18,Black  Show,Super fun !! I ty is what I was expecting,1,1044,positive,,super fun | as expected,Device is fun and meets expectations.
5,29-Jul-18,White  Show,I love this so much!! Alexa is even better when she can show you things!,1,1045,positive,Screen and Display,love it | visual display | Alexa better with screen,Visual display makes Alexa even better and reviewable loves the device.
5,29-Jul-18,Black  Show,I have the echo but got 2 show. 1 for my Daughter. Absolutely love it. Especially for the video chat.,1,1046,positive,Video and Streaming,absolutely love | video chat | family use,"Family loves the device, especially for video chat capabilities."
5,29-Jul-18,Black  Show,"I've had an Alexa Dot for some time but I'm really enjoying the Alexa Show. It's great to have a visual whether it's a song or the weather. Played Jeapordy, but I'm not good at it. You do learn trivia and no one's watching! Love that recipes are visible and movies are available. Haven't had it long enough to try everything.",1,1047,positive,Screen and Display | Alexa Skills and Features,visual display | Jeopardy game | visible recipes | weather display,"Visual features for songs, weather, recipes, and games significantly enhance Alexa experience."
5,29-Jul-18,Black  Show,Got this on Amazon prime with the ring pro. Work really great. Being the lazy guy I am I don't need to go see who at my door anymore while I'm gaming.,1,1048,positive,Smart Home Integration,works great | Ring Pro integration | door monitoring convenience,Works perfectly with Ring Pro for easy door monitoring while gaming.
5,29-Jul-18,Black  Show,"We originally got the Show to video chat family members, and it works great for that. We have found that we really like checking things hands-free like the weather and recipes. So far we have really liked the Show, and would recommend it!",1,1049,positive,Video and Streaming | Alexa Skills and Features,video chat family | hands-free weather | recipes | works great,Great for video chatting family and hands-free weather and recipe access.
5,29-Jul-18,Black  Show,Easy setup. Was up and running in minutes. The learning feature is outstanding. Now I know why Amazon is so far ahead of the competition.,1,1050,positive,Setup and Configuration | Alexa Skills and Features,easy setup | minutes to run | learning feature | outstanding,Easy setup and outstanding learning features make it competitive.
1,29-Jul-18,Black  Show,"I bought this product hoping that Alexa would be pretty well developed and far enough along, therefore expecting her to be responsive. This $100 piece of crap doesnt even know how to respond to a question that amazon themselves told me to ask her. (Echo buttons manual, see Step 3.) The device has potential given it has a big screen, decent sound but for 200 bucks, I would never reccomend it. Even for the $100 I spent, I feel like I got shorted. Oh and lastly, the device is pretty useless without a prime membership. I linked my personal account to it and the thing was literally a decorated bluetooth speaker. I went on the family account (this one) and got it to work minimal. Oh, and even with our prime membership, you have to have a music pass or something that's an extra 3.99 a month, leaving this item a subscription nightmare, and a overpriced, decorated bluetooth speaker in my eyes. I would give it zero stars if I could.",0,1051,negative,Alexa Skills and Features | Price and Deals,unresponsive | overpriced | subscription costs | useless without Prime,Unresponsive Alexa and excessive subscription requirements make it overpriced.
5,29-Jul-18,White  Show,"quite nice...clear, great sound.",1,1052,positive,Sound Quality,clear | great sound,Clear display with great sound quality.
5,29-Jul-18,Black  Show,"Versatile use, can watch movies or news. Able to use as remote for vehicle. Or use as a communication hub for the home. Great produc!!!",1,1053,positive,Video and Streaming | Smart Home Integration,watch movies | news | vehicle remote | communication hub,"Versatile device for movies, news, vehicle control, and home communication."
5,29-Jul-18,Black  Show,I bought two. One for me and one for my daughter who lives in another state. We love it!!,1,1054,positive,Gift Purchase,bought two | daughter | another state | love it,Great gift for staying connected with family in different states.
1,29-Jul-18,White  Show,"Our family bought several of these to help communicate with older parents and grandparents who need simpler devices than a full-fledged tablet. What fantastic potential these have - for digital photo screen, video calls, easy accesss to music, audio books, etc. However, once we have them setup, we discovered the huge lurking negative. Amazon forces you to view continous spam on the home screen promoting all their Alexa features. You can turn off many other things in settins, but you cannot turn off &#34;Things to Try&#34;. Instead of a beautiful digital photo screen with weather and time ... we now constantly have a spam ad across the home screen that says, &#34;Try ......&#34;. AMAZON, please listen to your customers and offer a setting to turn off this SPAM!",0,1055,mixed,Advertising and Promotions | Alexa Skills and Features,fantastic potential | video calls | continuous spam | Things to Try ads,Excellent device potential undermined by unavoidable promotional spam on home screen.
5,29-Jul-18,Black  Show,The best part about owning this is that my mother who is anti-technology uses this with ease everyday and finds new reasons to use it as well. Well done.,1,1056,positive,Alexa Skills and Features | Design and Appearance,anti-technology mother | uses with ease | finds new reasons,Elderly user easily adopts device and continuously discovers new uses.
4,29-Jul-18,Black  Show,"It’s my second one, so I put this one in the kitchen for recipes.",1,1057,positive,Alexa Skills and Features,second one | kitchen | recipes,Second purchase placed in kitchen for convenient recipe access.
5,29-Jul-18,White  Show,Echo Show is perfect for staging in the kitchen so recipes are right there. No need to print them. Wonderful device. Acoustical sounds are not as powerful as our tall cylindercal echo but we have that covered in the adjacent family room.,1,1058,positive,Alexa Skills and Features | Sound Quality,kitchen staging | recipes accessible | acoustical sounds | wonderful device,"Perfect for kitchen recipe access, though sound quality less powerful than larger models."
4,29-Jul-18,Black  Show,"Great fun but frustrating at times. Commands between tv and the show get mixed (asking to watch something will turn my directv, not display on show which stinks with an 8 year old) Also would like more video options with flash briefings. Still really a tech wonder for a low price.",1,1059,mixed,Smart Home Integration | Alexa Skills and Features | Video and Streaming | Price and Deals,command conflicts with TV | flash briefing video options limited | low price | fun but frustrating,Fun device at a good price but struggles with command conflicts and lacks video options.
5,29-Jul-18,Black  Show,Love that you can play music and see the lyrics. Connected to my echo dot I enjoy listening in multiple rooms.,1,1060,positive,Alexa Skills and Features | Sound Quality,music playback with lyrics | multi-room audio | Echo Dot integration,Enjoys music playback with lyrics and multi-room listening capability via Echo Dot.
3,29-Jul-18,Black  Show,"I love Alexa and when I had the chance to add Show to my home... I jumped at it. But... I'm a member and my Show doesn't know I paid for the extras with my Echo (now in the upstairs bedroom. If I am supposed to pay more for having Show added to my home, then I'm afraid to ask &#34;What's the point?&#34;",1,1061,negative,Alexa Skills and Features | Price and Deals,paid extras not recognized | subscription confusion | feature access limited,"Show doesn't recognize paid Prime membership extras, creating confusion about additional costs."
5,29-Jul-18,White  Show,Purchased as a more &#34;personal&#34; contact vehicle for engaging with long distance grandchildren. Works perfectly in every regard. Resolution and sound both better than expected. Highly recommend.,1,1062,positive,Video and Streaming | Sound Quality | Design and Appearance,family video calls | excellent resolution | better sound than expected,Excellent for contacting grandchildren with superior resolution and sound quality.
4,29-Jul-18,Black  Show,"Works well, pictures awesome! Sound could be better. Must be on the same bandwidth as other Alexa devices for whole home music. 2.4ghz vs 5ghz.",1,1063,mixed,Sound Quality | Screen and Display | Wi-Fi Connectivity,great picture quality | sound could improve | bandwidth requirements for multi-room,Good picture quality but sound needs improvement; requires specific Wi-Fi bandwidth for whole-home music.
5,29-Jul-18,Black  Show,"I am pleased with the Echo Show, from the sound of the music and the words to the tunes to the news and weather. The color on the screen for my photos could be better.",1,1064,mixed,Sound Quality | Screen and Display | Alexa Skills and Features,good music sound | news and weather | photo color could be better,"Satisfied with music and news features, but photo color display could be improved."
5,29-Jul-18,White  Show,Echo Show is my personal assistant! Awesome!!!,1,1065,positive,Alexa Skills and Features,personal assistant | awesome functionality,Highly satisfied with Echo Show as a personal assistant device.
5,29-Jul-18,Black  Show,"The packaging was beautiful and then there she was!! We have 2 dots and an echo plus already. Now we have the show and we love it. An echo for each room!You can also say &#34;Alexa, turn off the screen&#34; and it will go black. This is good for sleeping.",1,1066,positive,Design and Appearance | Alexa Skills and Features | Device Reliability,beautiful packaging | multi-room setup | screen off feature for sleep,Loves Echo Show alongside other devices; appreciates screen-off feature for sleeping.
3,29-Jul-18,White  Show,"The ability to respond with the accuracy and variety of information provided by Google search has spoiled me.I had originally expected to see that the same type of search engine in the Echo.Not so, the ability of Alexa to provide such detailed information is not part of the package.Perhaps improvements are in the offing with further updates.",1,1067,negative,Alexa Skills and Features,Alexa search limited compared to Google | lacks detailed information retrieval | needs improvement,Disappointed that Alexa's search lacks the detail and accuracy of Google search.
5,29-Jul-18,White  Show,"My daughter has an Echo Show and she told me how much she loved it. I bought a white one for my kitchen and absolutely love it! It has all the features of the others plus great extras. The sound system is awesome. I also own the original Echo Tower, Dots and Spot. Each are great and have their uses around my house. I highly recommend all of these products.",1,1068,positive,Alexa Skills and Features | Sound Quality | Design and Appearance,white color option | great sound system | multi-device household | recommended,"Highly recommends Echo Show for its features, sound quality, and versatility across multiple rooms."
5,29-Jul-18,Black  Show,Really like the show me feature. I also like video calls with others.,1,1069,positive,Alexa Skills and Features | Video and Streaming,show me feature | video calls | useful features,User enjoys the show me feature and video calling capabilities.
5,29-Jul-18,Black  Show,"I love this device. I bought it simple so that I can have an alarm clock with my Amazon Echo.....and during Prime day for the price you couldn't beat it. But, I have Sonos and Big Ass Fan lights that I am able to control with this device. It's perfect and getting better all the time.",1,1070,positive,Smart Home Integration | Price and Deals | Device Reliability,alarm clock | Prime day price | smart home control | Sonos integration,Affordable device works well as alarm clock and controls smart home devices.
4,29-Jul-18,Black  Show,The ase of participating with Echo,1,1071,positive,Alexa Skills and Features,ease of use | Echo participation,User appreciates how easy it is to interact with Echo.
3,29-Jul-18,Black  Show,"I like the weather options but Alexa search compacity needs improvement. She aint no Google. Alexa gets our requests probably around 20% of the time. Currently Alexa doesn't do YouTube either. This is a huge drawback and why The echo show dropped in price. International radio via tune in is awesome but again her search engine, its like pulling teeth to get to anything.",1,1072,negative,Alexa Skills and Features | Voice Recognition,poor search accuracy | YouTube unavailable | voice recognition issues | 20% success rate,Alexa's search and voice recognition capabilities are significantly limited compared to Google.
5,29-Jul-18,Black  Show,LOVE!! i still haven't figured out all the best things we can do with it.,1,1073,positive,Alexa Skills and Features,love the device | discovering features | potential,User loves the device and is still exploring its capabilities.
5,29-Jul-18,White  Show,"Easy to use, Answers all my questions,Hands free, What's not to like , It may not be perfect but it is a sign of the times to come, can be connected to smart home items, I enjoy it totallly,, Keeps your home connected",1,1074,positive,Voice Recognition | Smart Home Integration | Alexa Skills and Features,easy to use | hands-free | answers questions | home connectivity,"Easy-to-use device answers questions, works hands-free, and connects smart home items."
5,29-Jul-18,Black  Show,This product is amazing! I love it!!! Best Buy!!! Only thing missing is Bluetooth,1,1075,mixed,Device Reliability | Battery and Power,amazing product | great quality | missing Bluetooth,Excellent device with one notable limitation: no Bluetooth capability.
5,29-Jul-18,Black  Show,The Echo Show works great. I enjoy very much.,1,1076,positive,Device Reliability,works great | satisfying | reliable,Echo Show works well and user is satisfied with it.
4,29-Jul-18,Black  Show,Works with Blink video cameras. Does not work with You Tube.,1,1077,mixed,Smart Home Integration | Video and Streaming,Blink camera compatibility | YouTube unavailable | compatibility issues,Works with Blink cameras but lacks YouTube support.
5,29-Jul-18,Black  Show,I love the simple set up I love the fact that it has all the answers to most of the questions that I have I bought one for everybody in my family so we can all be like the Jetsons,1,1078,positive,Setup and Configuration | Alexa Skills and Features,simple setup | answers questions | family gift | all-in-one device,Simple setup and comprehensive features make it ideal for family use.
5,28-Jul-18,Black  Show,The only draw back is it stops every once in awhile in the middle of a song .,1,1079,negative,Device Reliability,stops during playback | music interruptions | recurring issue,Device frequently interrupts music playback mid-song.
5,28-Jul-18,Black  Show,"Echo is my teacher English, he is very funny,but sometimes he does not listen to what is said.",1,1080,mixed,Voice Recognition | Alexa Skills and Features,voice recognition issues | entertaining responses | listening problems,Entertaining but sometimes fails to recognize what is said.
5,28-Jul-18,White  Show,awesome product! I am in the process of having every room in my house set up with automation and The Show is now my favorite device!,1,1081,positive,Smart Home Integration,home automation | favorite device | all rooms equipped,Excellent for whole-home automation setup.
5,28-Jul-18,Black  Show,"We’ve had the original Echo for quite some time and just recently added the Show. It was simple to setup and more inviting to use with the visual interface. The Echo is being used as the primary interface for my connected home system which is currently only controlling lights and switches. I look forward to expanding on that capability. We also use it for maintaining lists, as a music player, general information, and entertainment. I haven’t used the Show to shuffle through our favorite photographs but will start that soon.",1,1082,positive,Setup and Configuration | Smart Home Integration | Alexa Skills and Features,simple setup | visual interface | connected home control | multiple uses,Easy to set up with inviting interface for smart home control and entertainment.
5,28-Jul-18,Black  Show,These things are great!,1,1083,positive,,very good | great product,Customer is very satisfied with the product.
5,28-Jul-18,Black  Show,bought two of these. One for my kitchen and the other for my sewing room. Its great if I need a recipe or need to know how to do something. I am still learning everything it can do.,1,1084,positive,Alexa Skills and Features,helpful features | recipes | learning capabilities,Useful device for recipes and instructions with many features to explore.
5,28-Jul-18,Black  Show,"Love how it shows the song info on the screen if playing... also time, notifications, news, etc!",1,1085,positive,Screen and Display | Alexa Skills and Features,song information display | time and notifications | visual feedback,"Displays song info, time, notifications, and news clearly on screen."
4,28-Jul-18,Black  Show,"Alexa takes some getting used to, but the picture quality is great, the touch screen is very responsive and smooth. Speakers are better than expected as wellFour stars out of five",1,1086,positive,Voice Recognition | Screen and Display | Sound Quality,learning curve | great picture quality | responsive touchscreen | good speakers,"Learning curve required, but excellent display quality, touchscreen, and speakers."
3,28-Jul-18,White  Show,"I like the option for white, but it’s bizarre that it comes with a black cord. I have a white kitchen, so now I have this stands-out-like-a-sore-thumb black power cord. For aesthetic purposes, I was happier with my year-old white Echo (not Show) because it came with a white powercord. This seems like a major design flaw in the “white” option. I strongly urge Amazon to change out the powercord to white.",1,1087,negative,Design and Appearance,white finish | black power cord mismatch | aesthetic flaw | design inconsistency,White model comes with black power cord creating design inconsistency.
5,28-Jul-18,Black  Show,I am very pleased with the Echo Show! I love that it has so many nice features. I highly recommend it.,1,1088,positive,Alexa Skills and Features,many features | highly satisfied | recommended,Customer highly recommends the Echo Show for its numerous features.
5,28-Jul-18,Black  Show,The ease of set up and overall functionality makes this Echo show worth every penny. I especially like setting my background screen and being able to set affirmations that I use as personalized reminders.,1,1089,positive,Setup and Configuration | Alexa Skills and Features,easy setup | personalized reminders | background screen customization,Easy setup and customizable features like affirmations make this Echo Show excellent value.
5,28-Jul-18,Black  Show,I love it! I wanted it primarily for the kitchen. In addition to other common services I wanted it to use ALLRecipes and Cook's Illustrated recipes,1,1090,positive,Alexa Skills and Features,kitchen use | recipe apps | AllRecipes | Cook's Illustrated,Great for kitchen use with access to recipe services like AllRecipes and Cook's Illustrated.
5,28-Jul-18,Black  Show,"Easy to use. Great for recipes, listen to music, see movies, movie trailers, so much to do....",1,1091,positive,Alexa Skills and Features | Video and Streaming | Sound Quality,easy to use | recipes | music | movies,"User-friendly device offering recipes, music, and movie streaming capabilities."
5,28-Jul-18,Black  Show,I love being able to see information that Alexa gives. When notifications are turned on it lets you know when your order will be delivered and it also tells you what the order is. You can use the Echo screen to pull up details of your orders. You can use the Alexa skill to make calls from uhyour Echo.,1,1092,positive,Screen and Display | Alexa Skills and Features,visual information | delivery notifications | order tracking | voice calls,"Screen display enables order tracking, notifications, and calling features through Alexa skills."
5,28-Jul-18,White  Show,Great sound and video!,1,1093,positive,Sound Quality | Video and Streaming,great sound | great video,Excellent sound and video quality.
5,28-Jul-18,White  Show,"Love my Echo Show!! Now I can listen to music, get recipes, and so much more!!! I highly recommend the Echo for everyone!!",1,1094,positive,Alexa Skills and Features,music | recipes | versatile functionality,"Highly recommended for music, recipes, and diverse entertainment capabilities."
5,28-Jul-18,Black  Show,"Easy to set up. Plug it in then make some selections for your preferences such as language, temp C or F etc. I am getting more familiar with it and will be adding my calendar and appointments.",1,1095,positive,Setup and Configuration,easy setup | preference customization | calendar integration,Simple setup with preference options and expandable features like calendar integration.
5,28-Jul-18,Black  Show,I like the variety of stuff that the echo show offers.,1,1096,positive,Alexa Skills and Features,variety of features,Offers a wide variety of features and capabilities.
4,28-Jul-18,Black  Show,I wish it did more with internet searches. I do like the feature it has,1,1097,mixed,Alexa Skills and Features,limited internet search | appreciated features,Appreciates features but wishes internet search capabilities were more comprehensive.
5,28-Jul-18,Black  Show,I bought this after visiting a friend who had one and it is great. I understand the frustration of not having YouTube though. Still good to have-love seeing the words to songs and if you have the Ring doorbell-you never have to get up from your chair...laziness at it's best! LOL All in all- a great product with good speakers.,1,1098,positive,Sound Quality | Smart Home Integration | Alexa Skills and Features,Ring doorbell integration | song lyrics | good speakers | no YouTube,"Great device with good speakers and Ring integration, though YouTube unavailability is noted."
4,28-Jul-18,White  Show,Good smart home gadget.,1,1099,positive,Smart Home Integration,smart home gadget | good,A good smart home device that works well.
5,28-Jul-18,Black  Show,Love the speakers and the screen.,1,1100,positive,Sound Quality | Screen and Display,speakers | screen | love,Excellent speakers and screen quality.
5,28-Jul-18,Black  Show,I loved everything about this item. Quick response time and very sensitive to me speaking from the other end of the house.,1,1101,positive,Voice Recognition,quick response time | sensitive | voice recognition,Excellent voice recognition with fast response times from across the house.
5,28-Jul-18,Black  Show,Bought it for my mother,1,1102,positive,Gift Purchase,bought for mother | gift,Purchased as a gift for the reviewer's mother.
4,28-Jul-18,Black  Show,It is great. But it would be better there was a way to use headphones with it.,1,1103,mixed,,great | no headphones support | limitation,Good device but lacks headphone compatibility.
4,28-Jul-18,White  Show,"So far so good, much better sound than my Echo Dot",1,1104,positive,Sound Quality,sound quality | better than Echo Dot,Sound quality significantly exceeds the Echo Dot.
5,28-Jul-18,Black  Show,Clear screen and great picture,1,1105,positive,Screen and Display,clear screen | great picture,"Screen displays clear, high-quality images."
5,28-Jul-18,Black  Show,I love it. It is compatible with many of my cameras and it does everything that the echo dot does.,1,1106,positive,Smart Home Integration | Alexa Skills and Features,camera compatible | all Echo Dot features | love,Compatible with cameras and matches Echo Dot functionality.
5,28-Jul-18,Black  Show,I have it in the kitchen. Great for news or music in the a.m. I can video call my daughter and grand kids. I really dig it!,1,1107,positive,Video and Streaming | Alexa Skills and Features,kitchen | video calls | news | music,"Excellent for video calls, news, and music in the kitchen."
5,28-Jul-18,Black  Show,"I absolutely love this thing. And I love AMAZON because my Echo Show went bonkers and all it took was a brief chat and Voila, a new one to replace it is on the way. I was floored when the screen started blurring and shaking and jumping and missing part of its data. Alexa still talked but I couldn't watch movies. SO HAPPY that Amazon is so easy to deal with and makes good on its products without any hassle at all.",1,1108,positive,Screen and Display | Warranty and Support | Video and Streaming,screen malfunction | Amazon support | replacement | easy resolution,Device had display issues but Amazon's support provided seamless replacement.
5,28-Jul-18,Black  Show,"Works well for recipes and references. Nice device, just the right size.",1,1109,positive,Alexa Skills and Features | Design and Appearance,works well for recipes | good references | right size,Device works well for recipes and references with an appropriately compact size.
1,28-Jul-18,White  Show,"Works fine, I just realize I don’t need this because I don’t use it.",0,1110,negative,,works fine | don't need it | don't use it,Device functions but owner finds no practical use for it.
5,28-Jul-18,Black  Show,"It has a screen, microphones, speaker, and alexa lives inside. Yup it is an Echo Show. Expectations met.",1,1111,positive,Screen and Display | Voice Recognition,has screen | microphones | speaker | expectations met,Echo Show has expected features and meets basic functionality requirements.
5,28-Jul-18,Black  Show,This is very user friendly,1,1112,positive,Setup and Configuration,very user friendly | easy to use,Device is user-friendly and easy to navigate.
5,28-Jul-18,Black  Show,Let’s start with.Dislikes: Now I want to buy 7 more to have them all over my house.Do I even need to add my likes now? HahaAwesome fun and useful. Nothing else to say.,1,1113,positive,Alexa Skills and Features,awesome | fun and useful | want to buy more,Customer is highly satisfied and wants to purchase multiple units for their home.
5,28-Jul-18,White  Show,"An outstanding piece of Technology, I use it everyday for information, scheduling and general information. Awesome Amazon, keep improving with AI.",1,1114,positive,Alexa Skills and Features | Device Reliability,outstanding technology | use everyday | information | scheduling,Outstanding device used daily for information and scheduling tasks.
5,28-Jul-18,Black  Show,This was an impulse buy and I am super happy I made the purchase. I love this so much I immediately bought my parents one. now we can video chat easily! I love all the features and how easy this is to use and set up.,1,1115,positive,Video and Streaming | Setup and Configuration | Gift Purchase,super happy | video chat | easy to use | easy setup,Impulse purchase that delighted the buyer and prompted gifting to parents for video calling.
5,28-Jul-18,Black  Show,"Great product, great price on Prime Day. Thanks Alexa!",1,1116,positive,Price and Deals,great product | great price | Prime Day,Good product at an excellent Prime Day sale price.
4,28-Jul-18,Black  Show,Still trying to figure out how to link to Bluetooth speaker.,1,1117,negative,Setup and Configuration,trying to figure out | link to Bluetooth speaker | difficulty,Customer struggles to connect the device to a Bluetooth speaker.
4,28-Jul-18,Black  Show,Wish there were more skills,1,1118,negative,Alexa Skills and Features,wish | more skills | limited skills,Customer desires a greater selection of available Alexa skills.
5,28-Jul-18,Black  Show,"Still learning it. We have just started integrating the smart devices in our home with the Echo product line. We now have the Show, the Spot, two Dots and a kids Dot. Having trouble getting them to call each other but still working on it.",1,1119,mixed,Smart Home Integration | Setup and Configuration,learning curve | multiple devices | inter-device calling issues | integration in progress,User is learning to integrate multiple Echo devices but experiencing difficulty with inter-device calling.
5,28-Jul-18,Black  Show,"Great improvement over the original Echo. Like the ability to see lyrics to songs, watch Prime TV and get other visuals. The little hints about things to try that appears across the bottom sparks the imagination.",1,1120,positive,Video and Streaming | Alexa Skills and Features,improvement over original | lyrics display | Prime TV access | visual suggestions,Significant improvement over original Echo with appreciated visual features and helpful suggestions.
4,28-Jul-18,Black  Show,"Sound is great,video is great. Now I just need to learn everything it can do. Where can I see videos (youtube), listen to music. watch the news",1,1121,positive,Sound Quality | Video and Streaming,great sound | great video | learning capabilities | content access questions,"Excellent sound and video quality, but user wants to learn more about available features."
5,28-Jul-18,White  Show,Great addition to our Alexa family. Great video also.,1,1122,positive,Video and Streaming | Smart Home Integration,great addition | great video | Alexa family expansion,Positive addition to Alexa ecosystem with great video capabilities.
3,28-Jul-18,Black  Show,"If you belong to amazon prime, I would think that you could watch any video on it that was in the library. You can with prime music",1,1123,mixed,Video and Streaming,Prime membership expectations | Prime Music availability | video library limitations,"User expected wider video access with Prime membership, though Prime Music works as expected."
5,28-Jul-18,Black  Show,Nothing to dislike and it does a lot more than I expected,1,1124,positive,Alexa Skills and Features,exceeded expectations | versatile functionality | no complaints,Device performs more features than expected with no dislikes.
4,28-Jul-18,Black  Show,I bought this specifically so my wife could look at our Arlo security cameras from the bedroom when I’m at work. The system worked for three days and now it just gives me a error message. Very disappointed due to the fact that they advertise that these systems work together. I gave four stars because it does everything else very well.,1,1125,negative,Smart Home Integration | Device Reliability,Arlo camera integration failure | error messages | false advertising claims | disappointed,Device stopped accessing Arlo security cameras after three days despite advertised compatibility.
5,28-Jul-18,Black  Show,It is awesome. I love being able to turn my lights on so I don’t have to walk into a dark home. I also get to video chat with my nephews who live states away by just asking Alexa to call.,1,1126,positive,Smart Home Integration | Alexa Skills and Features,smart lighting control | video calling | convenient hands-free control,Excellent for smart home control and video calling with family across distances.
5,28-Jul-18,White  Show,Super easy set up! Great features! FUN!,1,1127,positive,Setup and Configuration | Alexa Skills and Features,easy setup | great features | fun to use,Simple setup process with enjoyable features and overall fun experience.
5,28-Jul-18,Black  Show,I love the size and the videos are a good quality. The sound is awesome too.,1,1128,positive,Design and Appearance | Video and Streaming | Sound Quality,compact size | good video quality | awesome sound,Compact design with excellent video quality and impressive sound performance.
5,28-Jul-18,White  Show,Bought for my older grandparent to help with reminders. Would recommend to anyone with someone in their life with dementia or memory loss. Helps my grandmother remember to take medications and do daily task. She loves it because she can listen to music and ask questions,1,1129,positive,Alexa Skills and Features,helps with medication reminders | memory loss support | daily task assistance | music and questions,"Excellent device for elderly relatives with dementia, helping with medication reminders and daily tasks."
5,28-Jul-18,Black  Show,Kids like it for games. Showing the lyrics for songs is neat.,1,1130,positive,Alexa Skills and Features,games for kids | song lyrics display,Kids enjoy games and song lyrics feature on the device.
2,28-Jul-18,Black  Show,Need to be able to connect to more 3rd party viceo apps,0,1131,negative,Video and Streaming,limited third-party video app support,Lacks integration with more third-party video applications.
5,28-Jul-18,Black  Show,Glad I upgraded my aka,1,1132,positive,,successful upgrade,User is satisfied with their Alexa device upgrade.
4,28-Jul-18,Black  Show,Still leaning about it. The price was right!,1,1133,positive,Price and Deals,affordable pricing | learning the device,Good value price for a device the user is still learning to use.
5,28-Jul-18,Black  Show,"I own two dots, a tap and a show. I love the echo show. Sound quality is amazing compared to the dots. I use mine constantly to create shopping list, kitchen and laundry timer, and news updates. But most of all I have the all throughout the house and I play music throughout using the group settings",1,1134,positive,Sound Quality | Alexa Skills and Features,superior sound quality | shopping lists | timers | multi-room music grouping,"Echo Show offers excellent sound quality and versatile features for lists, timers, and whole-home music."
5,28-Jul-18,Black  Show,I absolutely love my Show!,1,1135,positive,,love the device,User is very satisfied with their Echo Show.
5,28-Jul-18,White  Show,Echo Show - White&nbsp;Great new addition to our Alexa home solution and now I can call back home and video chat directly from my phone. Great way to stay in touch with family.,1,1136,positive,Smart Home Integration,video calling | family connection | home integration,Great addition for making video calls and staying connected with family.
3,28-Jul-18,Black  Show,"It's an echo with a screen, hence still needs work. Has me considering google home now.",1,1137,negative,Device Reliability,needs improvement | considering Google Home,Device requires work; user considering switching to Google Home.
4,28-Jul-18,White  Show,"I like the fact that the messages are visual now as well as audible.I am puzzled because it will light up and make the &quot;notification&quot; sound but when I ask Alexa to read my notifications, she tells me that there are no new notifications. This has happened at least once a day for over a week now.",1,1138,mixed,Alexa Skills and Features,visual message display appreciated | notification glitch | daily notification failures,Likes visual notifications but experiences frequent glitches where notifications fail to appear when requested.
5,28-Jul-18,White  Show,While I loved Alexa....this is a whole new level. Love it. Fun to watch movie trailers. Weather is so much more complete. When you listen to music....the lyrics appear. Still discovering all Echo Show can do. Highly recommend. Takes Alexa to a completely new world.,1,1139,positive,Alexa Skills and Features | Video and Streaming | Sound Quality,new level of functionality | movie trailers | weather details | lyrics display | highly recommend,Echo Show takes Alexa to an exciting new level with enhanced features and visual capabilities.
3,28-Jul-18,Black  Show,Nice product but as intelligent as we thought or had hoped.,1,1140,negative,Voice Recognition | Alexa Skills and Features,not as intelligent | unmet expectations | disappointed,Device is not as intelligent as expected or hoped for.
1,28-Jul-18,White  Show,The tech isn’t there. It doesn’t understand most common words and is basically a glorified radio,0,1141,negative,Voice Recognition | Alexa Skills and Features,poor understanding | common words | glorified radio,Device fails to understand common words and lacks sophisticated functionality.
5,28-Jul-18,White  Show,Love it! We have other echoes and love those so I bought this on prime day! No regrets. Love that I can connect to my Ring and see the front door. Yhe kids like seeing the lyrics to songs and sing along. .,1,1142,positive,Smart Home Integration | Video and Streaming | Alexa Skills and Features,prime day purchase | Ring integration | front door viewing | song lyrics | kids enjoy,Loved Echo Show with Ring connectivity and lyric display features for the family.
5,28-Jul-18,Black  Show,"I love it! Plays great music, movies, and so much more. I does lag when u want to see your arlo security cameras thou. So far so good. Wish it had a longer cord.",1,1143,mixed,Smart Home Integration | Video and Streaming | Battery and Power,great music and movies | camera lag issue | cord length complaint,Enjoys video and music but experiences lag with security cameras and wishes for longer cord.
5,28-Jul-18,Black  Show,Love the echo show. The video quality is good and of course sound is good too.,1,1144,positive,Video and Streaming | Sound Quality,good video quality | good sound | love it,Satisfied with excellent video and sound quality.
5,28-Jul-18,Black  Show,Love it. It is in my kitchen so I can watch Prime Video while cooking.,1,1145,positive,Video and Streaming,kitchen location | Prime Video | while cooking,Enjoys using Echo Show to watch Prime Video while cooking in kitchen.
5,28-Jul-18,Black  Show,We are very pleased with this item. The display is clean and crisp and easy to read. We enjoy trying the suggested things to try asking Alexa. We use the timer feature quite a bit and have added our calendars and contacts. We are still exploring the many skills available.,1,1146,positive,Screen and Display | Alexa Skills and Features | Setup and Configuration,clean crisp display | easy to read | timer feature | calendars and contacts | exploring skills,"Very pleased with crisp display and enjoying timer, calendar, and available Alexa skills."
5,28-Jul-18,White  Show,Device has great speakers and the screen quality is phenomenal.,1,1147,positive,Sound Quality | Screen and Display,great speakers | phenomenal screen quality,Impressed with excellent speaker performance and phenomenal screen quality.
5,28-Jul-18,Black  Show,"We now have a dot, spot, echo and show and love the show and spot best. The show has great sound and my wife loves the display for weather, recipes and sing alongside. Super deal.",1,1148,positive,Sound Quality | Screen and Display | Video and Streaming,great sound | weather display | recipes | sing along | super deal,"Love Echo Show most among devices owned for sound, display features, and weather/recipes."
3,28-Jul-18,Black  Show,It doesn’t play you tube videos,1,1149,negative,Video and Streaming,doesn't play YouTube videos | streaming limitation,Device fails to play YouTube videos.
3,28-Jul-18,Black  Show,"Was working great útil 1 week algo, í have it for a month, but it started flickering, and in the support forums they say it is a known isue, but it has more the 4 months reported and There is no solución.",1,1150,negative,Screen and Display | Device Reliability | Warranty and Support,screen flickering | known issue | no solution | unresolved problem,Screen flickering developed after one week; known issue with no resolution.
5,28-Jul-18,White  Show,We like the video calling feature. We got this so we can be in contact with our elderly parents and it works well,1,1151,positive,Video and Streaming,video calling feature | stay in contact | works well,Video calling feature works well for staying connected with elderly parents.
1,28-Jul-18,White  Show,The sound on these is terrible. It’s like a tin can. I love my echo but this item is awful.,0,1152,negative,Sound Quality,terrible sound quality | tin can sound | disappointing audio,"Sound quality is poor, resembling a tin can."
5,28-Jul-18,Black  Show,I have been waiting for the Echo Show to go on sale and it was worth the wait. It was easy to set up and start using,1,1153,positive,Price and Deals | Setup and Configuration,waited for sale | worth the wait | easy setup,Sale purchase that was easy to set up and worth the wait.
2,28-Jul-18,Black  Show,"This was my 4th echo device, 1st echo show it seemed to have huge potential, and I really wanted to like it, but soon found out it is quite limited. A bit disappointing, but not the end of the world, I used it like I use my other, screenless echos.... For a little under 2 month, when the screen started flickering, mostly on the bottom of the screen but not just. A quick look in some forums made me understand it is pointless asking for a replacement, as some people had 2-3 devices replaced, only to start flickering again shortly after. Amazon are not providing any serious answers, and this has been going on for quite some time apparently.Long story short, I moved it to the hallway, and been using it as a very expensive... and bulky voice activated light switch for my hue lights. So like the headline suggests... Meh.",0,1155,negative,Device Reliability | Screen and Display | Warranty and Support | Alexa Skills and Features,screen flickering | limited functionality | replacement failures | no serious answers,Device has limited features and develops persistent screen flickering despite multiple replacement attempts.
4,28-Jul-18,Black  Show,Love it to play music works great for finding recipes. Need more family to have adapted machines to see,1,1156,positive,Alexa Skills and Features,plays music well | finds recipes | works great,Performs well for music playback and recipe searches.
4,28-Jul-18,Black  Show,"It seems a little less intuitive then the regular Echo Plus. It's also a little harder for it to pick up what you're saying. When combined with the other four we have in the household, having to speak loud enough for it to hear was cross activating other ones, so we had to rename this one. Overall it works well, but does not seem as adept at doing things as the original Echo Plus.",1,1157,mixed,Voice Recognition | Alexa Skills and Features,less intuitive | poor voice detection | cross-activation issue | overall works well,Voice recognition less reliable than Echo Plus; works adequately but required renaming to prevent cross-activation.
5,28-Jul-18,Black  Show,This is my second Show. I like them very much. I use mine for music and my Arlo security cameras. I can connect and display my outdoor cameras by voice. They are exceptionally capable devices. I highly recommend them.,1,1158,positive,Smart Home Integration | Alexa Skills and Features | Video and Streaming,music playback | security camera integration | voice control | highly capable,Excellent device for music and smart home camera integration with reliable voice control.
5,28-Jul-18,Black  Show,Love seeing everything in the display!,1,1159,positive,Screen and Display,display visibility | everything visible,Customer appreciates the clear display visibility on the device.
5,28-Jul-18,Black  Show,"I love this thing. I enjoy watching the daily news, play music with lyrics (most songs), ordering my coffee..etc",1,1160,positive,Alexa Skills and Features | Video and Streaming,daily news | music with lyrics | ordering coffee,"Customer enjoys watching news, playing music, and ordering coffee hands-free."
4,31-Jul-18,Black  Plus,We use Alexa primarily for listening to music and checking the weather. We are still learning other ways to use her. Everything has been ready and hands free so far. The speaker has great volume and sound!,1,1161,positive,Alexa Skills and Features | Sound Quality,music listening | weather checks | hands-free | great volume,Alexa delivers reliable hands-free service with excellent speaker volume and sound quality.
5,31-Jul-18,Black  Plus,Plug n Play set up is simple. Added battery base to make it portable. Looking forward to using the hub.,1,1162,positive,Setup and Configuration | Battery and Power,plug and play setup | portable battery base | simple setup,Simple plug-and-play setup with portable battery base option.
5,30-Jul-18,White  Plus,Great speaker i n this! I love this so much more than my alexa tap! It’s definitely fast in response and just so much prettier,1,1163,positive,Sound Quality | Design and Appearance | Voice Recognition,great speaker | fast response | prettier design | better than Tap,Fast-responding device with excellent sound quality and superior design compared to Alexa Tap.
4,30-Jul-18,Black  Plus,She's [Alexa] a bit dense and still learning the way I phrase things with my NY/NJ regional accent.,1,1164,negative,Voice Recognition,dense | regional accent | learning phrasing,Alexa struggles to understand the customer's regional New York/New Jersey accent.
5,30-Jul-18,Black  Plus,Great sound and easy to set up. Purchased the Echo Plus because it had a built in Hub and would make it easier to connect to devices. I am hooked on Alexa!,1,1165,positive,Sound Quality | Setup and Configuration | Smart Home Integration,great sound | easy setup | built-in hub | device connectivity,"Great sound, easy setup, and built-in hub for simplified smart home device connection."
5,30-Jul-18,White  Plus,"I like the built in hub. Plus the unit sounds great, just wish it had a volume control on it.",1,1166,mixed,Sound Quality | Smart Home Integration | Design and Appearance,built-in hub | great sound | missing volume control,"Excellent built-in hub and sound quality, but lacks physical volume control."
5,30-Jul-18,White  Plus,Happy with Echo Plus. Having fun learning what I can do with it.,1,1167,positive,Alexa Skills and Features,learning capabilities | happy | discovering features,Customer is satisfied and enjoying learning various Alexa features and capabilities.
5,30-Jul-18,Black  Plus,Love my new Echo Plus,1,1168,positive,,loves Echo Plus | satisfaction,Customer expresses satisfaction with their new Echo Plus.
5,30-Jul-18,White  Plus,Have had this around a week.. I love that I can control items in my house even if I’m not there.. makes me feel better about being away from the house and people don’t know that we are gone.. Alexa has not disappointed!,1,1169,positive,Smart Home Integration | Alexa Skills and Features,remote home control | peace of mind while away | reliable performance,User loves controlling home devices remotely and feels confident about home security.
4,30-Jul-18,White  Plus,I did not know it needed to be plugged in to work. So far my experiences have been positive.,1,1170,positive,Setup and Configuration,plug-in required | positive experiences | learning curve,User discovered device requires power connection but has had positive experiences so far.
5,30-Jul-18,Black  Plus,"Was surprised to learn this can be used as a Bluetooth speaker for phones and tablets... it probably lists it in the description, but I missed that part! It not quite the surround-like quality of a Bluetooth speaker in the $100+ range, but its very good none the less. And with even basic access to Amazon Music there is a lot to listen to. There's a huge number of things Alexa can do, learning more every day.",1,1171,positive,Sound Quality | Alexa Skills and Features | Video and Streaming,Bluetooth speaker capability | good audio quality | Amazon Music access | versatile features,User pleasantly surprised by Bluetooth speaker functionality and audio quality with extensive Alexa capabilities.
5,30-Jul-18,Black  Plus,It's fun to use... I love novelty gadgets... And Alexa really works well for me...,1,1172,positive,Alexa Skills and Features,fun gadget | reliable performance | novelty appeal,User enjoys the device as a novelty gadget with reliable Alexa functionality.
5,30-Jul-18,White  Plus,Awesome device to have in home. Full of very useful information. Don't have to us e my phone to answer spur of the moment questions.,1,1173,positive,Alexa Skills and Features,useful information access | convenient | no phone needed,User appreciates quick information access without needing to use their phone.
5,30-Jul-18,Black  Plus,I like the echo plus it's wonderful the least thing I don't like is it doesn't turn off every,1,1174,mixed,Device Reliability,generally good | power-off issue | incomplete feedback,User likes the device but notes an unresolved issue with power-off functionality.
5,30-Jul-18,Black  Plus,"We love our Echo Plus. We like listening to music,the sound is great. All the features are nice! I do wish it was wireless so we could listen to music outside!",1,1175,mixed,Sound Quality | Alexa Skills and Features | Battery and Power,great sound quality | useful features | lacks wireless capability,User loves music and features but wishes the device were wireless for outdoor use.
5,30-Jul-18,Black  Plus,It’s a great product and easily set up just have to get it in sync with your personal set up,1,1176,positive,Setup and Configuration,easy setup | user-friendly | synchronization required,Device is well-designed and simple to set up with personal systems.
5,30-Jul-18,Black  Plus,Using as a hub and music.,1,1177,positive,Smart Home Integration | Video and Streaming,hub functionality | music streaming | dual purpose,User values the device's hub capabilities and music streaming functions.
3,30-Jul-18,Black  Plus,"Still need more AI built into it to interact better. It needs to continue the conversation sometimes if the finding / answer needs to be right. You can't keep stop Alexa and ask again and again. Also, it should be able to access the wikipedia, dictionary in many areas with better and fast access.Needs to hear us better. Also, we should be able to name it on our own instead calling Alexa or Echo. Price can be reduced a bit (value based) and updates should be auto and daily to improve it. Connectivity to other home equipment can be imrproved as well.Good product with good sound quality, but needs more AI built in.",1,1178,mixed,Voice Recognition | Sound Quality | Alexa Skills and Features | Price and Deals,needs better AI | improved hearing needed | customizable naming | lower price expected | sound quality good | auto-updates desired,"Good sound quality but needs stronger AI, better voice recognition, custom naming, lower price, and improved smart home connectivity."
5,30-Jul-18,White  Plus,"It was an excellent purchase. Echo Plus has sound quality, good size, I love it... I it!",1,1179,positive,Sound Quality | Design and Appearance,excellent purchase | good sound quality | good size | love it,Customer loves the Echo Plus for its sound quality and compact size.
5,30-Jul-18,Black  Plus,Did take me about 6 hours to set it up I have a Galaxy S9 phone when I got used to the system setup it was in seconds edit my light bulbs adding a string of lights simple easy,1,1180,positive,Setup and Configuration | Smart Home Integration,6 hours initial setup | easy once configured | simple light bulb control,Setup took time initially but became simple after learning the system.
5,30-Jul-18,Black  Plus,"Great speaker, great microphone response. Loving my purchase and the beginning of my smart home.",1,1181,positive,Sound Quality | Voice Recognition | Smart Home Integration,great speaker | great microphone response | smart home beginning,"Customer loves the speaker and microphone, enjoying their smart home setup."
5,30-Jul-18,Black  Plus,"This is my 3rd Echo and with the built in hub it works great ! Now I have an Echo in the Family Room, My Bedroom and My Home Office.",1,1182,positive,Smart Home Integration | Device Reliability,third Echo | built-in hub works great | multiple rooms,Built-in hub functions excellently across multiple Echo devices in different rooms.
3,30-Jul-18,White  Plus,I don'r know how to use it yet. Need more explicit directions for the electeonically challenged. I did not get the feee lifht bulb that was part of the package.,1,1183,negative,Setup and Configuration | Advertising and Promotions,unclear directions | needs explicit help | missing free light bulb,Customer lacks understanding of product and did not receive promised light bulb.
5,30-Jul-18,Black  Plus,Is amazing I have all 3 and I love this,1,1184,positive,,amazing product | owns all 3 | love it,Customer loves the product and owns multiple units.
4,30-Jul-18,Black  Plus,"Awesome product, very responsive!Alexa just needs more content and variety when it comes to music. It uses the Bing search engine instead of google. If only the two could combine. It would be a perfect product.",1,1185,mixed,Voice Recognition | Alexa Skills and Features | Sound Quality,very responsive | needs more music content | Bing instead of Google | limited variety,Responsive device with good sound but limited music content and search engine choice.
4,30-Jul-18,Black  Plus,"I am pleasantly surprised at the accuracy of Alexa. The unit is very responsive and can easily respond even with TV or music playing.I did pair two smart bulbs and they go on, off and dim with ease using voice or app. Fidelity is very good for the size.My only regret is that I would have liked a silver model or a fabric cover but that is an unimportant issue.",1,1186,positive,Voice Recognition | Sound Quality | Smart Home Integration,accurate Alexa | very responsive | smart bulbs work easily | good fidelity,Accurate and responsive with excellent smart home control and sound quality for its size.
5,30-Jul-18,Black  Plus,"We went to a Best Buy with the intention of buying Alexa products, instead were talked into the Google Home products. Bought the Google Home and the Home Mini... has trouble from the start setting them up, and they couldn’t understand my husband (Scottish accent). After days of the “oops, something went wrong” command.. we returned them and bought the Amazon Echo Show and the Echo Plus... so easy to set up! It connected immediately to my amazon account and was way easier to navigate. They both understand commands from my husband on the first try and have yet to give an error message. We have loved these two products and should have gone with what we intended in the first place! You won’t regret your purchase!",1,1187,positive,Setup and Configuration | Voice Recognition | Device Reliability,easy setup | immediate connection | understands accents | no error messages,"Echo products set up easily, understand various accents, and outperform competitor Google Home."
4,30-Jul-18,Black  Plus,"Tons of features and skills, and a very good speaker with plenty of bass for music. You still need some work on the AI, in responding to random questions though. My Android phone is far better at those... with the Echo I still get a lot of &#34;hmm, I'm not sure&#34; or &#34;I don't have an opinion on that.&#34;",1,1188,mixed,Alexa Skills and Features | Sound Quality | Voice Recognition,tons of features | good speaker with bass | AI needs improvement | limited question answering,Excellent speaker and features but AI struggles with general knowledge questions.
4,30-Jul-18,Black  Plus,"So far it has been fun to use and learn how to deal with Alexa. I am still learning and finding out what can really be done, plus I am in the process of making my house a smart house, so there is no much to control with Alexa yet.",1,1189,positive,Alexa Skills and Features | Smart Home Integration,fun to use | learning Alexa capabilities | building smart home,User enjoys learning Alexa and plans to expand smart home integration in the future.
5,30-Jul-18,Black  Plus,I like the whole thing so far,1,1190,positive,,likes the whole thing,User expresses overall satisfaction with the product.
4,30-Jul-18,Black  Plus,"Same specs as regular echo, but easier to use than getting a separate hub for smart lights, etc.",1,1191,positive,Smart Home Integration,same specs | easier to use | no separate hub needed,Echo Plus offers the same specs as regular Echo but easier smart home control without a separate hub.
5,30-Jul-18,Black  Plus,"It's a great product with many good aspects, it easy to setup and control with intuitive straight forward instructions. The included lightbulb was excellent and worked perfectly. I very much enjoy this product and recommend it.",1,1192,positive,Setup and Configuration | Smart Home Integration,great product | easy setup | intuitive instructions | included lightbulb excellent,"Great product with easy setup, intuitive instructions, and excellent included lightbulb."
4,30-Jul-18,Black  Plus,Not that much different than the one we had. Alexa is still stubborn. LOL. We ordered it on the Prime day to get the light bulbs with it i the deal but did not get the light bulbs. When we called she said they were sold out. Felt bad about that. Now we have to buy light bulbs.,1,1193,mixed,Device Reliability | Price and Deals,not much different | Alexa stubborn | missing promotional lightbulbs | sold out,"Similar to previous model, but disappointed by missing promotional lightbulbs that were promised in Prime day deal."
5,30-Jul-18,Black  Plus,To have ability to play Amazon Music outside for patio gatherings. I also used blue tooth to connect Echo Plus via Alexa App on my tablet to an external speaker when/if the party extends into the yard. I have plans to connect other devices such as thermostat and other lighting and home devices.,1,1194,positive,Smart Home Integration | Video and Streaming,play music outdoors | Bluetooth external speaker | thermostat connection | future expansion plans,User appreciates outdoor music capability and plans to expand smart home integration with various devices.
4,30-Jul-18,Black  Plus,We got this mainly for our son who is currently vision impaired ! it has many good things and setup was fairly easy once I did the first one but they should be easier to setup and come loaded with more stuff ! it should do Text messages to friends easier without them having to download something for it to work and it should link with email and also them common social media like facebook and twitter and others !the whole purpose was to get him back connected to the Web by voice so he wouldn't feel left out and isolated ! they should also have a tech support phone number to call or a way to do direct help to the Echo so tech support can help setup the device ! I had to get a friend whos an IT guy to come help me setup,1,1195,mixed,Setup and Configuration | Alexa Skills and Features | Warranty and Support,vision impaired user | setup could be easier | wants text messaging | social media integration | lacks direct tech support,"Helpful for vision-impaired user but setup is complex, lacks messaging/social features, and needs better technical support options."
5,30-Jul-18,Black  Plus,"I love every aspect of the Echo Plus, I wanted it for my office. The light was also for my desk lamp.",1,1196,positive,Design and Appearance,love every aspect | office use | desk lamp functionality,User loves all aspects of Echo Plus and uses included light as desk lamp in office.
4,29-Jul-18,Black  Plus,"This is very hard to review because I am part of the problem.I am 75 and got it so my dog would have distracting noise when I am not home.I am computer literate, iTunes literate, Amazon literate, as well as countless other programs, but am apparently a dunce when it comes to talking to Alexa. I think I heard her sigh in exasperation.I tried to create a playlist of songs I like only to have it ignored. I am learning workarounds but they are mediocre, at best...and, as yet do not include a personal playlist.I have scoured the beginners section but the beginners it addresses are far more advanced in basic Alexa than am I.So far, I like what I have been able to use but I'd like it a lot more if I could configure it to my needs, rather than accepting the Amazon/Alexa default.Karen",1,1197,mixed,Voice Recognition | Alexa Skills and Features | Setup and Configuration,difficulty with voice commands | playlist creation issues | learning curve | mediocre workarounds,Likes product but struggles with Alexa voice recognition and customization despite technical competency in other areas.
5,29-Jul-18,Black  Plus,Very satisfied with the purchase. The package came in good time and was just as expected,1,1198,positive,,very satisfied | timely delivery | as expected,User is very satisfied with timely delivery and product meeting expectations.
5,29-Jul-18,Black  Plus,great sound easy set up looks cool,1,1199,positive,Sound Quality | Setup and Configuration | Design and Appearance,great sound | easy setup | looks cool,"Excellent sound quality, simple setup process, and attractive appearance."
5,29-Jul-18,Black  Plus,Love the Echo Plus!! Much better versatility than the first generation Echo. Intercom and voice-controllable smart bulbs are awesome!,1,1200,positive,Alexa Skills and Features | Smart Home Integration,much better versatility | intercom feature | voice-controllable smart bulbs,Echo Plus offers superior versatility with intercom and smart home control features.
1,29-Jul-18,Black  Plus,Alexa didn’t know answers to many questions we asked. For example we asked how many cups in a pound and she said a pound is a form of money,0,1201,negative,Voice Recognition | Alexa Skills and Features,didn't know answers | incorrect response | confused question,"Alexa frequently fails to answer basic questions correctly, providing inaccurate information."
5,29-Jul-18,Black  Plus,"For now, I love everything. So cool with my music and flash briefings, 5 star Echo",1,1202,positive,Alexa Skills and Features,love everything | music playback | flash briefings,"Highly satisfied with music and flash briefing features, five-star rating."
5,29-Jul-18,Black  Plus,Great product. I have two and may want to buy a third!,1,1203,positive,,great product | owns two units | considering third purchase,Highly satisfied customer who owns multiple units and wants to purchase more.
5,29-Jul-18,Black  Plus,So far we have enjoyed it. The only problem we have is I have not been able to call one of my sons with it (the sad part is he is the one who gave it to me:( ),1,1204,mixed,Alexa Skills and Features,enjoyed it | calling feature problem | unable to call son,Overall enjoyment dampened by inability to successfully call one contact.
5,29-Jul-18,White  Plus,I have had no problems with my Echo Plus. Would purchase it again.,1,1205,positive,Device Reliability,no problems | reliable performance | would repurchase,No issues experienced and customer would purchase the Echo Plus again.
5,29-Jul-18,Black  Plus,I love it. You own personal secretary.,1,1206,positive,Alexa Skills and Features,love it | personal secretary | helpful assistant,Customer appreciates the device's assistant-like functionality and capabilities.
5,29-Jul-18,Black  Plus,"Not perfect but very good! A few times Alexa picked up something from TV, and has a very slight problem with smart home equipment in that she gets confused with what we want to call things. If you call something &#34;light&#34; in the app you need to say light, not &#34;lights.&#34; Echo Plus has no problems as a smart hub but I could use better user directions. Well worth owning and a good step to making my home Smart!",1,1207,mixed,Voice Recognition | Smart Home Integration | Setup and Configuration,picks up TV audio | voice command confusion | naming inconsistencies | smart hub reliable,Good smart hub functionality but struggles with voice recognition and smart home naming conventions.
4,29-Jul-18,White  Plus,Pretty cool. I have only begun to figure out things she does.,1,1208,positive,Alexa Skills and Features,pretty cool | early exploration | discovering features,Impressed with the device and still discovering its various capabilities.
5,29-Jul-18,Black  Plus,I have the google home that I really like. The Echo plus I think has even a better sound and am totally happy with it.,1,1209,positive,Sound Quality,better sound | Echo Plus | totally happy,Echo Plus offers superior sound quality compared to Google Home.
5,29-Jul-18,Black  Plus,I love this device. Makes life easier the more you figure out it can do.,1,1210,positive,Alexa Skills and Features,makes life easier | capabilities discovery,Device becomes increasingly useful as users discover its many functions.
5,29-Jul-18,Black  Plus,"I love my echo plus. I haven't one bad thing to say. It controller music when I need it too. With a great sounding 360 speaker. I also bought a 4k fire TV and it can open Amazon prime video or Netflix at any moment. The included hue lighting makes this product even better. I found myself with a whole array of smart lights perfect for any house or entertainment room. The addition of phone calls on the mic and speaker makes it practical when your busy in the kitchen or on the computer. Alexa will controll it all as soon as you say ""Hey Alexa"". And if the always on mic concerns you well you can always mute the device. This is a must buy for anyone interested in ease and comfort.",1,1211,positive,Sound Quality | Smart Home Integration | Alexa Skills and Features,360 speaker | smart lights | hands-free calls | music control,"Echo Plus delivers excellent sound, smart home control, and convenient hands-free features."
5,29-Jul-18,White  Plus,"Amazon Music is great. Love the ability to create my only playlists. Has great sound, not up to the standard of our Bose but very good.",1,1212,positive,Sound Quality,great sound | custom playlists | Amazon Music,"Very good sound quality and playlist creation capabilities, though not quite audiophile level."
4,29-Jul-18,Black  Plus,Great product I just wish it had some sort of equalizer... The bass is a little much,1,1213,negative,Sound Quality,no equalizer | excessive bass,Lacks equalizer controls and bass levels are too pronounced.
5,29-Jul-18,Black  Plus,Its work perfect an I must introduce the rest of the device to complete the functions.,1,1214,positive,Device Reliability | Smart Home Integration,works perfectly | complete smart home setup,Device functions perfectly and completes smart home integration needs.
2,29-Jul-18,Black  Plus,"I decided to buy smart door lock and decided on getting the Echo Plus to control it. I chose a Kwikset 888 because Amazon said it was compatible and I bought 2 Dots while I was at it. And when I posed the question, somebody in the community said it will work with Alexa. What I didn't know was the Z-wave lock and Zigbee Alexa hub weren't compatible. Does any body know of a lock that works seamlessly with Echo Plus? If not, I guess my choices are: 1. Exchange the Plus for a regular Echo and buy a separate hub like Wink. 2. Return the whole Alexa system and get something else.I don't want to just buy another hub to use along side my Echo Plus or I'll be back here asking how to integrate two hubs.The reason I kept from buying smart systems up to this point is because I was afraid they wouldn't operate seamlessly and unfortunately I only do enough research after something doesn't work.",0,1215,negative,Smart Home Integration | Warranty and Support,Z-wave incompatibility | Zigbee limitations | poor research guidance,Incompatible Z-wave lock discovery led to frustration and consideration of returning entire system.
5,29-Jul-18,Black  Plus,This Echo Plus has proved to be the most innovative improvement in my life!,1,1216,positive,Alexa Skills and Features,most innovative | life improvement,Echo Plus represents the most innovative and life-improving device the owner has purchased.
5,29-Jul-18,White  Plus,"I purchased the Amazon Echo Plus on Amazon prime day because I need a hub. I'm in the process of upgrading my home into a smart home. For the same price as some hub's, and even less expensive in some other cases. I got a hub that works with my devices, plus it does a lot more. I haven't even had time to go through all the skills it has, but I've already found myself using many of them. When I started a search for a hub. I wasn't even considering the Echo. In part, because I didn't know it was a hub. But also because I didn't really think I would find much use for another AI system. If you're looking for a hub. Why settle for a plane hub, when you can get a personal assistant that does so much more and yet cost's the same or less than other hubs? Oh! And by the way. For the same price as the Amazon Echo Plus alone. I found one that came bundled with a smart bulb & saw another that came with a smart plug. Given the price of these extras. Well, that just put the Echo Plus over the top.",1,1217,positive,Smart Home Integration | Price and Deals | Alexa Skills and Features,affordable hub | smart home upgrade | bundled extras | value proposition,Echo Plus offers excellent value as both hub and AI assistant with bundled accessories.
5,29-Jul-18,Black  Plus,"I'm so happy that I purchased Alexa. When I recently saw this at a friend's home, he played some music while talking about the product. I love the sound & love that all I have to do is tell Alexa or ask a question & she responds immediately. I haven't been able to listen to my CD's for a while since I have a problem within my stereo equipment for some time now so this makes me extremely happy that it's not an issue any longer.",1,1218,positive,Sound Quality | Voice Recognition | Alexa Skills and Features,immediate response | excellent sound | music playback | CD replacement,Excellent sound quality and responsive voice commands provide reliable music solution.
5,29-Jul-18,Black  Plus,"After we learned to use this (we are still learning), we are very pleased with Echo Plus",1,1219,positive,Alexa Skills and Features | Setup and Configuration,learning curve | very pleased | Echo Plus,"After learning to use it, customers are very pleased with the Echo Plus."
5,29-Jul-18,Black  Plus,I Love it !! Used one like this in Philly while visiting my son and decided to buy my own on Prime Day !,1,1220,positive,Gift Purchase | Price and Deals,loved experience | Prime Day purchase | decided to buy own,Customer loved the device after using one while visiting family and purchased it on Prime Day.
5,29-Jul-18,Black  Plus,The speakers on these devices are surprisingly good. The functionality of each echo device is fantastic.,1,1221,positive,Sound Quality | Alexa Skills and Features,surprisingly good speakers | fantastic functionality | Echo devices,Echo devices have surprisingly good speakers and fantastic functionality.
5,29-Jul-18,Black  Plus,As advertised. Connected my smart bulbs with no problems.,1,1222,positive,Smart Home Integration | Setup and Configuration,connected smart bulbs | no problems | as advertised,Smart bulbs connected without problems as advertised.
5,28-Jul-18,Black  Plus,"Love warehouse buys. If this was just in good used condition, then new must be newer than new. Seriously, this one was perfect, not a mark on it anywhere. Great buy!",1,1223,positive,Refurbished Condition | Price and Deals,warehouse buy | perfect condition | great deal,Refurbished Echo in perfect condition proved to be an excellent warehouse deal.
5,28-Jul-18,Black  Plus,Alexa is awesome! The first day I got my Echo Plus I found out things that she can do that I didn’t think were even possible. I highly recommend this product. Along with all the accessories.,1,1224,positive,Alexa Skills and Features,Alexa awesome | unexpected capabilities | highly recommend,Alexa has awesome capabilities with more features than expected; highly recommended.
5,28-Jul-18,Black  Plus,Ease of set up. I’ll have fun sitting up other features as well as making my house a smart home.,1,1225,positive,Setup and Configuration | Smart Home Integration,easy setup | smart home | fun features,Easy setup with fun features for creating a smart home.
3,28-Jul-18,White  Plus,I try use with yale lock but isn’t work,1,1226,negative,Smart Home Integration,Yale lock compatibility issue | doesn't work | failed integration,Yale lock integration does not work with the device.
3,28-Jul-18,Black  Plus,IT SEEMS TO BE OK BUT THE INSTRUCTIONS ARE WEAK AND I CAN NOT SEEM TO GET IT TO WORK. I AM GOING TO GET MY TECHY FRIEND TO HELP ME OUT AND I WILL UPDATE YOU LATER,1,1227,negative,Setup and Configuration,weak instructions | cannot get working | needs tech help,Weak instructions prevent the device from working without expert technical assistance.
4,28-Jul-18,Black  Plus,"I love everything about it. I love that the echo plus turns on and off my light. It can also dim them with voice commands. I also like listening to my kindle books even the ones that I didn’t purchased audibles for. I like that it can play my music from Amazon music, pandora, tunein, I heart radio and Spotify. Echo can even play my local radio station. I love that the echo is connected to my TiVo Bolt. This allows TiVo to pause, stop and play whatever I want with a simple voice command. I love that I can reorder items that I purchased on Amazon and that the echo plus notifies me when my order is mailed, when it will be delivered and when the package has been delivered. The only three dislikes that I have is that if you’re up too close or to far the echo doesn’t respond. So I think they need to improve the microphone. And I wish the speaker was better. The speakers are okay but could be improved. Also I have the echo dot and it never has given me any problems with the internet. Well the other day I received a Red Light Right on my Echo Plus. This error was Sorry I’m having trouble understanding you please try again later. After research online I learned it was a problem connecting to my internet. And it was easy to find this out. And I found it odd that my dot wasn’t having this problem even though they are connected to the same network.",1,1228,mixed,Alexa Skills and Features | Sound Quality | Voice Recognition | Smart Home Integration | Wi-Fi Connectivity,loves smart home control | light dimming | microphone range issues | speaker quality could improve | Wi-Fi connectivity problems,"Echo Plus excels at smart home control and media streaming but struggles with microphone range, speaker quality, and Wi-Fi reliability."
5,28-Jul-18,Black  Plus,Love everything about this....,1,1229,positive,,loves everything | satisfied,Customer loves everything about the product.
5,28-Jul-18,Black  Plus,Perfect for controlling my tp-link smart devises,1,1230,positive,Smart Home Integration,controls TP-Link devices | smart home control,Works perfectly for controlling TP-Link smart devices.
5,28-Jul-18,Black  Plus,Love this thing. Easy to setup and looking forward to adding more smart devices to my home.,1,1231,positive,Setup and Configuration | Smart Home Integration,easy setup | adding smart devices | home integration,Easy setup and customer plans to add more smart home devices.
4,28-Jul-18,Black  Plus,Got it specifically to work with the August Smart Lock and it connected to it with ease. Definitely ties the Smart Home together.,1,1232,positive,Smart Home Integration,August Smart Lock | connected easily | smart home integration,Connected seamlessly to August Smart Lock and enhanced home automation.
4,28-Jul-18,Black  Plus,Sound very nice perfect for the price,1,1233,positive,Sound Quality | Price and Deals,nice sound | good value | perfect for price,Sound quality is excellent and offers great value for the price.
5,28-Jul-18,Black  Plus,Love it it's number 4!,1,1234,positive,,loves it | number four | satisfied,Customer loves this product and rates it highly.
5,28-Jul-18,Black  Plus,Wonderful product. Love alexia,1,1235,positive,Alexa Skills and Features,wonderful product | loves Alexa | satisfied,Wonderful product with great Alexa functionality.
5,28-Jul-18,Black  Plus,It has a nice speaker.,1,1236,positive,Sound Quality,nice speaker | good sound quality,Product has a nice speaker.
4,28-Jul-18,Black  Plus,Music mainly but still checking other features,1,1237,positive,Video and Streaming,music playback | exploring features | testing capabilities,Customer uses mainly for music while exploring other features.
4,28-Jul-18,Black  Plus,"Very capable. Language recognition is the best I've experienced. Great sound, too!",1,1238,positive,Voice Recognition | Sound Quality,language recognition | best recognized | great sound,Excellent voice recognition and great sound quality.
5,28-Jul-18,Black  Plus,LOVE .. LOVE my Echo Plus ! So silly simple to set up . Alexa has now become my new BFF. Amazon 24/7 Support is hard to beat !! Any questions answered any time ... What more can you ask for !!!,1,1239,positive,Setup and Configuration | Alexa Skills and Features | Warranty and Support,easy setup | Alexa BFF | 24/7 Amazon support | highly satisfied,Reviewer loves the Echo Plus for its simple setup and excellent customer support experience.
5,28-Jul-18,Black  Plus,Its got to be one of the coolest things.,1,1240,positive,,coolest things | impressive,Reviewer considers the Echo Plus one of the coolest products available.
5,28-Jul-18,Black  Plus,Awesome! Easy set up. Linked right up with my Nexia home automation.,1,1241,positive,Setup and Configuration | Smart Home Integration,awesome | easy setup | Nexia home automation,Echo Plus was easy to set up and integrates well with Nexia home automation.
5,28-Jul-18,Black  Plus,Hands free voice commands and interactions with smart devices around the house makes having an Echo Plus one of the best purchases I’ve made!,1,1242,positive,Voice Recognition | Smart Home Integration,hands-free voice commands | smart device control | best purchases,Echo Plus enables convenient hands-free voice control of smart home devices.
5,28-Jul-18,Black  Plus,Definitely a really good buy for FIRST time buyers of smart home stuff =]I bought 3 =],1,1243,positive,Gift Purchase,good buy | first-time smart home buyers | purchased three,Reviewer found Echo Plus an excellent choice for first-time smart home buyers.
4,28-Jul-18,Black  Plus,I enjoy the various functions of the device,1,1244,positive,Alexa Skills and Features,enjoys various functions | device capabilities,Reviewer is satisfied with the various functions the Echo Plus offers.
5,28-Jul-18,Black  Plus,"Alread had Echos and Dots, but the ability to control Philips Hue bulbs nudged me to buy this on Prime Day. Another fun product from Amazon.",1,1245,positive,Smart Home Integration | Price and Deals,Philips Hue bulb control | Prime Day purchase | fun product,Echo Plus prompted purchase due to Philips Hue control capability at Prime Day pricing.
5,28-Jul-18,Black  Plus,"I purchased the Echo Plus with the Build-in Hub, so I could have the convenience of asking Alexa to turn my lights and lamps on and off. Philips Hue Light Bulbs were placed in the fixtures that I wanted Alexa to control and they all work great! I already had an Echo Dot in my Kitchen/Den area, so I placed the Echo Plus with Hub in my bedroom. My radio and lamps in my Kitchen and Den are controlled with TP-Link plugs. But, the ceiling light fixtures and lamp in my Den and Bedroom have special Philips Hue Light Bulbs that are controlled by the Hub inside the Echo Plus. I am able to play music, set my alarm, get weather reports and numerous other things on both devices. The Echo Dot requires a TP-Link plug to be plugged into it and the Echo Plus requires a special Philips Light Bulbs installed in each light fixture to work.. The only thing I dislike is the high price of the light bulbs required to make the lights work. Regular light bulbs placed in the ceiling light fixtures will not work with Alexa and the Echo Plus with Hub. Other than the high price of the bulbs, I love my Echo Plus with built in hub!",1,1246,mixed,Smart Home Integration | Sound Quality | Alexa Skills and Features | Price and Deals,convenient Alexa control | Philips Hue compatibility | high bulb cost | works great,"Echo Plus hub works great for smart light control, but expensive proprietary bulbs required."
5,28-Jul-18,Black  Plus,Easily configured hub capabilities. Excellent sound quality for the size of the unit.,1,1247,positive,Setup and Configuration | Sound Quality,easily configured | excellent sound quality | compact size,Hub setup is simple and sound quality exceeds expectations for the device size.
5,28-Jul-18,Black  Plus,Works great in my large open room,1,1248,positive,Device Reliability,works great | large open room | reliable performance,Echo Plus performs reliably and works well in large open spaces.
5,28-Jul-18,Black  Plus,This is outstanding works awesome the music sound very clear and loud and Alexa is very smart,1,1249,positive,Sound Quality | Alexa Skills and Features,clear and loud music | Alexa is smart | works awesome,Excellent sound quality and intelligent Alexa performance exceeded expectations.
5,28-Jul-18,Black  Plus,I bought this specifically for the smart hub capability. So far it has been great. Easy set up instructions for all the various brands compatible with it.,1,1250,positive,Smart Home Integration | Setup and Configuration,smart hub capability | easy setup | compatible brands,Smart hub works great with straightforward setup for multiple compatible brands.
5,28-Jul-18,Black  Plus,"The sound is wonderful and it just plain works. I wish it cost less, but it is worth the cost. (especially on Prime Day)",1,1251,mixed,Sound Quality | Price and Deals,wonderful sound | works well | wish it cost less,"Excellent sound and reliability, though price is high but justified by quality."
5,28-Jul-18,White  Plus,Comes with a hub. Got it during prime day for $99 and a hue white bulb. Works great. Now I can add more stuff that required a hub!,1,1252,positive,Smart Home Integration | Price and Deals,hub included | prime day $99 | add compatible devices,Hub enables smart home expansion with great Prime Day deal at $99.
5,28-Jul-18,Black  Plus,"Got it for the smart hub and does exactly was it says, turn lights on and off, arm and disarm my security system and the thermostat is next. Great.product!",1,1253,positive,Smart Home Integration | Alexa Skills and Features,smart hub control | lights and security | thermostat automation,"Hub perfectly controls lights, security system, and thermostat as intended."
5,28-Jul-18,Black  Plus,"Very easy to set up, great sound.",1,1254,positive,Setup and Configuration | Sound Quality,easy setup | great sound,Simple setup process and excellent sound quality impressed user.
4,28-Jul-18,Black  Plus,So far it's been very useful. Trying to learn all the ways to use Alexa .,1,1255,positive,Alexa Skills and Features,useful | learning Alexa | various capabilities,Useful device with many Alexa features still being discovered by user.
5,28-Jul-18,Black  Plus,works better than I thought,1,1256,positive,Device Reliability,works well | exceeded expectations,Performance exceeded expectations with reliable functionality.
5,28-Jul-18,Black  Plus,"Loved all about it, all I can do with it and it looks good.",1,1257,positive,Alexa Skills and Features | Design and Appearance,loved everything | many capabilities | looks good,"Loved the device's appearance, capabilities, and overall functionality."
5,28-Jul-18,Black  Plus,Great product and fast shipping. Thank you,1,1258,positive,Device Reliability | Warranty and Support,great product | fast shipping,Great product quality with prompt shipping satisfied customer.
5,28-Jul-18,Black  Plus,"It's fun to imagine the household management options ...Some info questions baffle Alexa, but other options are cool - esp. music-related ...",1,1259,mixed,Alexa Skills and Features | Smart Home Integration,household management options | information questions | music-related features,Alexa handles music well but struggles with some information questions.
5,28-Jul-18,White  Plus,Easy to set up and works like it's supposed to.,1,1260,positive,Setup and Configuration | Device Reliability,easy to set up | works as expected,Device sets up easily and functions reliably.
5,28-Jul-18,Black  Plus,"Love it, very easy to set up.love that you can request just about anything on your mind and it works on giving you useful information.",1,1261,positive,Setup and Configuration | Alexa Skills and Features,very easy to set up | request anything | useful information,Simple setup and Alexa provides useful information for most requests.
5,28-Jul-18,Black  Plus,Great product. More skills are needed. I love it.,1,1262,mixed,Alexa Skills and Features,great product | more skills needed | love it,Solid product but would benefit from expanded skill availability.
5,28-Jul-18,White  Plus,My first smart buy..I am loving it and all the great things Alexa can do.,1,1263,positive,Alexa Skills and Features,first smart buy | loving it | great things Alexa can do,First smart device purchase exceeds expectations with impressive capabilities.
5,28-Jul-18,Black  Plus,"This thing is awesome! I got it on Prime Day for a great deal. I wish I had purchased two. I also bought the Echo Show version, but the sound is not nearly as good as the Echo Plus. The Echo Show came dented, so I will be exchanging it. I like the screen and many of the features so I will not be getting a refund. It was still worth the price.",1,1264,mixed,Sound Quality | Screen and Display | Price and Deals | Refurbished Condition,awesome | great deal Prime Day | superior sound | dented Echo Show | worth the price,"Excellent sound and value, but Echo Show arrived damaged and has inferior audio."
5,28-Jul-18,Black  Plus,Is great having a new friend,1,1265,positive,,great having new friend | companionship,Considers the device a positive companionship addition.
5,28-Jul-18,Black  Plus,Coop product many uses including smart devices throughout the home,1,1266,positive,Smart Home Integration,great product | many uses | smart devices throughout home,Versatile product with multiple smart home integration options.
5,28-Jul-18,Black  Plus,"Easy setup with great sound, I would rate this unit a 10 +++++, and a must have for the office and home. l am looking add other devices (locks, and lights) for my home.",1,1267,positive,Setup and Configuration | Sound Quality | Smart Home Integration,easy setup | great sound | must have | planning smart home additions,Excellent setup and sound quality; essential for home and office.
5,28-Jul-18,White  Plus,Better than expected!,1,1268,positive,,better than expected,Device exceeded customer expectations.
5,28-Jul-18,Black  Plus,"Wonderful, still learning how to use. Had a heck of a time setting it up, but is happened somehow.",1,1269,positive,Setup and Configuration | Alexa Skills and Features,wonderful device | difficult setup | learning curve,Pleased with the device despite challenging initial setup experience.
5,28-Jul-18,Black  Plus,It's fantastic. Very happy with the purchase.,1,1270,positive,,fantastic | very happy | satisfied purchase,Very satisfied with this purchase.
3,28-Jul-18,Black  Plus,I like the list ability and the music I can play. I do not like that I can not create a playlist without using the app and even then Alexa will not play my songs I have to do it through my tablet or phone. I also do not like that Alex can not print again it has to be done through the app.,1,1271,negative,Alexa Skills and Features,likes list ability | cannot create playlist | app limitations | printing restrictions,Frustrated by playlist creation and printing limitations requiring external apps.
5,28-Jul-18,Black  Plus,"It is a great bundle of fun. Music ,games, questions etc. I luv it turns off my smart lights. I purchase 4 more smart light for my lamps in the living room and my room!",1,1272,positive,Alexa Skills and Features | Smart Home Integration,great bundle | music and games | smart lights control | purchased more,"Loves the device features and smart home integration, purchased additional smart lights."
5,28-Jul-18,Black  Plus,First time using Alexa and so far I love it.,1,1273,positive,Alexa Skills and Features,first time using Alexa | love it | new user,First-time Alexa user enjoying the experience so far.
4,28-Jul-18,Black  Plus,"It was a little hard to follow their instructions, great product",1,1274,positive,Setup and Configuration,hard to follow instructions | great product | good device,Great product with somewhat confusing setup instructions.
5,28-Jul-18,Black  Plus,"This was a replacement. It was really easy to set up. I had to reauthorize my smart items to work with the new hub, but installation was easy and instructions were clear.",1,1275,positive,Setup and Configuration | Smart Home Integration,replacement device | easy setup | clear instructions | reauthorization needed,Replacement device was easy to set up with clear instructions provided.
5,28-Jul-18,Black  Plus,Really cool device that does a ton of stuff. Fun games like Jeopardy. We used this to set up smart bulbs and light switches. Make sure you ge the stuff that corresponds with this particular hub. Had to make a few runs back to the store for exchanges.,1,1276,mixed,Alexa Skills and Features | Smart Home Integration,cool device | games like Jeopardy | smart home setup | compatibility issues | store exchanges,Versatile device with fun features but required multiple returns for compatibility issues.
5,28-Jul-18,Black  Plus,"I’ve been waiting for Prime Day to purchase an Echo Plus and now, I’m enjoying learning what Alexa can do. With a new Sonos One and an Echo Dot, I have the makings of a really nice and well-integrated smart home. Love it!",1,1277,positive,Price and Deals | Smart Home Integration | Alexa Skills and Features,Prime Day purchase | enjoying Alexa | well-integrated smart home | multiple devices,Very satisfied with Echo Plus purchase and smart home integration capabilities.
5,28-Jul-18,Black  Plus,"I haven't had it very long, but so far our whole family is enjoying asking Alexa questions!",1,1278,positive,Alexa Skills and Features,family enjoying | asking questions | early satisfaction,Family is enjoying asking Alexa questions early in ownership.
3,28-Jul-18,White  Plus,"Although this is my second echo device, I am still very disappointed that there is almost no documentation/instructions as to the many functions of the device. I purchased becausse of the sound quality, but only found out it has bluetooth capabilities last night by accident. There needs to be a manual that details all of the functionality of the device. Or at least point out where it can be found...",1,1279,negative,Setup and Configuration | Sound Quality,lack of documentation | missing instructions | unclear functionality | purchased for sound quality,Disappointed by lack of documentation explaining device functions despite owning multiple Echo devices.
5,28-Jul-18,Black  Plus,"The Echoplus is a great extension for the Echo Dots in our home. I am a little disappointed that Alexa is not as good at information requests as Google. But as a start on home automation, she is very impressive.",1,1280,mixed,Smart Home Integration | Alexa Skills and Features,great extension | Alexa less capable than Google | home automation impressive,Echoplus works well for home automation but Alexa underperforms compared to Google for information requests.
4,28-Jul-18,Black  Plus,I never had ALEXA before but the biggest reason I bought it was for YOUTUBE and apparently YOUTUBE stopped supporting it and that is why it will get 4 stars.... it's mostly YOUTUBE's FAULT but I worked around it by using my cell phone as a blue tooth connected to hear things but still takes the voice activate purpose away but the speaker is amazing to hear my youtube watch later playlist,1,1281,mixed,Video and Streaming | Sound Quality,YouTube no longer supported | workaround with Bluetooth | amazing speaker,"Amazing speaker but frustrated that YouTube support was discontinued, limiting voice activation purpose."
5,27-Jul-18,Black  Plus,Awesome!! Loving Alexa,1,1282,positive,,awesome | loving Alexa,User is very satisfied and enjoying their Alexa device.
5,27-Jul-18,Black  Plus,Love the music the stories,1,1283,positive,Alexa Skills and Features,love the music | love the stories,User enjoys music and story features on their device.
4,27-Jul-18,Black  Plus,Like it but it will take time to setup all the skills I want simply because there are so many. I already use music and Flash Briefing daily. Very satisfied. I use this along with Alexa app on my Kindle hd8,1,1284,positive,Alexa Skills and Features | Setup and Configuration,many skills available | daily music use | Flash Briefing | satisfied,Very satisfied despite learning curve with multiple skills; actively uses music and Flash Briefing daily.
4,27-Jul-18,Black  Plus,"Wish it would have came with the lightbulb, but otherwise works great, fast delivery, and I enjoy using it!",1,1285,positive,Design and Appearance,works great | fast delivery | wish included lightbulb,"Works well with fast delivery, though user wishes it included a lightbulb."
5,27-Jul-18,Black  Plus,"Still haven’t learn all the Echo can do, but so far, quite pleased!",1,1286,positive,Alexa Skills and Features,still learning capabilities | quite pleased,User is pleased with the device and still discovering its capabilities.
4,27-Jul-18,Black  Plus,I can receive my CPR classical station. Great sound.What I like least is the learning curve and my mistakes.,1,1287,mixed,Sound Quality | Voice Recognition,great sound | learning curve | user mistakes,Great sound quality but frustrated by the learning curve and making command mistakes.
3,27-Jul-18,White  Plus,"Sounds well and we find it useful overall but it can be frustrating when it doesn’t respond or you forget the correct command. “Alexa, turn on the living room lights”. Oops I mean “Alexa turn on the family room lights”. I also never realized I call my couch a sofa some times. Unfortunately my Alexa is confused by my changing names for where I sit.",1,1288,mixed,Voice Recognition | Sound Quality,sounds well | useful overall | unresponsive sometimes | command variation confusion,Overall useful with good sound but frustrated by inconsistent responses and difficulty with command variations.
1,27-Jul-18,Black  Plus,no it is broke and I can't get help fixing or replacing it,0,1289,negative,Device Reliability | Warranty and Support,device broken | unable to get help | no replacement,Device is broken and customer cannot obtain help or replacement.
2,27-Jul-18,Black  Plus,"I’m still unable to connect any devices although it says it has a built in hub. So bought a bridge to connect the devices thinking that everything would sync and my other devices are still not discovered via my echo plus and I was looking forward to this feature. Being able to play music, check the weather etc is fine.",0,1290,negative,Smart Home Integration | Device Reliability,cannot connect devices | hub not working | devices not discovered,Built-in hub fails to connect devices; purchased bridge but smart home integration still non-functional.
5,27-Jul-18,Black  Plus,sounds great have not used the hub yet,1,1291,positive,,sounds great | hub not yet tested,Customer satisfied with sound quality but has not yet used the hub feature.
4,27-Jul-18,Black  Plus,"Is as expected and more, responds very fast to given commands and was very easy to connect via the Amazon App. I also bought the PhilipsHue Light Bulb and all I had to do was put it in my lamp and tell Alexa to find my device and it connected and the lamp now turns on and off with voice commands.",1,1292,positive,Setup and Configuration | Smart Home Integration | Voice Recognition,easy to connect | fast response | voice commands work | Philips Hue integration,"Device responds quickly, easy setup, and smart home integration with Philips Hue works seamlessly."
5,27-Jul-18,White  Plus,It is as if we are having a conversation with another person. Instantaneous response. And the fact that it catches your command even when you're far from it is simply just amazing.,1,1293,positive,Voice Recognition,instantaneous response | catches commands from far away | conversational,Excellent voice recognition with instant response and impressive range for command detection.
3,27-Jul-18,Black  Plus,Although I haven't taken advantage of many of the Echo's features there is one that bothers me. It starts talking even when I haven't said anything even close to the wake up word - ECHO - had to change from Alexa due to a conflict with another device.,1,1294,negative,Voice Recognition,false wake-ups | talks unprompted | wake word conflict,Device activates without wake word being spoken; had to change wake word due to device conflict.
5,27-Jul-18,Black  Plus,The echo plus is very straight forward and easy to use. It plays great sounding music and can do lots of other things. Still learning what all it can do. Working very well so far.,1,1295,positive,Sound Quality | Setup and Configuration | Alexa Skills and Features,easy to use | great sound | many features | working well,"Straightforward device with excellent sound quality and many features, performing well so far."
4,27-Jul-18,Black  Plus,We have used for last 2 weeks. We like it. My children also like it. Alexa has become part of our family.,1,1296,positive,Alexa Skills and Features,family enjoys it | two weeks of use | integrated into lifestyle,Family satisfied with device after two weeks; Alexa has become integral to household.
1,27-Jul-18,White  Plus,Terrible. Stopped working after one day.,0,1297,negative,Device Reliability,stopped working | one day of use | failed,Device stopped working after only one day of use.
5,26-Jul-18,Black  Plus,"better sound than my echo dot. Simple to set up, less than 5 minutes.",1,1298,positive,Sound Quality | Setup and Configuration,better sound than Dot | simple setup | five minutes to configure,Superior sound quality compared to Echo Dot with quick and easy setup.
4,26-Jul-18,White  Plus,Nice toy to have around!,1,1299,positive,,nice toy | good to have around,Reviewer enjoys having this device as a nice toy to keep.
1,26-Jul-18,White  Plus,"It does not speak in Spanish,,,I bought it for my grandmother to have someone to talk to when I’m not around,,,,,no Spanish!",0,1300,negative,Voice Recognition,no Spanish support | purchased for grandmother | language limitation,"Device does not speak Spanish, making it unsuitable for intended use."
5,26-Jul-18,Black  Plus,Love all the cool thing I can do!,1,1301,positive,Alexa Skills and Features,cool features | love functionality,Reviewer loves the cool things the device can do.
5,26-Jul-18,Black  Plus,Like it. Still working discovery. Really too soon to fully evaluate. But looking forward to learning and using it.,1,1302,positive,,works well | discovery in progress | looking forward,Device is working well; reviewer is still learning but optimistic.
2,26-Jul-18,Black  Plus,"When I got this Echo I was excited to have a device with better sound than my Dot and a hub to control some Hue bulbs.What I didn't realize and also wasn't fully communicated to me, is that you can't use Hue bulbs to their full potential with this device. You can only turn on and off the lights and set them to a number of preset colors. You also cannot update the bulbs to the newest firmare which is a security concern for me.Do not buy this if you want a full featured hub for your new IoT devices. If you do, you will end up needing to update to a standalone hub, which makes the hub inside this device redundant and pointless.I still love the echo and have zero complaints about the Alexa functionality or sound quality of this device. I'm only disappointed with the hub's functionalities.",0,1303,mixed,Sound Quality | Smart Home Integration,better sound quality | limited hub functionality | security concerns | preset colors only,Excellent sound and Alexa but disappointing smart hub limitations for controlling Hue bulbs.
4,26-Jul-18,Black  Plus,Still needs some work on commands. Sound is equal in the regular echo so if you don't need a smart hub get a regular echo. The sound is ok with it had as much bass as my old soundlink but I mean hey gets loud on the treble and sounds clear.,1,1304,mixed,Voice Recognition | Sound Quality,needs command work | sound quality similar to regular echo | good treble clarity,Commands need improvement; sound equals regular Echo with clear treble but lacks bass.
5,26-Jul-18,White  Plus,"I love my echo plus. I use it with my Spotify account, to find my phone, make phone calls, turn our lights off and on, much more. Most importantly it reads story to my children. They love it and that makes me happy.",1,1305,positive,Alexa Skills and Features | Smart Home Integration,love device | Spotify integration | story reading | children happy,"Reviewer loves using device for music, smart home control, and reading stories to children."
5,26-Jul-18,Black  Plus,Excellent why didn’t I think it is in the beginning I love it,1,1306,positive,,excellent | love it | wish had discovered sooner,Reviewer loves the device and wishes they had discovered it earlier.
5,26-Jul-18,Black  Plus,"Bye bye Philips hub and expensive monthly internet charge! Took a little tinkering, had to rest the individual bulbs, but works great! No more, &#34;Philips hue bridge is not responding&#34; message.",1,1307,positive,Smart Home Integration,replaced Philips hub | eliminated monthly charges | works great | reliable connection,"Device successfully replaces Philips hub, eliminates monthly fees, and works reliably."
5,26-Jul-18,Black  Plus,"Works great! Exactly as described. Only complaint I have is sometimes Alexa gets confused with smart home product names and i had to go back and change some stuff around, but i chalk that up to my inexperience with smart home stuff.",1,1308,positive,Smart Home Integration,works great | exactly as described | minor smart home naming confusion,Works as described; only issue is occasional Alexa confusion with smart home device names.
5,26-Jul-18,White  Plus,I love it. Use it mostly for the music huge repertoire to choose from,1,1309,positive,Alexa Skills and Features,loves it | music | huge repertoire,User loves the device primarily for its extensive music selection.
5,26-Jul-18,Black  Plus,Very easy to hook up. Download the app and it walks you through the setup,1,1310,positive,Setup and Configuration,easy to hook up | app walkthrough | simple setup,Very easy setup process with helpful app guidance.
1,26-Jul-18,Black  Plus,"I am so disappointed in this product. I tried to install two different units and neither one of them were successfully completed. Hours with Amazon technicians.. resetting each of them. The app didn't connect the Echo Plus to the internet connection. Tried using the application on a phone, a tablet and on a Chromebook... No luck. There are no clean directions on the application. Probably sending this back to Amazon..mark this as Not ready for prime time.",0,1311,negative,Setup and Configuration | Wi-Fi Connectivity | Warranty and Support,installation failed | app connectivity issues | poor directions | hours with technicians,Multiple installation attempts failed; app could not connect to internet despite extensive support efforts.
5,26-Jul-18,Black  Plus,Well behaved device that i enjoy using.,1,1312,positive,Device Reliability,well behaved | enjoy using | reliable,User enjoys a reliably functioning device.
5,26-Jul-18,Black  Plus,Easy setup and sound quality.,1,1313,positive,Setup and Configuration | Sound Quality,easy setup | good sound quality,Device offers easy setup and good sound quality.
5,26-Jul-18,Black  Plus,I really love the hub feature,1,1314,positive,Smart Home Integration,hub feature | loves,User loves the smart home hub functionality.
5,26-Jul-18,White  Plus,What a blast! We love Echo... Just learning all the tricks but lots of fun and helpful too!,1,1315,positive,Alexa Skills and Features,fun | helpful | learning tricks | blast,"User finds the device fun, helpful, and enjoys discovering its capabilities."
5,26-Jul-18,Black  Plus,"Great sound quality, works well with smart home devices",1,1316,positive,Sound Quality | Smart Home Integration,great sound quality | smart home compatibility | works well,Excellent sound quality and smart home device integration.
5,26-Jul-18,Black  Plus,Use way more often than we used our Google Home.,1,1317,positive,,more often used | beats Google Home | preference,User prefers and uses Echo more frequently than their previous Google Home.
3,26-Jul-18,Black  Plus,"Mic hears everything but only understands about half the first time, it often takes multiple tries until it gives the correct result.",1,1318,negative,Voice Recognition,poor voice recognition | multiple tries needed | only understands half,"Microphone captures audio but voice recognition fails frequently, requiring multiple attempts."
4,26-Jul-18,Black  Plus,"Nice add on to a home.What I don't like are the limitations, for example world soccer. It won't give you much info of sport teams other than American.",1,1319,mixed,Alexa Skills and Features,good home addition | limited sports information | world soccer coverage,Nice home addition but limited in sports information beyond American teams.
5,26-Jul-18,Black  Plus,"I was a little apprehensive about buying this because I saw reviews saying it sounds like crap. I'm no audiophile by any means so maybe it's that, but I think it sounds great considering the size. It fills my living room with sound and gets pretty loud while remaining clear. I haven't had any issues pairing with my devices or utilizing any of the voice commands. I have it paired to an EcoBee3, my Firestick, and a Phillip's Hue light bulb. I plan on adding devices as I go. I love this thing and I'm glad I scooped it up! I have only had it around 2 weeks. Will update if I run into issues.",1,1320,positive,Sound Quality | Smart Home Integration | Device Reliability,great sound quality | fills room well | easy pairing | smart home integration,Excellent sound quality and seamless smart home integration with multiple devices.
4,26-Jul-18,Black  Plus,I love my Echo Plus. The only drawback is that there is no battery so it has to be plugged in at all times which makes it inconvenient to use outdoors.,1,1321,mixed,Battery and Power | Design and Appearance,requires constant plug-in | no battery | inconvenient outdoors,Good device but inconvenient to use outdoors due to lack of battery.
5,26-Jul-18,White  Plus,"Great device, my grandkids had a ball setting it up for me!",1,1322,positive,Setup and Configuration,easy setup | grandkids helped | great device,Great device that was easy and fun for family to set up together.
1,26-Jul-18,White  Plus,The alexa is awesome but when i rcieved the light buld i did not know that u need another adapter to have the light buld to work. I was not aware of that. Disappointed,0,1323,negative,Smart Home Integration | Alexa Skills and Features,missing adapter required | undisclosed requirements | disappointed,Disappointed by undisclosed requirement for additional adapter with light bulb.
5,26-Jul-18,Black  Plus,"The Echo Plus is great! So easy to set up and with the built in hub, it connects to other Alexa devices with a mere verbal command. I am 62 and not super techno knowledgable but this was easy for me. Have my lights integrated with Alexa and now looking at security cameras and locks. Definitely recommend the Echo Plus!",1,1324,positive,Setup and Configuration | Smart Home Integration | Alexa Skills and Features,easy setup | built-in hub | light integration | beginner-friendly,Easy setup and built-in hub make smart home integration simple for beginners.
5,26-Jul-18,Black  Plus,Works as advertised! It says Alexa is always learning. That's great because I am just learning all the things Alexa can do.,1,1325,positive,Alexa Skills and Features,works as advertised | always learning | discovery features,Works as advertised with continuously expanding capabilities to explore.
2,26-Jul-18,Black  Plus,wish it had a battery or was described better as a plug in only item.,0,1326,negative,Battery and Power | Setup and Configuration,no battery | plug-in only | poor description,Product should be better described as plug-in only without battery option.
3,26-Jul-18,White  Plus,Doesn't seem to hear as well as my 2nd Generation Echo and WHY is there no volume buttons on it?!,1,1327,negative,Voice Recognition | Design and Appearance,poor voice recognition | no volume buttons | hearing issues,Worse voice recognition than previous model and lacks physical volume controls.
5,26-Jul-18,White  Plus,Worked great. The built in hub works great.,1,1328,positive,Device Reliability | Smart Home Integration,works great | built-in hub excellent | reliable,Works great with excellent built-in hub functionality.
5,26-Jul-18,Black  Plus,It knows everything we ask it to do. Havent smart hubbed it yet but does exactly as advertised and am very happy with our purchase. Sound quality is excellent also,1,1329,positive,Sound Quality | Alexa Skills and Features,knows everything we ask | excellent sound quality | does exactly as advertised,Device performs as advertised with excellent sound quality and satisfies user expectations.
4,26-Jul-18,White  Plus,"Connecting and sound are perfect! I only give 4 because the is no internal battery, if I disconnect to the power source, it will be off.",1,1330,mixed,Sound Quality | Battery and Power | Wi-Fi Connectivity,connecting perfect | sound perfect | no internal battery | disconnects when unplugged,"Sound and connectivity are excellent, but lack of internal battery limits portability."
4,26-Jul-18,White  Plus,"It seems easy to stump Alexa with rather simple questions that are easily googled with the correct answer. We admit that we have not explored all that's available through the Echo. One irritating issue is that Alexa cannot answer help questions concerning how to use the system, rather it refers you to the Alexa app or help via a computer. It was very simple to setup and use and we continue to learn how this tool can become more useful.",1,1331,mixed,Voice Recognition | Alexa Skills and Features | Setup and Configuration,easy to stump Alexa | simple questions | simple to setup | cannot answer help questions,"Easy setup and learning potential, but Alexa struggles with simple questions and support access."
4,26-Jul-18,Black  Plus,I like how easy it was to set up. Very easy to use and set up with other Bluetooth devices.,1,1332,positive,Setup and Configuration,easy to set up | very easy to use | Bluetooth device connection,Device setup and Bluetooth connectivity are straightforward and user-friendly.
5,26-Jul-18,Black  Plus,Ease of use and many tasks it will perform,1,1333,positive,Alexa Skills and Features | Setup and Configuration,ease of use | many tasks | performs well,Device is easy to use and capable of performing many tasks effectively.
5,26-Jul-18,White  Plus,"I purchased the Echo Plus with built-in hub during Prime Days sale. It was delivered very fast and was easy to link to my WiFi. Also connected it to a smart plug to control a light. I love telling Alexa to play music, and she hears me from 2 rooms away. Excited to learn new uses for it.",1,1334,positive,Setup and Configuration | Smart Home Integration | Voice Recognition | Price and Deals,Prime Days sale | easy to link WiFi | smart plug control | voice recognition distance,"Quick delivery, easy WiFi setup, smart home integration, and reliable voice recognition at distance."
2,26-Jul-18,Black  Plus,"It was harder to setup then I thought it should be, for some reason I had to default it twice. Had to go thru too many steps to setup and find my devices. Would be nice if it could interact with my Xfinity cable tv cable box and it also does not work with my Xfinity alarm for my house or my cameras, be nice set and disarm the alarm with Alexa. Had to install a skill app to setup bulb ??? whats that about, you ship it with your product ??? should have said (Alexa setup bulb) or (Alexa find new bulb) ??? and (Alexa setup Nest)??? it's fine that you use third party apps but Alexa should do the work for you.",0,1335,negative,Setup and Configuration | Smart Home Integration | Alexa Skills and Features,harder to setup | too many steps | requires skill app installation | limited device compatibility,"Complicated setup process, excessive configuration steps, and limited compatibility with third-party devices."
5,26-Jul-18,White  Plus,Nothing to dislike I love my new toy that has made my house a smart home.,1,1336,positive,Smart Home Integration,nothing to dislike | love it | made house smart home,User loves the device for transforming their home into a smart home.
3,26-Jul-18,Black  Plus,The built in hub lacks some of the features (geo fencing) of the Phillips hub. Otherwise would have given it 5 stars.,1,1337,mixed,Smart Home Integration,built-in hub lacks features | missing geofencing | Phillips hub comparison,Device performs well overall but built-in hub lacks geofencing feature available in competing hubs.
5,26-Jul-18,White  Plus,The Echo Plus is used for leisure and pleasure. I absolutely love it. Easy to set up and connect. What a great addition to my listening pleasure. I have not used it yet for other purposes.,1,1338,positive,Setup and Configuration | Sound Quality,easy setup | listening pleasure | great addition | leisure use,Customer loves the Echo Plus for its ease of setup and enjoyable audio experience.
5,26-Jul-18,Black  Plus,Arrived right on time and works as expected,1,1339,positive,,arrived on time | works as expected,Device arrived promptly and functions as advertised.
4,26-Jul-18,Black  Plus,It's like a remedial form of the Star Trek computer in your home,1,1340,positive,Alexa Skills and Features,Star Trek computer | home assistant | impressive,"Device performs remarkably well, comparable to advanced technology."
1,26-Jul-18,Black  Plus,The echo part works fine. The hue hub is a disaster. It worked for a few months and then nothing. I spent 2 hours on the phone with tech support one =y to have to send it in for repair. I am now trying to reconnect my lights. What a pain. I am having to reset each light bulb. It can take up to 5 times to get it to reset. I have spent hours on this. I will say customer service was friendly and tried to be helpful. Stick with the echo and smart plugs for lamps.,0,1341,negative,Smart Home Integration | Device Reliability | Warranty and Support,Hue hub disaster | repeated reset failures | hours troubleshooting | friendly support,Hue hub failed after months; extensive troubleshooting and repairs needed despite friendly support.
5,25-Jul-18,Black  Plus,I love it and my family loves it also we use it all the time we also like playing the games that you can get on it too!! Great for family game nights,1,1342,positive,Alexa Skills and Features,family loves it | games | family game nights | used all the time,"Family enjoys device frequently, especially for playing games together."
1,25-Jul-18,Black  Plus,It was supposed to come with a free Hue lightbulb on Amazon Prime Day. No light bulb arrived. False advertising!,0,1343,negative,Advertising and Promotions | Price and Deals,promised free bulb | Prime Day promotion | false advertising | missing item,Promotional offer for free Hue lightbulb never arrived.
1,25-Jul-18,Black  Plus,Haven't had it a week and already it cannot connect to my network. Tried reconnecting manually and the echo never appears in the list of devices to connect. It will be on it's way back to Amazon,0,1344,negative,Wi-Fi Connectivity | Device Reliability,network connection failure | not appearing in device list | returning to Amazon,Device cannot connect to network within first week; being returned.
5,25-Jul-18,Black  Plus,"This is the 3rd unit I purchased all the way from gen 1 to the plus. The only reason I purchased this is because it works so well and I wanted it in other rooms as well. All my switches work great and I have had not issues. I the past, I did have some ghost commands when Alexa would answer a question when no one asked her to but I think some recent ipdates May have resolved this. It just keeps improving over time, not with call capabilities. I work with adapting smart homes and this is by far the cheapest, best way so far. Can’t wait to see what they come up with next.",1,1345,positive,Smart Home Integration | Device Reliability | Alexa Skills and Features,third unit purchased | all switches work great | improvements over time | best value,Long-time satisfied customer; reliable performer with continuous improvements and best affordability.
5,25-Jul-18,Black  Plus,Love it. I play music everyday and voice activated makes it so easy,1,1346,positive,Voice Recognition | Sound Quality,daily music use | voice activated | easy to use,User enjoys daily music playback with convenient voice control.
3,25-Jul-18,Black  Plus,I can't get multiple profiles working. It just spins when adding a 2nd user at pass device prompt,1,1347,negative,Setup and Configuration,multiple profiles not working | spinning on second user setup | configuration issue,Cannot successfully add second user profile; interface hangs during setup.
5,25-Jul-18,Black  Plus,"I love it , using music and turning on and off light",1,1348,positive,Voice Recognition | Smart Home Integration | Sound Quality,music playback | light control | voice commands,User enjoys music and smart home light control features.
5,25-Jul-18,Black  Plus,It has great sound and very responsive to commands!,1,1349,positive,Sound Quality | Voice Recognition,great sound | responsive to commands,Device has excellent sound quality and responds well to voice commands.
5,25-Jul-18,Black  Plus,This thing is great. Has good sound and does everything I expected. I have it linked in with my lights and use it with alarm.com as well.,1,1350,positive,Sound Quality | Smart Home Integration | Alexa Skills and Features,good sound | linked lights | alarm.com integration,Great device with good sound that integrates well with smart home and security systems.
5,25-Jul-18,Black  Plus,No problems whatsoever makes life easy and sounds great.,1,1351,positive,Sound Quality | Device Reliability,no problems | sounds great | makes life easy,Reliable device with excellent sound quality that simplifies daily tasks.
5,25-Jul-18,Black  Plus,"This is a very useful device. I use it to turn my lights on and off around the house. It works with all the other Alexa devices, so I can give a command near any of them, and this will process the request. It also handles all the functions that the other devices can do. I enjoy it much more than I thought I would.",1,1352,positive,Smart Home Integration | Alexa Skills and Features | Device Reliability,turns lights on and off | works with other Alexa devices | exceeded expectations,Useful device that controls lights and works seamlessly with other Alexa devices.
5,25-Jul-18,Black  Plus,I love my echo plus!!!,1,1353,positive,,love my echo plus,Customer expresses strong satisfaction with their Echo Plus device.
5,25-Jul-18,Black  Plus,"How can you not like the Echo Plus. It has the built in Hub and works seamlessly with all my compatible devices. Amazon makes a great product and I haven't had a single issue with this one or any of the other devices (echo dots, etc.).",1,1354,positive,Smart Home Integration | Device Reliability,built-in Hub | seamless compatibility | no issues,Reliable device with built-in hub that works seamlessly with compatible smart home devices.
5,25-Jul-18,White  Plus,"I have been hesitant to purchase anything smart home because I am just not good with electronics. However this surprised me how easy it is to set up and it links to the Bluetooth in my sound bar for my TV which provides extra sound for music, I can make calls and finally hear people when home. I do not have cable, only the paid apps like Netflix and Hulu so when Alexa provided me news stations, weather and other updates it was really great to hear! I have linked all of my accounts to her, she turns on my lights before I walk through the door. She purchases re-orders off of Amazon for my pets and I heard if something bad happened at your home she would place a call to 911 regardless if she was unplugged or not. This is important as an extra layer of protection for someone living alone. My tech savvy bf went out and bought her after a week of me having her. Must buy!!!",1,1355,positive,Setup and Configuration | Smart Home Integration | Sound Quality | Alexa Skills and Features,easy to set up | Bluetooth to sound bar | lights automation | news and weather | emergency protection,"Easy-to-setup device with excellent smart home integration, sound enhancement, and emergency features."
5,25-Jul-18,White  Plus,"I love my Echo Plus and have cousins from Italy here visiting and they love it. I want to give them each one, however will it work for them in Italy. someone please answer my question ASAP.",1,1356,positive,Gift Purchase,love Echo Plus | wanting to gift | Italy compatibility question,Customer loves their Echo Plus and wants to gift it to visiting relatives from Italy.
5,25-Jul-18,Black  Plus,Totally enjoy our new Echo Plus. Great for fast facts and listening to Beautiful Music. We are just getting started with all the benefits.,1,1357,positive,Alexa Skills and Features | Sound Quality,enjoy Echo Plus | fast facts | beautiful music,Customer enjoys Echo Plus for quick information and music listening experiences.
3,25-Jul-18,Black  Plus,"Device is touted as able to link to calendar on my Samsung phone through google, can't get it to work",1,1358,negative,Smart Home Integration,cannot link to Samsung calendar | advertised feature not working,Device fails to link with Samsung phone calendar as advertised.
5,25-Jul-18,White  Plus,Music. News. Shopping list. Jokes. Games,1,1359,positive,Alexa Skills and Features,music | news | shopping list | jokes | games,Device supports multiple useful Alexa features and functions.
5,25-Jul-18,Black  Plus,Works well. Need to speak clearly but picks up commands from a good distance and the sound is surprisingly well.,1,1360,positive,Voice Recognition | Sound Quality,picks up commands | good distance | sound quality | speak clearly,Excellent voice recognition and surprising sound quality with good range.
1,24-Jul-18,Black  Plus,"I'll be returning it. It's been nothing but annoying. The hub can't be turned off if not needed and it interferes with my Hue Bridge. I can't even install Philips lights with it unless I unplug it to do so. There are plenty of other reviews that go in depth with the issues. Bottom line is it sucks as a hub. It doesn't support z-wave and zigbee (which in fairness I knew in advance), but when the one protocol it does support doesn't do many functions that a dedicated one will, what's the point? I noticed right away that my Philips Hue Bridge supports firmware upgrades to the light bulbs themselves and this doesn't. I found that rather interesting.",0,1361,negative,Smart Home Integration | Device Reliability,hub issues | interferes with Hue Bridge | can't turn off | limited protocol support,Hub integration fails and conflicts with other smart home devices.
2,24-Jul-18,Black  Plus,The Echo does not link to Direct tv even though they said it would. I have spent multiple hours on this. Made phone calls and texts. Also is missing free bulb.,0,1362,negative,Smart Home Integration | Warranty and Support,doesn't link to Direct TV | missing free bulb | multiple support attempts,Failed DirectTV integration and missing promotional items despite support efforts.
5,24-Jul-18,White  Plus,"Still learning what it can do. Amazing. Simple, works right out of a box. Only frustration is getting Amazon Alexa app t show up on my Samsung/Galaxy with Google's Android.",1,1363,mixed,Alexa Skills and Features | Setup and Configuration,works out of box | amazing features | app compatibility issue | still learning,"Works well and has great features, but Amazon Alexa app doesn't appear on Samsung Android."
5,24-Jul-18,Black  Plus,"well what can you say, Love It Love It Love It enough said",1,1364,positive,,love it | satisfied | enthusiastic,Reviewer is highly satisfied and loves the product.
2,24-Jul-18,Black  Plus,Doesn't use apple music. It is worthless to me without it. Sound quality on it is also poor.,0,1365,negative,Alexa Skills and Features | Sound Quality,no Apple Music support | poor sound quality | worthless without it,Lacks Apple Music support and has poor sound quality.
5,24-Jul-18,Black  Plus,"Great product, easy to install and use! Not a necessity but a commodity!",1,1366,positive,Setup and Configuration | Design and Appearance,easy to install | easy to use | great product,Great product that is easy to install and use.
5,23-Jul-18,White  Plus,"Works great I bought this Direct from amazon, and I have got to tell you, This item Echo Show and Echo Plus is the best item I have ever had and I am kind of a tech geek. I am a disabled person, and it helps me turn light on and off, and schedule doctor appointments, using google voice phone, and get my medical rides to and from hospitals, plays music on cue from multiple web apps, and watch videos, as well as communicating to my Nurses aide my schedule and calendar of events. I wish there were programs that helped disabled people get these and smart lights. They are literally the best items since chocolate to assist the disabled and literally anybody else who need them. Although the echo show is not a hub once you set up the Echo plus hub with your lights you can use any amazon device to shut the lights off. Thank God, no more working my ass off to turn on or off lights. Thank you Amazon. I will save up enough money to buy more gift cards from Affirm.com to purchase 1 more of each and some lights for rest of the house. Jeff Bezos these are awesome items and because of your allowing me to get amazon prime at a lower cost due to disability I was finally able to buy these items on your prime day event. really helped when all you earn a month is $672 on SSDI thank you all again.",1,1367,positive,Smart Home Integration | Alexa Skills and Features | Video and Streaming,helps disabled person | control lights | schedule appointments | plays music | watches videos,Excellent device that significantly improves quality of life for disabled users.
2,23-Jul-18,Black  Plus,"I'm sure the Echo is as cool as everyone says....but I won't get to try this one. Even though I have a Large covered porch.....the package was left on my top step on a day forecast for 100% chance of rain.....and rain it did, soaking the package. I'm not even going to open it and see how bad the damage is. This order has been cursed from the beginning. Ordered as a Birthday Gift and Delivery was not made on scheduled day. Now I get it, and its rain-soaked.",0,1368,negative,Warranty and Support | Gift Purchase,rain-soaked package | damaged delivery | late delivery | gift purchase,"Package damaged by rain and delivery was delayed, preventing use of gift."
5,23-Jul-18,Black  Plus,So far I love it. It was easy to set up - if I can do it anybody can. Speakers are great and its fun to play my music with just a voice command!,1,1369,positive,Setup and Configuration | Sound Quality | Alexa Skills and Features,easy to set up | great speakers | voice command music,"User loves the device for its easy setup, great sound quality, and convenient voice control."
1,23-Jul-18,Black  Plus,I am not tec smart enough to make it work at all. Will send it back if I cant get help. My eco dot works just fine. this is too complacated.I just wanted a bigger speaker.,0,1370,negative,Setup and Configuration,not tech smart | too complicated | returning device,User found setup too complicated and plans to return it for their simpler Echo Dot.
3,23-Jul-18,Black  Plus,"We are a long time Amazon Prime family, many years, but new to the Alexa world and thought the purchase of Alexa Plus, with hub, and included Phillips Hue light bulb would be a great start. Alexa does a lot of good things for us like Alarm in the morning, verbalize books, playing music on command, even linked to my Sirrius/xm account. Good daily stuff. Good sound, but not Bose. But, the ads say &#34;Hub included&#34; so don't need anything else to operate devices. Well, not so. I understand there will be some differences in product device support. The fact that it came with the Hue light bulb works only for on /off/ dimming of the bulb. The bulb is capable of so much more with the Hue App but the Hue app does not recognize Alexa hub as a bridge. So, it appears you do have to get a Philips bridge to set the bulbs for scenes, time the lights when you are away, set color tones, etc. That can all be done via internet with your phone or tablet away from home. The list goes on for its capabilities but not without its own bridge. Was very disappointed to find that out after the fact, to the point I feel we are being misled by Amazon by included the Hue bulbs without explanation. Maybe throw a good discount my way to get the Hue bridge if I keep the Echo Plus before I invest in more light bulbs.",1,1371,mixed,Smart Home Integration | Sound Quality | Advertising and Promotions,good daily features | misleading marketing | Hue bridge required separately | good sound but not premium,Device works well for many tasks but marketing misled about hub capabilities; Hue bulb requires separate bridge for full functionality.
4,22-Jul-18,Black  Plus,I love it but does not play well with my Amazon Prime... many shortcomings and potential fees,1,1372,negative,Alexa Skills and Features | Price and Deals,doesn't work with Prime | shortcomings | potential fees,User likes the device but reports poor compatibility with Amazon Prime and concerns about fees.
5,22-Jul-18,White  Plus,Item as described and delivered on time. Thank you,1,1373,positive,,as described | delivered on time | satisfied,Product arrived as described and on time; customer is satisfied.
4,22-Jul-18,White  Plus,I bought 2 of these (plus 2 Echo Dot 2nd Generation) on Prime Days. Love the Echo Plus easy to setup. The reason for the 4 star is the fact that one of them did not arrive with the free Philips Hue White A19 Single LED Bulb Works with Amazon Alexa. There is no one to call to find out why.,1,1374,mixed,Setup and Configuration | Gift Purchase | Warranty and Support,easy to setup | missing bulb | no customer support,User likes the device and setup but one unit arrived without the promised Hue bulb and support contact was unavailable.
1,22-Jul-18,Black  Plus,Product does not. Light bar never went orange. I googled it and reset instructions actually differ from package instructions. I tried both. Product is defective,0,1375,negative,Device Reliability | Setup and Configuration,defective product | reset instructions differ | light bar malfunction,Product is defective; light bar failed and reset instructions conflicted with package guidance.
5,22-Jul-18,Black  Plus,Exactly what I wanted with speedy shipping.....thank you so much!,1,1376,positive,,exactly what wanted | speedy shipping | satisfied,Customer received exactly what they wanted with fast shipping.
5,21-Jul-18,Black  Plus,I have an original Echo and really like it. I wanted another one for my basement. I realize it isn't a huge stereo with settings but it doesn't sound bad at all. Definitely doesn't take up much room. Great price for the Echo Plus on Prime Day. I ordered two!!,1,1377,positive,Sound Quality | Design and Appearance | Price and Deals,good sound quality | compact size | great prime day price,"User satisfied with sound quality, compact design, and value at Prime Day price."
5,21-Jul-18,White  Plus,"I bought this on prime day and saved lots.I have 3 large blue tooth speakers in my house that I used for years, the echo plus was louder than all 3 combined at the same time. Very impressed with the clarity and volume.You will need a paid subscription to some form of steaming audio. That’s just a sad fact. It’ll play pandora and Spotify but it’s limited in skips and song selection without a subscriptionDoes not stream YouTube music or YouTube audioApple users will be disappointed to see that it’s not as convenient as an apple deviceOverall, I still loved the device but I’ll be getting the DOT which has an audio out jack (as does the echo plus) and just connect to external speakers",1,1378,mixed,Sound Quality | Alexa Skills and Features | Price and Deals,loud and clear | requires paid subscriptions | YouTube music not supported | planning to buy Dot,Device impressed with volume and clarity but requires paid streaming and lacks YouTube music support.
2,21-Jul-18,Black  Plus,"I have been thinking about getting this for a long time and was excited when it arrived bundled with a Philip Hue bulb. The excited ended quickly. I spend about a total of 4 hours attempting to add this bulb to my Alexa Echo Plus. Everything I tried, ended in a Discovery Failed message. I tried to set this up over and over and over again. I watched YouTube videos. I read set up websites. I was the poster child of insanity (doing the same thing over and over again and expecting different results).The next day I went onto Amazon to get the tech support. I was hoping something would be done to make this thing work, but also the problem not being operator error. Well after 3 tech support staff and 1 hr. and 19 mins. of being on the phone, it still didn't work. This product has tested my patience. So far this experience is shifting my mindset from going to a smart home to just kicking it old school.The only reason I gave this two stars is because Amazon will be sending me a different Echo Plus and light bulb. The problem wasn't the bulb, because before packing up the items, I purchased another bulb and still Alexa couldn't locate this device.I pray the next attempt is successful and then I will revise this rating, but what are the odds that I was shipped a defective Echo? The support person had the same thought. Maybe I should be exploring the Google device but I can't get over the look of that hub. It looks like a defuser.I can't believe I didn't find YouTube videos that show the problems I did. Everything looked simple and seamless...NOT the experience I had. OK, I'm done with this review because I spend enough wasted time this weekend already.",0,1379,negative,Smart Home Integration | Setup and Configuration | Device Reliability | Warranty and Support,Discovery Failed repeatedly | 4 hours troubleshooting | defective device | tech support unsuccessful,Extended setup failure with Philips Hue bulb and poor tech support experience.
4,21-Jul-18,Black  Plus,Got this in a pretty good deal during the prime day event. It sounds pretty good and works well so far.,1,1380,positive,Sound Quality | Price and Deals,good deal | sounds pretty good | works well,"Device sounds good and works well, purchased at a good prime day price."
5,21-Jul-18,Black  Plus,very nice and its does not take up space,1,1381,positive,Design and Appearance,nice | compact | space-saving,Very nice device that doesn't take up much space.
5,21-Jul-18,Black  Plus,"I'm an original purchaser of the Echo when they came out with a limited few in their test phase and I've always loved it. I expanded my Alexa usage by adding a few Echo Dots around the house and finally decided to jump and buy an Echo Plus. Let me tell you what, GREAT choice! As much as I love my original Echo, the Plus was an obvious upgrade immediately noticeable. The sound is great. And the fact that it's got a built in hub for the Philips Hue lights is a huge plus!",1,1382,positive,Sound Quality | Smart Home Integration | Device Reliability,obvious upgrade | great sound | built-in hub for Philips Hue,Significant upgrade from original Echo with great sound and built-in Philips Hue hub.
1,21-Jul-18,Black  Plus,received the wrong product...was so excited to install it ...all excitement gone. Thank you Amazon.,0,1383,negative,Refurbished Condition | Warranty and Support,wrong product received | excitement lost | delivery error,"Received incorrect product, eliminating anticipated satisfaction."
4,21-Jul-18,Black  Plus,"I’m having trouble with it, the alarm most of times doesn’t work, the timer doesn’t ends... and Alexa keeps saying she is unavailable.",1,1384,negative,Device Reliability | Alexa Skills and Features,alarm doesn't work | timer malfunction | Alexa unavailable,"Multiple device failures including non-functioning alarm, timer, and Alexa availability."
5,21-Jul-18,White  Plus,Love it just wish I could play my amazon music on both my devices without having to buy an additional subscription,1,1385,mixed,Alexa Skills and Features | Price and Deals,loves device | multi-device music limitation | additional subscription required,Likes device but frustrated by requiring additional subscription for multi-device music playback.
5,20-Jul-18,White  Plus,Sounds a little better than the original plus it now has an interrogated Zigbee hub. The hub is compatible with the GE Link bulbs.,1,1386,positive,Sound Quality | Smart Home Integration,better sound | integrated Zigbee hub | GE Link compatibility,Improved sound and integrated Zigbee hub compatible with GE Link bulbs.
4,20-Jul-18,Black  Plus,"I got it to try side by side with the Echo originale. They are essentially the same in dimension, weight and the woofer is the same save for the smaller tweeter point up instead of down and the built in hub. As many folks already pointed out, the hub is not a direct replacement for the Philips Hue, Z wave or anything else. It provides a sub set of features available from the stand alone hub and you ended up losing functionality that you took for granted on the dedicated hub. For me, the voice recognition and music play capability is the same, the original Echo may have an edge on the volume department due to larger speakers. The new Echo plus is priced lower than the original Echo with the built in hub but I don't really need the hub with less functionality. In addition, I don't think that Amazon will have software updates for this hub as other dedicated hub would have so bugs could end up never fixed. My Philips hub gets software update probably once every couple months and it keeps up with the changes in the new bulbs FW and they fixes bugs. Net net for me, this Echo does not do anything more than the original Echo and sound quality is not as good. With the original Echo available as refurbished I would check that out first before considering this or the new Echo which is clearly inferior to both of these.",1,1387,negative,Smart Home Integration | Sound Quality | Device Reliability,hub lacks functionality | reduced capabilities | sound quality inferior | no software updates expected,"Built-in hub offers fewer features than dedicated hub, sound quality lower than original Echo."
2,20-Jul-18,White  Plus,"Why do we need to buy a $100 hub to get it to work with Samsung TV's and many other devices? I want my money back! This thing won't even turn on my TV unless I buy another hub. What's the point of having a hub that doesn't support half the devices out there? DON'T buy this thing unless you want to spend another $100 on another hub. It won't work with many of your devices. Just by the Echo or Dot if you must but not this. Better yet, get a Google device. They actually understand you when you talk.",0,1388,negative,Smart Home Integration | Price and Deals,requires additional $100 hub | limited device support | won't control TV | poor device compatibility,Built-in hub lacks compatibility with many devices including Samsung TV without additional purchases.
5,20-Jul-18,White  Plus,"I love it, in my living room",1,1389,positive,,love it | living room | satisfied,Customer loves the device in their living room.
5,20-Jul-18,Black  Plus,Absolutely love it.. only thing that would make it better is if was rechargeable. When playing music with Bluetooth speaker outside I have to go inside to change songs.,1,1390,mixed,Battery and Power | Alexa Skills and Features,love it | not rechargeable | battery limitation | music control,Overall satisfied but frustrated that device is not rechargeable for outdoor use.
1,20-Jul-18,Black  Plus,"I only purchase the echo plus because it has a built in hub and came with the free philips hue bulb. When I got everything set up, I realized the echo plus hub won’t allow full functionality of the bulb. All it does is turn the light on/off and dim. It will not change colors. You still have to have a Hue Bridge to have full function of all the features of the bulb. I wish I’d bought the bulb and bridge separately to use with the echo I already had since the built in hub on this echo will essentially be useless and I’ll have to buy the hue bridge to get the full benefit of the lights.",0,1391,negative,Smart Home Integration,built-in hub limitation | Philips Hue bulb | full functionality missing | additional bridge required,Built-in hub doesn't provide full Philips Hue bulb functionality; separate bridge required.
2,20-Jul-18,White  Plus,"At a volume setting of half or less, the speaker sounds like there is something rattling, crackling or vibrating in it. I'd understand if the volume was set higher. All speakers get distorted when over-driven. But this doesn't sound like this is an over-driven case; sounds like more of a rattle/crackle. Possibly because the bass is too high. Learned that there is no ability to adjust any of the sound characteristics (other than volume). I will attempt to exchange it assuming it is just an isolated problem.",0,1392,negative,Sound Quality | Device Reliability,rattling | crackling | distortion | no sound controls | defective unit,Speaker produces rattling and crackling sounds at moderate volumes with no EQ adjustment options.
5,20-Jul-18,Black  Plus,"the Sound is fantastic for the Classic music. is like you have the orchestra at your home. and you can control the sound with out screamig at it you just have to twist the top, but also you can tell &#34;Alexa volume 3&#34;",1,1393,positive,Sound Quality | Voice Recognition | Alexa Skills and Features,fantastic sound | classical music | orchestra quality | volume control | voice command,Excellent sound quality for classical music with convenient voice and manual volume control.
5,20-Jul-18,Black  Plus,"love Alexa, makes it fun when people are around and seeing it for first time",1,1394,positive,Alexa Skills and Features,love Alexa | fun | first-time viewers | social appeal,Customer enjoys Alexa and finds it entertaining when showing it to others.
3,20-Jul-18,Black  Plus,"I was suppose to get the “free” lightbulb with purchase. It did not come with Echo. Upon reading more carefully, it says to click a box to receive free bulb. 😳 of course I want the free bulb, who wouldn’t? Just a sneaky way for them to get out of having to give so many “ free” bulbs away. Disappointed! I have yet to set up my echo, our first purchase on any alexia device. Debating if we want to keep it. It did come quickly with my prime membership.",1,1395,negative,Advertising and Promotions | Setup and Configuration,free bulb not included | misleading promotion | opt-in required | disappointing | unclear terms,Advertised free bulb requires manual opt-in and was not clearly disclosed at purchase.
1,20-Jul-18,Black  Plus,I bought this for myself and i didn’t realize it had to be plugged in just to work. It isn’t convenient to make them always have to connect to a wall. It should’ve been more clear when i bought it.,0,1396,negative,Battery and Power | Setup and Configuration,must be plugged in | not rechargeable | inconvenient | poor product clarity,Device requires constant wall power with insufficient clarity about this limitation at purchase.
5,20-Jul-18,Black  Plus,"Alexa helps with more than just lights or music, it helps out when your kids think they know everything and you know nothing lol Sweet love it so much so I purchased 2, Alexa has been a great purchase for my uncle whom lives by himself, when I got it he wasnt so keen on it, but now its his best friend, he tells her goodmorning and she will say it back along with a description on something that is happening today or something special that happened years ago on that day, as well as sang him Happy birthday lolol he now has educated him self on things he never knew, and laughs at the things she may say when he waits to see he response to something hes asked love it, and to think I was going to hate it.",1,1397,positive,Alexa Skills and Features,helpful functionality | family use | elderly companion | educational value | conversational,Alexa provides valuable assistance for families and elderly users with educational and companionship benefits.
5,20-Jul-18,Black  Plus,"Incredible piece of technology.I have this right center of my living room on an island kitchen counter. The mic and speaker goes in every direction and the quality of the sound is quite good. I connected the Echo via Bluetooth to my Sony soundbar on my TV but find the Echo placement and 360 sound more appealing. It's no audiophile equipment but there is good range and decent bass. The sound is more than adequate for any indoor entertaining and loud enough to bother neighbors in my building. The knob on the top works great for adjusting volume. This is my first Echo device and I would imagine having to press volume buttons (on the Echo 2) a large inconvenience and not as precise. For that alone I would recommend this over the regular Echo (2nd generation).The piece looks quality and is quite sturdy with some weight on it. The rubber material on the bottom has a good grip on the granite counter-- my cat can even rub her scent on it without tipping it over.This order came with a free Philips Hue Bulb which I installed along with an extra one I bought. I put the 2 bulbs into my living room floor lamp, turned on the light, and all I had to do was say &#34;Alexa, connect my devices&#34;. The default names for each bulb was assigned as &#34;First light&#34; and &#34;Second light&#34;, so I can have a dimmer floor lamp if I just turned on/off one of the lights by saying &#34;Alexa, turn off the second light&#34;. In the Alexa app, I created a 'Group' with &#34;First light&#34; and &#34;Second light&#34; and named the group &#34;The light&#34;, so to turn on the lamp with both bulbs shining I just say &#34;Alexa, turn on The light&#34;.I was surprised how easily the bulbs connected to the Echo Plus with its built in hub. I thought I would have to buy a hub bridge to connect to my floor lamp power plug. Apparently there is some technology built directly inside the bulb! I was surprised by that. Awesome.You will feel like Tony Stark on this device. I added quite a few &#34;Skills&#34; like 'Thunderstorm sounds' and 'Quote of the day' . Alexa always loads them up quickly. Adding songs that you hear to specific playlists on Amazon Music is also a great feature.I can go on and on and this is only my second day of ownership.I was lucky to buy this for $100 on Prime Day, but I think for $150 is it pretty expensive considering the Echo 2 is only $100. In my opinion, you will be paying a premium for the Echo Plus and you have to decide if the value is there for you:1) Taller and 360 sound unit.2) Volume knob on top that you spin (I think this is a huge benefit over buttons)3) Built in hub for Hue bulbs. After researching more, there are some cons to this setup if you plan on having more advanced light setups. For me and my floor lamp, it's just perfect.I highly recommend it and will buy an Echo dot for my bedroom now.",1,1398,positive,Sound Quality | Design and Appearance | Smart Home Integration | Alexa Skills and Features | Price and Deals,360-degree sound | quality speaker | volume knob | built-in hub | Philips Hue integration | Skills | Prime Day deal,"Excellent all-around device with great sound, convenient controls, and easy smart home setup, though pricier than Echo 2."
4,20-Jul-18,Black  Plus,Easy to Install. Very clear speaker. I took one star off because it was delivered late by OnTrac-like usual.,1,1399,positive,Sound Quality | Setup and Configuration,easy to install | clear speaker | late delivery,"Device has excellent sound quality and easy setup, but delivery was delayed."
1,19-Jul-18,Black  Plus,"I would like to tell you that I have a reason to hate it like the speakers suck, or the color, or the shape or even the way it smells, but I can honestly say the number reason I hate this device is I have tried to set it up 3x's now to no avail, I have 4 other Echo devices already that I set up and use quite regularly, I have reset my phone (Galaxy S8), checked the app for updates, I have cycled power to the Echo unit with each attempt. I work in the network/technology industry for a living and have for over 20 years now, so lack of experience or knowledge is not the problem here. I used the app and the device even tells me it is connected and to follow the app to continue set up, the set up screen just continues to roll the 3 dots around the screen for about 5 minutes before the app locks up on my phone and I have to force the app to close, restart my phone and the Echo and try again. I figured 3x's was enough, it shouldn't be that hard a techie, I can only imagine how bad this will prove to be for people whom have no clue about technology....I hope they won't call me I'll tell em to send the product back!",0,1400,negative,Setup and Configuration | Device Reliability,setup failures | app lockup | repeated attempts | connection issues,Setup process repeatedly fails with app freezing despite technical expertise and multiple reset attempts.
5,19-Jul-18,Black  Plus,"Pretty cool device. Still have a lot to learn, but I'm changing channels on my Fios, and getting info needed. the speaker is great for what I needed it for, which mainly is music.",1,1401,positive,Sound Quality | Alexa Skills and Features,great speaker | channel changing | good sound quality,Device works well for music and streaming with good speaker quality.
1,19-Jul-18,Black  Plus,"Unit came with the wrong plug, will have to send back to Amazon.",0,1402,negative,Refurbished Condition,wrong plug | defective unit | return needed,Device arrived with incorrect power plug requiring return to Amazon.
5,18-Jul-18,Black  Plus,"The sound quality is really quite good. I also have a Dot which is Bluetooth linked to a Grace Digital amplifier which is driving a couple of floor standing Snell speakers, obvious the floor standing speakers are better than this but not by much. My only complaint is that you can't customize Alexa hot words. Now that I have multiple Alexa devices there needs to be a way to direct an Alexa command to a particular device. I would like to be able to talk to a device by name.",1,1403,mixed,Sound Quality | Alexa Skills and Features | Smart Home Integration,good sound quality | multiple devices | customization limitations | device naming,Sound quality is excellent but lacks customizable hotwords and device-specific command routing.
5,18-Jul-18,Black  Plus,Love the light bulb feature,1,1404,positive,Smart Home Integration,light bulb feature | enjoyable,Customer loves the smart light bulb feature.
5,18-Jul-18,White  Plus,The Echo Plus works as expected but I never received the Philips Hue smart bulb that was supposed to be included as part of my purchase. Please advise.,1,1405,negative,Smart Home Integration | Price and Deals,missing Philips Hue bulb | incomplete purchase | promised accessory,Echo Plus arrived without the included Philips Hue smart bulb promised with purchase.
5,18-Jul-18,White  Plus,very nice! everything is working fine. just have to 100% learn the commands,1,1406,positive,Device Reliability,working fine | learning curve | nice device,Device works reliably but requires time to learn command syntax.
5,18-Jul-18,Black  Plus,"The sound quality is great, it now replace the echo dot in my kitchen.",1,1407,positive,Sound Quality,great sound quality | replaced Echo Dot | upgrade,Excellent sound quality makes it a worthwhile upgrade over Echo Dot.
5,18-Jul-18,Black  Plus,Just got mine last night. Played around with it for a while. Should have bought it a long time ago.,1,1408,positive,,satisfied purchase | timely investment | enjoyable,Customer is very pleased with device and wishes they had purchased it sooner.
5,17-Jul-18,Black  Plus,"So easy to use, non-stop music!",1,1409,positive,Alexa Skills and Features,easy to use | non-stop music | simple operation,User praises the device for being easy to use with continuous music playback.
5,17-Jul-18,Black  Plus,Great product and Prime Day price! Took a while to figure out how to connect to my wireless network and the other Echo devices in my home. This came with a Philips smart bulb. It's better than having a clapper! I found instructions online to 'wake to music & philips light'. Very easy to set it up with the instructions. You even have an option of what song you want to wake up to!,1,1410,positive,Price and Deals | Setup and Configuration | Smart Home Integration,great product | Prime Day price | wireless network setup | Philips smart bulb | wake to music feature,Good product at fair price with initial setup complexity resolved through instructions and smart home integration.
5,16-Jul-18,Black  Plus,Alexa is the best smart speaker out there I'm so glad I came across it the sound is so amazing and I mostly use Amazon Alexa for music and school work help I love to control my room lights and the color totally recommend,1,1411,positive,Sound Quality | Alexa Skills and Features | Smart Home Integration,best smart speaker | amazing sound | music playback | school help | room light control,User loves Alexa for excellent sound quality and versatile features including music and smart home control.
4,16-Jul-18,Black  Plus,It get on sale after 2 days so ... CHECK EVENTS BEFORE U BUY THESE AMAZON PRODUCTS!,1,1412,negative,Price and Deals,price drop | went on sale | check events before buying,Customer regrets purchase after finding product on sale shortly after buying at higher price.
3,16-Jul-18,Black  Plus,"Pros- plenty loud for a large room with high ceilings.Cons - the hub doesn’t do anything. It doesn’t work with z wave (as it states), it doesn’t take voice commands for SmartThings, which I had to buy since the hub doesn’t work for z wave.It also sounds muffled and there is no way to control the EQ. (Not sure if that is on all models, but the Dots we have are clear.For the money, buy an echo dot or echo (2nd generation). The echo dot takes voice commands for the smart things hub, go figure, and the audio is clear. The dot also seems to hear my voice better and almost at a whisper.",1,1413,negative,Sound Quality | Smart Home Integration | Device Reliability,muffled sound | hub non-functional | Z-Wave incompatible | no EQ control | Echo Dot superior,"Hub model disappoints with non-functional Z-Wave support, muffled audio, and lack of EQ control compared to Echo Dot."
3,16-Jul-18,White  Plus,"Alexa is a decent speaker if that's all you need. She is terrible at most other things. She consistently answers questions that were not asked or says &#34;hmmm I don't know that&#34; for everything else. We've gone back to just using our phones because she can't really look anything up. Pretty much everyone makes fun of me for spending money on this when I had an awesome Bose bluetooth already. I bought her because my mother (who lives alone) uses hers a lot and is happy with it, but we have a full house with kids and I'm less than impressed. I'd never recommend it to anyone except for senior citizens who love alone and need to be able to shout out for help in the event of a fall.",1,1414,negative,Voice Recognition | Alexa Skills and Features,answers wrong questions | limited lookup capability | disappointing performance | family dissatisfied,User disappointed with Alexa's poor voice recognition and limited ability to answer questions accurately.
5,16-Jul-18,Black  Plus,The setup of this device was simple and effective. I am very pleased to see all of the additional skills and add on abilities of Alexa. This is great for my mobility issues. I now have the ability to have my shopping and comfort needs met without depending on friends and family.,1,1415,positive,Setup and Configuration | Alexa Skills and Features,simple setup | additional skills | mobility assistance | independence,Easy setup and diverse skills enable user with mobility issues to meet personal needs independently.
5,15-Jul-18,White  Plus,We love it! Bought the light bulbs as well and we use it daily!,1,1416,positive,Smart Home Integration,love it | light bulbs | daily use | satisfied,Customer loves the device and accompanying smart bulbs for regular daily use.
4,15-Jul-18,White  Plus,Alexa is great only she will laugh or add random comments in conversations. Last night I was asking a sibling why they are using Alexa upstairs versus the one downstairs. Then the echo dot downstairs starting singing “oh technology oh technology” kind of weird but it seems to have a mind of its own.,1,1417,mixed,Alexa Skills and Features,great device | unexpected laughing | random singing | unpredictable behavior,User enjoys Alexa overall but experiences odd unprompted behaviors like laughing and singing randomly.
5,14-Jul-18,Black  Plus,"Love, Love, Love my Amazon Echo Plus!!❤️❤️",1,1418,positive,,love | Amazon Echo Plus | enthusiastic endorsement,User expresses strong satisfaction and love for their Amazon Echo Plus device.
2,14-Jul-18,White  Plus,"The sound quality is not that good, especially for the price that you pay for this. I would recommend to get the Echo Dot and buy a better speaker instead. Maybe Sonos and use the Echo dot.",0,1419,negative,Sound Quality | Price and Deals,poor sound quality | expensive for what you get | recommends alternative speakers,Sound quality disappoints given the high price; recommends cheaper alternatives.
4,14-Jul-18,Black  Plus,Alexa was able to call my phone when I couldn’t find it and also turned on and off the light when commanded. Then I came home a day later and it wouldn’t turn on the light but would shut it off. Then she said I had no devices; couldn’t find my phone. Now working again. We will see. Love the selection of music!,1,1420,mixed,Voice Recognition | Smart Home Integration | Alexa Skills and Features,inconsistent device control | occasional connectivity issues | loves music selection,Device works sometimes but has inconsistent issues; enjoys music features despite reliability concerns.
1,14-Jul-18,White  Plus,"I will be returning this piece of garbage as soon as possible. With my lifetime Amazon spending approaching nearly $40,000, I’m sure I’m just a small customer to them, but I’ve rarely been so disappointed out of hundreds if not thousands of Amazon purchases.I have 8+ echos for home automation and bought this Echo Plus specifically for the built-in hub along with approximately $600+ in zigbee light switches. The voice control is subpar even when it works, and that is a rarity. Most often it does nothing. I could not be more disappointed with this product and strongly discourage you from investing in the Amazon/Zigbee ecosystem. If you value your money, and expect a working product then you need to look elsewhere",0,1421,negative,Voice Recognition | Smart Home Integration | Device Reliability,subpar voice control | frequent failures | unreliable zigbee hub | disappointed customer,Voice control rarely works; warns against Amazon zigbee ecosystem due to poor reliability.
5,12-Jul-18,Black  Plus,"I love Alexa, she works great but she not for little children. She doesn't understand if you don't speak clearly. She fun to have",1,1422,positive,Voice Recognition | Alexa Skills and Features,Alexa works great | requires clear speech | fun to use,Alexa functions well but struggles with unclear speech and isn't ideal for young children.
5,12-Jul-18,White  Plus,Holy sound quality batman! This thing jams. It's insanely helpful and just a nice gadget to have around.,1,1423,positive,Sound Quality | Alexa Skills and Features,excellent sound quality | very helpful | great gadget,Outstanding sound quality and helpful features make this an excellent gadget to own.
5,11-Jul-18,White  Plus,Very easy to set up and use. Slowly adding devices to truly make our house a smart home. Both Alexa and I are learning what we can do. With each new item I am happier that I made the purchase. So far my only regret is I didn’t do it sooner.,1,1424,positive,Setup and Configuration | Smart Home Integration | Alexa Skills and Features,easy setup | expanding smart home | increasing satisfaction | wish purchased sooner,Easy setup and growing smart home integration create increasing satisfaction with the purchase.
5,11-Jul-18,White  Plus,"Get this in white. I bought it for my girlfriend in white and I wish I had it in white now. Alexa is one of those devices you will always use and miss when it's not around. I find new uses for Alexa every day. I've Incorporated this device into so many parts of my daily life. As Alexa learns more I learn more. She's my alarm clock, she reminds me of important dates. I'm constantly asking her for information like travel, entertainment, science, history, politics Etc. She turns on and off lights, she's the core of my smart home.",1,1425,positive,Design and Appearance | Alexa Skills and Features | Smart Home Integration,white color preferred | indispensable device | daily use | smart home core,"Alexa has become an essential daily device for alarms, reminders, information, and smart home control."
5,11-Jul-18,Black  Plus,I love it best gift I got myself,1,1426,positive,,love the product | best gift | personal purchase,Extremely satisfied with this gift purchase.
5,10-Jul-18,Black  Plus,I love the sound very good. We use it for home automation also works well!!,1,1427,positive,Sound Quality | Smart Home Integration,good sound quality | home automation works well,Excellent sound quality and reliable home automation functionality.
4,10-Jul-18,White  Plus,I really haven’t found any difference between this and the original version I bought. They both work great,1,1428,positive,Device Reliability,consistent performance | works great | no difference from original,"Performs identically to original version with reliable, consistent quality."
5,10-Jul-18,Black  Plus,We are really enjoying the echo plus. It is fun too.,1,1429,positive,Alexa Skills and Features,enjoying echo plus | fun to use,Customer is enjoying the Echo Plus and finds it fun.
5,10-Jul-18,Black  Plus,"Love Echo, everywhere I go in my house she's always reminding me, playing music or talking to me. Love her.",1,1430,positive,Alexa Skills and Features,love echo | always available | music and talking,Customer loves having Echo available throughout their home for music and conversation.
5,9-Jul-18,White  Plus,Very good quality and you don’t have to yell or be close for it to work and understand you properly,1,1431,positive,Voice Recognition,good quality | doesn't require yelling | accurate understanding,Echo has excellent voice recognition quality without requiring loud or close speech.
5,9-Jul-18,White  Plus,So convenient ! I will never touch the remote again to shut off my tv!!,1,1432,positive,Smart Home Integration,convenient | remote-free control | tv shutoff,Customer appreciates the convenience of controlling TV without needing a remote.
5,9-Jul-18,White  Plus,Easy setup very fun to use. Connects with all my smart home appliances,1,1433,positive,Setup and Configuration | Smart Home Integration,easy setup | fun to use | smart home appliances,Setup is easy and connects seamlessly with smart home appliances.
5,8-Jul-18,Black  Plus,Expensive but it is a slightly better sound than my Original Echo.,1,1434,mixed,Price and Deals | Sound Quality,expensive | better sound | improvement over original,Expensive but offers slightly better sound quality than the original Echo.
5,8-Jul-18,White  Plus,The sound of the speaker is better than the other Echo I own!,1,1435,positive,Sound Quality,better sound | improved audio | compared to other echo,Speaker sound quality is better than customer's other Echo device.
5,7-Jul-18,Black  Plus,"I'm loving my easy access to all the music and books I listen to from Amazon music and audible. The treble, mid and bass sound well-equalized. I love that I can easily take it to any area of my house and plug it in. It's nice and light weight, with a good length of cord.",1,1436,positive,Sound Quality | Video and Streaming | Design and Appearance,music and books access | well-equalized sound | lightweight and portable,"Excellent sound quality, easy music and audiobook access, lightweight and portable design."
5,7-Jul-18,White  Plus,This is our first Alexa.... we love it!!,1,1437,positive,Alexa Skills and Features,first alexa | love it | satisfied,First-time Alexa customer loves the device.
5,7-Jul-18,White  Plus,"So far using it for lights and music. Will connect my tv, vacuum and doorbell soon. Love it!!!!",1,1438,positive,Smart Home Integration,lights and music control | expanding integration | multiple smart devices,"Currently using for lights and music, planning to add TV, vacuum, and doorbell control."
5,6-Jul-18,Black  Plus,Enjoying it so much!!!,1,1439,positive,,enjoying it | very satisfied,Customer is very happy with the product overall.
5,6-Jul-18,Black  Plus,I like that it’s voice activated but it don’t link with any other Bluetooth devices only Alexa devices,1,1440,negative,Voice Recognition | Smart Home Integration,voice activated | limited Bluetooth compatibility | only works with Alexa devices,"Voice activation works but device only connects to Alexa devices, not other Bluetooth devices."
5,6-Jul-18,Black  Plus,It appears to be working fine my first Echo stopped replying to my requests and I received the Echo plus very happy no problems no hassel exchange.,1,1441,positive,Device Reliability | Warranty and Support,working fine | smooth exchange | no problems,Replacement Echo Plus works perfectly with hassle-free exchange process.
3,6-Jul-18,Black  Plus,This is the best Amazon speaker with Alexa in it. But if you’re thinking it’s a good smart hub you’re wrong. Are you can do is connect your smart lights and devices to it and tell Alexa to Turn them on and off. That’s it! You’re better off buying separate hubs so you have more control of your devices.,1,1442,mixed,Alexa Skills and Features | Smart Home Integration,best Amazon speaker | limited smart hub control | basic on/off functions,Excellent speaker but limited as smart hub; basic device control only without advanced features.
5,5-Jul-18,Black  Plus,STILL TRYING TO LINK TO MY SON'S AND DAUGHTER'S IN THEIR ROOMS...,1,1443,negative,Setup and Configuration | Smart Home Integration,difficulty linking devices | multi-device setup issues,Customer struggling to connect device to other Echos in household.
1,5-Jul-18,Black  Plus,Didn’t really work as smooth as they make it seem like.,0,1444,negative,Device Reliability,not smooth operation | underperforms expectations,Device does not perform as smoothly as advertised.
5,5-Jul-18,Black  Plus,it does everything that it offers.,1,1445,positive,,does everything offered | delivers on promises,Device fulfills all advertised functions as expected.
5,4-Jul-18,White  Plus,"Besides being fun, it also has many practical aspects--a real bonus for those with vision issues!",1,1446,positive,Alexa Skills and Features,fun | practical aspects | helpful for vision issues,Enjoyable device with practical accessibility benefits for people with vision impairments.
5,4-Jul-18,Black  Plus,Alexa us funny and enjoyable. Nice sound,1,1447,positive,Alexa Skills and Features | Sound Quality,Alexa funny | enjoyable | nice sound,Alexa is entertaining and the speaker has good sound quality.
5,4-Jul-18,Black  Plus,Echo Plus with built-in Hub - Black ...Amazon,1,1448,positive,Smart Home Integration | Design and Appearance,Echo Plus | built-in Hub | Black | smart home,Echo Plus with integrated hub offers convenient smart home control in an attractive black design.
5,3-Jul-18,Black  Plus,Good product I like it . Thank you !,1,1449,positive,,good product | satisfied,Customer is satisfied with the product and expresses appreciation.
5,3-Jul-18,Black  Plus,It's louder than the dot and it's got a built in hub for all the other wireless controls in the house.,1,1450,positive,Sound Quality | Smart Home Integration,louder than dot | built-in hub | wireless controls,Device offers improved volume and integrated smart home hub functionality.
4,3-Jul-18,White  Plus,"Was debating between a 4 and a 5 star review. The one challenge with the hub is that Phillips has added functionality that only works with their hub. Basic functionality works with this unit, but now I need two apps to set everything how I want it instead of one, which has caused some user issues. It's woken up a couple times without the trigger word, which I find highly unsettling. We have minor issues with it not always picking up what we say correctly, but it's usually just one or two repeats if that happens.The speaker is great quality and easily covers the kitchen/living room. The sleek design is not obtrusive. My girlfriend has had fun interacting with it and we've had entertaining conversations with it.",1,1451,mixed,Smart Home Integration | Voice Recognition | Sound Quality | Design and Appearance,requires two apps | unexpected wake-ups | voice recognition issues | great speaker quality | sleek design | enjoyable interactions,Good sound and design but fragmented app control and occasional unwanted wake-ups diminish experience.
5,2-Jul-18,Black  Plus,I really like this item. I already had the echo dot but with this purchase the Philips Hue bulb came with the plus. Just purchasing the plus I have not had time to use it to its full capabilities but the bulb is something else. I use that with the echo dot to turn on our bedroom light and I really like it. The plus is in our great room/kitchen area. So far I give this a 5 star.,1,1452,positive,Smart Home Integration | Gift Purchase,Philips Hue bulb included | bedroom light control | 5 star,Customer satisfied with product and included Philips Hue bulb smart home integration.
5,2-Jul-18,Black  Plus,Love it!!! Convenient. Responsive. Learns voices within the household. Best assistant so far!,1,1453,positive,Voice Recognition | Alexa Skills and Features,convenient | responsive | voice learning | best assistant,Customer loves the device for its responsiveness and voice recognition capabilities.
5,2-Jul-18,White  Plus,"I am the Training Coordinator at my company and I have used the Amazon Blueprints skill with an Echo device and Echo Buttons to create my own Gameshow/Quiz for new hire orientation training. I'm always looking for new ways to engage trainees in order to make learning more enjoyable. I believe that if someone enjoys the process of learning then they're much more likely to remember the information. So far, this has been a huge success with my classes and I look forward to Amazon improving and building out the Blueprints skill further!",1,1454,positive,Alexa Skills and Features,Amazon Blueprints skill | custom quiz creation | training tool | engaging,User successfully uses Blueprints skill for employee training with positive results.
4,1-Jul-18,Black  Plus,"This is a great tool (toy?), room-filling music, very convenient to use, just fun to have. Why only 4 stars? Supposed to work with Logitech Harmony remote: nope. Supposed to work with Denon AV receivers: nope. This may not be Amazon't fault, but advertised skills should actually work. We also have the Echo Show, and the Ring skill works correctly with that device when we want to see who is at the front door.",1,1455,mixed,Sound Quality | Alexa Skills and Features,room-filling music | convenient | Harmony remote incompatible | Denon incompatible | advertised skills not working,Device excels at music playback and convenience but advertised smart home skills fail to work.
5,30-Jun-18,Black  Plus,amazing product with amazing sound!,1,1456,positive,Sound Quality,amazing product | amazing sound,Customer praises product and sound quality.
5,30-Jun-18,Black  Plus,"I love the Echo Plus mainly because I don't have to worry about putting a CD, in to play. I just command a song and it plays. However; I was disappointed to learn later that it needed to stay plugged in unlike the Echo. After consulting with Amazon and learning that I can purchase a portable Echo charging station I'm good.Sincerely,",1,1457,mixed,Battery and Power | Alexa Skills and Features,voice-controlled music | requires power cord | not portable | charging station solution,"Great voice features but tethered design disappoints, though charging station resolves portability concern."
2,29-Jun-18,Black  Plus,"As an echo its great, Good sound quality and functionality. As a smart home hub, it sucks. No automation, no geo-fencing, no music syncing for hue, no z-wave. All it does is turn things on with your voice. Ended up buying a smartthing hub and transferring everything over.",0,1458,negative,Smart Home Integration | Sound Quality,basic voice control only | no automation | no geo-fencing | no music syncing | no z-wave | switched to SmartThings,"Smart home hub functionality severely limited; lacks automation, geofencing, and advanced features."
5,29-Jun-18,Black  Plus,We have a great time using this as a family. Even my toddler can talk to her . There are a few features I wish it would learn to do but overall we love it and glad we brought it over the Google home !,1,1459,positive,Alexa Skills and Features | Smart Home Integration,family-friendly | toddler can use | wish more features | prefer to Google Home,Family loves using it; toddler-friendly with minor feature limitations versus Google Home.
1,29-Jun-18,Black  Plus,"Got this a few months ago with the idea that it will help control my smart bulbs and be useful with answering questions and getting daily weather updates.It’s far from being useful.Half the time when you “wake” the device to ask a question or initiate a command, it doesn’t hear what you say and turns off. Basically ignoring you. Often she is unable to answer basic questions.It’s been so frustrating. Alexa has been more work rather than making my life easier.I would return it but I’m past the return period...... zzzz",0,1460,negative,Voice Recognition | Device Reliability | Smart Home Integration,doesn't hear commands | ignores voice | can't answer questions | frustrating | more work than help,"Device frequently fails to hear commands and answer questions, making it frustrating rather than helpful."
4,28-Jun-18,Black  Plus,It is very convenient but wish i could request more music.,1,1461,mixed,Alexa Skills and Features,convenient | music request limitations,Generally convenient but limited in music request capabilities.
5,31-Jul-18,Configuration: Fire TV Stick,Ideal when you have Amazon Prime.. My very first Fire TV Stick... I should have purchased one a long time ago.... I wish I bought 2 or 3 on Amazon Prime Day..... And not to forget the fantastic Alexa features..,1,1462,positive,Video and Streaming | Alexa Skills and Features | Price and Deals,works with Amazon Prime | fantastic Alexa features | regrets not buying sooner | Prime Day deal,Excellent streaming device with great Alexa features; wishes purchased multiple units on Prime Day.
5,31-Jul-18,Configuration: Fire TV Stick,We love it! Finally got one for everyone in the home. Most importantly we’re saving money that would have otherwise gone to cable.,1,1463,positive,Video and Streaming | Price and Deals,saves money on cable | got one for everyone | family loved it,Loved device that replaces cable and saves money for the whole household.
5,31-Jul-18,Configuration: Fire TV Stick,I don't know why I held out on getting this for so long.,1,1465,positive,,regrets waiting | satisfied purchase,Pleased with purchase; regrets not buying it sooner.
5,31-Jul-18,Configuration: Fire TV Stick,Works great. Bought as a gift for my boyfriend. Easy & fun to use.,1,1466,positive,Gift Purchase,gift for boyfriend | easy to use | fun | works great,Works great as a gift; easy and fun to use.
5,31-Jul-18,Configuration: Fire TV Stick,Using it to stream Amazon Prime and Netflix.,1,1467,positive,Video and Streaming,streams Amazon Prime | streams Netflix,Successfully streams Amazon Prime and Netflix content.
5,31-Jul-18,Configuration: Fire TV Stick,I put it on a TV that didn’t have a great picture and it now looks like a new TV,1,1468,positive,Screen and Display,improved picture quality | transforms old TV | looks like new TV,Dramatically improves picture quality on older televisions.
2,31-Jul-18,Configuration: Fire TV Stick,It is much more difficult to use than the Chromecast.,0,1469,negative,,difficult to use | less intuitive than Chromecast,More difficult to use compared to Chromecast.
2,31-Jul-18,Configuration: Fire TV Stick,Fast to load. But keeps rebooting in middle of shows,0,1470,negative,Device Reliability,fast to load | keeps rebooting | middle of shows,Device loads quickly but frequently reboots during video playback.
5,31-Jul-18,Configuration: Fire TV Stick,Works great and it's so easy to use that my 4 year old can navigate it.,1,1471,positive,Setup and Configuration,works great | easy to use | child can navigate,"Very easy to use, intuitive enough for a four-year-old to operate."
5,31-Jul-18,Configuration: Fire TV Stick,I live this item. I bought several for each room in the house and as a gift for my Mom. I also use mine to travel with.,1,1472,positive,Gift Purchase,love this item | bought several | gift for Mom | travel,Customer loves the product so much they purchased multiple units and gifted one.
4,31-Jul-18,Configuration: Fire TV Stick,I love how I can just push the microphone button on the remote and ask it to open any show and it'll find whether it's on Hulu or Netflix and sign me in and start the show... Pretty amazing but each new technology sure is making me lazy or lol :-),1,1473,positive,Voice Recognition | Alexa Skills and Features,microphone button | push to ask | finds shows | Hulu or Netflix,Voice search functionality seamlessly finds and opens shows across streaming services.
4,31-Jul-18,Configuration: Fire TV Stick,A great product. I would buy another.,1,1474,positive,,great product | would buy another,Customer is satisfied and willing to purchase the product again.
4,31-Jul-18,Configuration: Fire TV Stick,The power cord attachment tends to come loose from the outlet. The adapter may be too long and heavy. Not a big problem but annoying. When the unit is plugged in it works great.,1,1475,mixed,Battery and Power | Design and Appearance,power cord attachment loose | adapter too long and heavy | works great when plugged in,"Works well when connected, but power cord connection is loose and adapter design is awkward."
5,31-Jul-18,Configuration: Fire TV Stick,Loved it!! Wish I would have bought one sooner.,1,1476,positive,,loved it | wish bought sooner,Customer is very satisfied and regrets not purchasing earlier.
5,31-Jul-18,Configuration: Fire TV Stick,Able to watch all of the shows I love and more.,1,1477,positive,Video and Streaming,watch all shows | love | more content,Customer can watch their favorite shows and access a large content library.
5,31-Jul-18,Configuration: Fire TV Stick,Totally clear picture with numerous channels available. Used for my kitchen tv,1,1478,positive,Screen and Display | Video and Streaming,totally clear picture | numerous channels | kitchen tv,Provides clear picture quality with many available channels.
5,31-Jul-18,Configuration: Fire TV Stick,Love the fire stick. I can download watch great movies. Instead of searching I use Alexa voice. Prime doesn't offer very many newer movies is the only negative.I also wished there was a way you could set it up to post newest movies first.,1,1479,mixed,Alexa Skills and Features | Video and Streaming,download watch movies | Alexa voice | Prime limited newer movies | movie sorting,"Voice control and movie access work well, but Prime Video's limited new releases are disappointing."
5,31-Jul-18,Configuration: Fire TV Stick,Very easy to install. Voice control is great.,1,1480,positive,Setup and Configuration | Voice Recognition,easy to install | voice control | great,Easy installation and effective voice control features.
5,31-Jul-18,Configuration: Fire TV Stick,"I am guilty of not setting this up, I had my youngest daughter do it. She did not seem to have much trouble figuring it out. So I would have to assume it was not very difficult. I have not tried to use it yet but my oldest seems to like it so she ordered one for herself.",1,1481,positive,Setup and Configuration,easy setup | daughter figured it out | family likes it,Setup was straightforward enough for family members to complete independently.
4,31-Jul-18,Configuration: Fire TV Stick,One problem you need to buy an app from amazon to mirroring your iphone .. app price 2.99$ .. other than that the device is perfect,1,1482,mixed,Video and Streaming | Price and Deals,iPhone mirroring requires app | $2.99 cost | device is perfect,Device performs well but requires purchasing a separate app for iPhone mirroring.
5,31-Jul-18,Configuration: Fire TV Stick,Streaming is easy. I love it because I can watch Netflix in my bedroom on my TV and not my Ipad,1,1483,positive,Video and Streaming,streaming easy | Netflix in bedroom | TV viewing,Convenient streaming allows easy access to Netflix content on bedroom television.
5,31-Jul-18,Configuration: Fire TV Stick,Great product we listen to music all the time,1,1484,positive,Sound Quality,great product | listen to music | all the time,Great device for regular music listening enjoyment.
5,31-Jul-18,Configuration: Fire TV Stick,Ummm... TV like everyone else.,1,1485,negative,,TV like everyone else | vague complaint,Brief complaint suggesting the product lacks distinctive features.
5,31-Jul-18,Configuration: Fire TV Stick,We love the Fire TV Stick and will love it even more when we sever our cable connection when our service agreement expires.,1,1486,positive,Video and Streaming,love Fire TV Stick | cable alternative | future plans,Satisfied customer plans to use it as a cable replacement solution.
5,30-Jul-18,Configuration: Fire TV Stick,Love the TV/movie selection. I really like the fact that I can just rent a movie if they don't have it in their selection.,1,1487,positive,Video and Streaming,TV movie selection | rental option | love it,Appreciates the content selection and ability to rent unavailable movies.
5,30-Jul-18,Configuration: Fire TV Stick,So far no major issues,1,1488,positive,Device Reliability,no major issues | so far,Device has been reliable with no significant problems.
5,30-Jul-18,Configuration: Fire TV Stick,I love it! Super easy to use. Hole the button and speak....takes you right to it without delay :-),1,1489,positive,Voice Recognition | Setup and Configuration,super easy to use | hold button and speak | no delay,Loves the easy-to-use voice control with fast response times.
5,30-Jul-18,Configuration: Fire TV Stick,Love it...so happy to have everything available through this,1,1490,positive,Alexa Skills and Features,everything available | happy | comprehensive access,Customer is satisfied with the comprehensive availability of features and content.
5,30-Jul-18,Configuration: Fire TV Stick,Best streaming device I've used in 5 years just wish the remote had a headphone jack like the Roku remote does.,1,1491,mixed,Video and Streaming | Design and Appearance,best streaming device | 5 years | remote missing headphone jack,Excellent streaming performance but remote lacks headphone jack feature found on competitors.
5,30-Jul-18,Configuration: Fire TV Stick,Exceeded my expectations,1,1492,positive,,exceeded expectations | impressed,Device performed better than the customer anticipated.
4,30-Jul-18,Configuration: Fire TV Stick,New device so still learning about it but works great for us when navigating Hulu.,1,1493,positive,Video and Streaming | Alexa Skills and Features,works great | learning | Hulu navigation,Device works well for streaming Hulu despite still being in the learning phase.
3,30-Jul-18,Configuration: Fire TV Stick,Its ok... my home screen on my fire stick is not working on my television. So by that not working...Alexa will not respond to any questions or commands....I'm going to reach out to Amazon this weekend.,1,1494,negative,Device Reliability | Warranty and Support,home screen not working | Alexa unresponsive | troubleshooting needed,Home screen malfunction prevents Alexa from responding to commands; customer seeking support.
5,30-Jul-18,Configuration: Fire TV Stick,So awesome to bring my older tv to life,1,1495,positive,Video and Streaming,brings older TV to life | awesome,Device successfully enables older television to stream content effectively.
5,30-Jul-18,Configuration: Fire TV Stick,"This makes a big difference in searching for programs, so much easier then the older fire stick, faster to.",1,1496,positive,Video and Streaming | Alexa Skills and Features,easier searching | faster than older model | program navigation,Improved search functionality and faster performance compared to previous Fire Stick model.
5,30-Jul-18,Configuration: Fire TV Stick,Great and easy to use,1,1497,positive,Setup and Configuration,great | easy to use | user-friendly,Device is straightforward and simple to operate.
5,30-Jul-18,Configuration: Fire TV Stick,"I used to use my laptop for anything show watching, including Netflix, but I am glad I bought this. This is super easy to set up and has everything you need with quick and easy access. Definitely worth the buy.",1,1498,positive,Video and Streaming | Setup and Configuration,easy setup | quick access | Netflix alternative | worth the buy,Simple setup and convenient access to streaming content makes it a worthwhile purchase.
2,30-Jul-18,Configuration: Fire TV Stick,I just think that it's to darn confusing. And there are parts that i would try and just wouldn't work. I just don't like it. Not what i thought it would be.,0,1499,negative,Device Reliability | Setup and Configuration,confusing interface | parts don't work | disappointed,Customer finds the device confusing with unreliable functionality and unmet expectations.
5,30-Jul-18,Configuration: Fire TV Stick,"Easy to set up and use,",1,1500,positive,Setup and Configuration,easy to set up | easy to use,Device is straightforward to set up and operate.
1,30-Jul-18,Configuration: Fire TV Stick,I will never buy anything Amazon makes again!This fire stick is not even a year old and it does nothing but restart and freeze up constantly. No warranty from Amazon in this should have been my first clue that it was a horrible device. I will never buy anything built by Amazon again.,0,1501,negative,Device Reliability | Warranty and Support,constant restarts and freezing | no warranty | unreliable device,"Fire Stick fails within a year with constant restarts and freezing, backed by insufficient warranty."
5,30-Jul-18,Configuration: Fire TV Stick,Great buy. Recommend getting Kodi with some movie addons,1,1502,positive,Alexa Skills and Features,great buy | Kodi | movie addons,Solid purchase with capability to use Kodi for movie content.
5,30-Jul-18,Configuration: Fire TV Stick,The firestick is easy to use and was super easy to set up. I like the platform and feel it is better than I expected. I was worried about it lagging but it has not at all. I’m hoping to utilize the firestick to eventually break away from cable and now I’m more confident that it can happen.,1,1503,positive,Setup and Configuration | Device Reliability,easy to set up | no lagging | cable replacement potential,Fire Stick performs reliably with easy setup and strong potential for cord-cutting.
5,30-Jul-18,Configuration: Fire TV Stick,Works much easier than our 3 year old one. Better internet resemption,1,1504,positive,Device Reliability | Wi-Fi Connectivity,works easier | improved internet reception,Outperforms older model with improved performance and connectivity.
5,30-Jul-18,Configuration: Fire TV Stick,Works amazing! I love how you can download almost anything. Some apps I couldn’t download on my Apple TV but I was able too on here!!!,1,1505,positive,Alexa Skills and Features | Video and Streaming,works amazing | app availability | more options than Apple TV,Offers superior app selection and flexibility compared to Apple TV.
5,30-Jul-18,Configuration: Fire TV Stick,"The Fire TV Stick was easy to set up and use. Only downfall is, subscriptions are needed to view premium content.",1,1506,mixed,Setup and Configuration | Price and Deals,easy to set up and use | subscriptions required for premium content,Simple to use but premium content requires paid subscriptions.
5,30-Jul-18,Configuration: Fire TV Stick,Love it! It's everything I wanted and more,1,1507,positive,,love it | exceeded expectations | everything wanted,Device exceeds expectations and delivers exactly what was desired.
5,30-Jul-18,Configuration: Fire TV Stick,"I like the way you can watch anything and everything , for some live shows you need a cable provider",1,1508,mixed,Video and Streaming,watch anything and everything | cable provider needed for live shows,Broad content access available but some live shows require cable provider.
4,30-Jul-18,Configuration: Fire TV Stick,Es excelente funciona genial,1,1509,positive,,excellent | works great,Device functions excellently and performs well.
2,30-Jul-18,Configuration: Fire TV Stick,Was loving it but starting in June Hulu stopped working and crunchyroll doesn’t work either. Probably will switch to something else soon.,0,1510,negative,Video and Streaming | Device Reliability,Hulu stopped working | Crunchyroll doesn't work | switching to something else,"Service streaming apps stopped working in June, prompting consideration of switching devices."
5,30-Jul-18,Configuration: Fire TV Stick,Puts the pep back in my old TV. All of the software was expired and I enjoy NETFLIX and Amazon Prime Video. Now I have all of my favorite Video on the TV again......,1,1511,positive,Video and Streaming,puts the pep back | Netflix and Prime Video | favorite videos on TV,Revitalized old TV with working streaming access to Netflix and Prime Video.
4,30-Jul-18,Configuration: Fire TV Stick,Haven't used it enough,1,1512,negative,,haven't used it enough | minimal usage,Reviewer has not used the device sufficiently to form meaningful opinions.
5,30-Jul-18,Configuration: Fire TV Stick,The Fire Stick has been amazing! Easy setup and easy to use! An awesome deal on Prime Day!,1,1513,positive,Setup and Configuration | Price and Deals,amazing | easy setup | awesome deal on Prime Day,Fire Stick impressed with easy setup and excellent Prime Day pricing.
5,30-Jul-18,Configuration: Fire TV Stick,Love the fire stick and the amazon customer service!!!,1,1514,positive,Warranty and Support,love the fire stick | excellent customer service | amazon customer service,Satisfied with both the Fire Stick device and Amazon customer service quality.
5,30-Jul-18,Configuration: Fire TV Stick,Easy to use and setup.,1,1515,positive,Setup and Configuration,easy to use | easy setup,Device is straightforward to use and set up.
5,30-Jul-18,Configuration: Fire TV Stick,Great streaming device,1,1516,positive,Video and Streaming,great streaming device,Device functions well as a streaming solution.
5,30-Jul-18,Configuration: Fire TV Stick,"Works as expected, very easy to setup and use",1,1517,positive,Setup and Configuration | Device Reliability,works as expected | very easy to setup and use,Device works reliably with straightforward setup and user experience.
4,30-Jul-18,Configuration: Fire TV Stick,"The selection is wonderful and the ease of use on the home page is nice. I wish, however, it didn't keep overcoming my settings for my other devices attached to my TV. I have to keep switching back after any switches in programming, including my stereo.",1,1518,mixed,Video and Streaming,wonderful selection | ease of use on home page | overrides device settings | constant switching,"Excellent content selection and interface, but device overrides TV settings requiring manual adjustment."
5,30-Jul-18,Configuration: Fire TV Stick,Bought the 2nd firestick for bedroom. Easily installed and set up. Works great,1,1519,positive,Setup and Configuration,second firestick for bedroom | easily installed and set up | works great,Second Fire Stick installed easily with excellent performance in bedroom.
5,30-Jul-18,Configuration: Fire TV Stick,Great interface. i enjoy the voice remote,1,1520,positive,Voice Recognition,great interface | voice remote | enjoyable,User appreciates the interface and voice remote functionality.
5,30-Jul-18,Configuration: Fire TV Stick,I liked it was linked to prime,1,1521,positive,Smart Home Integration,linked to prime | integration,User satisfied with Prime integration.
5,30-Jul-18,Configuration: Fire TV Stick,I already bought one previously to try out and enjoyed it. Bought these new ones during the Prime sale.,1,1522,positive,Price and Deals,enjoyed previous purchase | Prime sale | repeat buyer,Repeat customer purchased additional units during Prime sale promotion.
5,30-Jul-18,Configuration: Fire TV Stick,Works like a charm. Fast delivery and no problems.,1,1523,positive,Device Reliability,works perfectly | fast delivery | no problems,Device functions flawlessly with no issues and prompt delivery.
5,30-Jul-18,Configuration: Fire TV Stick,I loved it so much on my living room TV that I bought one for the bedroom TV. Highly recommend this device to anyone wanting to simplify and improve their online entertainment experience.,1,1524,positive,Alexa Skills and Features,loved it | multiple TVs | simplify entertainment,User loved the device so much they purchased additional units for other rooms.
5,30-Jul-18,Configuration: Fire TV Stick,Does everything I need!,1,1525,positive,Alexa Skills and Features,meets all needs | functionality,Device fulfills all user requirements.
5,30-Jul-18,Configuration: Fire TV Stick,Love it love it love it,1,1526,positive,,love it | highly satisfied,User expresses strong satisfaction with the product.
5,30-Jul-18,Configuration: Fire TV Stick,CAN WATCH AMAZON PRIME SHOWS AND TALK TO ALEXUS,1,1527,positive,Voice Recognition | Video and Streaming,watch Prime shows | talk to Alexa | key features,User appreciates ability to watch Prime content and interact with Alexa.
5,30-Jul-18,Configuration: Fire TV Stick,"This product replaces the 1st generation Fire Stick I had, and what an improvement in speed in both showing Amazon content but ALL apps downloaded on PRODUCT! I bought in on PRIME day for $19 .... BEST DEAL EVER !",1,1528,positive,Device Reliability | Price and Deals | Video and Streaming,speed improvement | Prime day deal | $19 price | app performance,Device offers significant speed improvements over previous generation at great Prime Day price.
5,30-Jul-18,Configuration: Fire TV Stick,"Just as advertised, bought as a gift, great price, fast shipping!!",1,1529,positive,Gift Purchase | Price and Deals,as advertised | gift purchase | great price | fast shipping,Gift purchase met expectations with good pricing and quick delivery.
5,30-Jul-18,Configuration: Fire TV Stick,Very easy to set up and straight forward directions. Loads fast also.,1,1530,positive,Setup and Configuration,easy setup | straightforward directions | loads fast,Setup was straightforward and the device loads quickly.
5,30-Jul-18,Configuration: Fire TV Stick,I purchased the Fire Stick to be able to watch movies at my convenience. I love that there is such a variety of genres. I also enjoy it gives you the ability to watch TV shows too. It's Awesome!,1,1531,positive,Video and Streaming,variety of genres | watch movies | TV shows,Great variety of movies and TV shows available to watch conveniently.
5,30-Jul-18,Configuration: Fire TV Stick,Being able to tell it what to go to,1,1532,positive,Voice Recognition | Alexa Skills and Features,voice control | tell it what to do,Voice control allows easy navigation to desired content.
5,30-Jul-18,Configuration: Fire TV Stick,Love this! So many options!,1,1533,positive,Video and Streaming,many options | variety,The device offers many viewing options.
5,30-Jul-18,Configuration: Fire TV Stick,Love it. Many stations to choose from,1,1534,positive,Video and Streaming,many stations | variety to choose from,Good selection of stations and viewing choices available.
1,30-Jul-18,Configuration: Fire TV Stick,"It still doesn’t work. I bet if I call and let them know that, they will charge me for the 3rd time. Ridiculous.",0,1535,negative,Device Reliability | Warranty and Support,doesn't work | charged multiple times | poor support,Device not functioning and customer concerned about repeated support charges.
5,30-Jul-18,Configuration: Fire TV Stick,I love the Alexa remote and easy to use.,1,1536,positive,Design and Appearance | Alexa Skills and Features,Alexa remote | easy to use,Alexa remote is user-friendly and convenient.
5,30-Jul-18,Configuration: Fire TV Stick,"It is very easy to use,I can now watch my favorite movies",1,1537,positive,Video and Streaming,easy to use | watch favorite movies,Simple to operate and enables watching preferred movies.
5,30-Jul-18,Configuration: Fire TV Stick,"Doubtful at first, but it works a lot better than my smart devices.Plus Alexa software include, that was a plus!",1,1538,positive,Device Reliability | Alexa Skills and Features,works better | smart devices | Alexa software included,Performs better than other smart devices with included Alexa software.
5,30-Jul-18,Configuration: Fire TV Stick,"Love our Fire Stick,easy to set up and have loads of shows for free and plenty to rent or buy.We also use Pluto TV and Tubi so that's even more TV.Alexa makes it so easy to find any show or movie I want.We love the money we save.",1,1539,positive,Setup and Configuration | Video and Streaming | Alexa Skills and Features | Price and Deals,easy setup | free shows | Alexa voice search | money saving,Easy setup with abundant free content and Alexa search features saves money.
5,30-Jul-18,Configuration: Fire TV Stick,It was perfect. Works like a charm.,1,1540,positive,Device Reliability,perfect | works like a charm | reliable,Device works perfectly and reliably as expected.
4,30-Jul-18,Configuration: Fire TV Stick,"I love this fire stick because after installing a few highly recommended apps, I discovered that a lot of the channels I don't have with my cable provider is included, and I don't have to pay extra! Just subscribing to a few streaming apps will do and I still come out paying way less than cable tv.",1,1541,positive,Alexa Skills and Features | Price and Deals,streaming apps | cost savings vs cable | recommended apps,Fire stick provides affordable streaming access to channels not available through cable.
5,30-Jul-18,Configuration: Fire TV Stick,Love this wished I had gotten it sooner,1,1542,positive,,love it | wish I had gotten sooner | satisfied,Customer is very satisfied and wishes they had purchased it earlier.
5,30-Jul-18,Configuration: Fire TV Stick,Makes accessing all of the Apps easy. Love the voice control.,1,1543,positive,Voice Recognition | Alexa Skills and Features,app access | voice control | easy,Voice control and app accessibility make device easy and enjoyable to use.
4,30-Jul-18,Configuration: Fire TV Stick,It's my second one and works well,1,1544,positive,Device Reliability,second one | works well | repeat purchase,"Second device performs well, indicating customer satisfaction and reliability."
5,30-Jul-18,Configuration: Fire TV Stick,I love my fire stick!,1,1545,positive,,love it | satisfied | positive experience,Customer expresses strong satisfaction with the fire stick.
5,30-Jul-18,Configuration: Fire TV Stick,Great product. Very versatile and easy to use,1,1546,positive,Design and Appearance | Alexa Skills and Features,versatile | easy to use | great product,"Product is versatile, easy to use, and performs great."
4,30-Jul-18,Configuration: Fire TV Stick,"I love this, it's quick and easy to use. I love that there are so many apps you can access but disappointed some of them cost extra money to use. I also love the music app on here. I didn't think I would use it because I have Alexa echo and listen to music all the time on there. But I tried it on the fire tv and it gives you the lyric as the songs play! Love it!!",1,1547,mixed,Alexa Skills and Features | Video and Streaming,quick and easy | many apps | paid content required | lyric display | music app,"Quick and feature-rich with great music functionality, but some apps require extra payment."
4,30-Jul-18,Configuration: Fire TV Stick,Love it. The only downside is that you can't download any app you want.,1,1548,mixed,Alexa Skills and Features,love it | app limitations | restricted downloads,Device is loved but limited by inability to download all desired apps.
5,30-Jul-18,Configuration: Fire TV Stick,Still learning how to use it but like it so far. We played music from YouTube and a couple movies on it. No complaints,1,1549,positive,Video and Streaming,learning | music playback | movies | no complaints,Device works well for streaming music and movies with no issues reported.
5,30-Jul-18,Configuration: Fire TV Stick,We are using the internet for our home and loving them,1,1550,positive,Wi-Fi Connectivity,using internet | loving them | home use,Customer is satisfied with the internet connectivity for their home.
5,30-Jul-18,Configuration: Fire TV Stick,My Father liked the added programing in which he is interested.,1,1551,positive,Alexa Skills and Features,added programming | father liked | interested content,Father appreciates the programming options available on the device.
5,30-Jul-18,Configuration: Fire TV Stick,Love it and how easy it is to use. One of the best Prime Day purchases we have made.,1,1553,positive,Setup and Configuration,easy to use | Prime Day purchase | best purchases,Customer loves the device's ease of use and considers it a great purchase.
5,30-Jul-18,Configuration: Fire TV Stick,Satisfied with the purchase,1,1554,positive,,satisfied | purchase,Customer is satisfied with their purchase.
5,30-Jul-18,Configuration: Fire TV Stick,Im able to connect to prime quick,1,1555,positive,Video and Streaming,connect to prime | quick connection,Customer appreciates quick Prime streaming connectivity.
5,30-Jul-18,Configuration: Fire TV Stick,ABSOLUTELY LOVE THIS PRODUCT SO EASY TO USE BETTER THAN SCROLLING CHANNELS.,1,1556,positive,Setup and Configuration | Alexa Skills and Features,easy to use | love it | better than scrolling channels,Customer loves how easy and convenient the device is compared to traditional channel scrolling.
5,30-Jul-18,Configuration: Fire TV Stick,Loved it. No more cable bills for us. I would advise anyone to get one. 2nd one bought.,1,1557,positive,Video and Streaming,no cable bills | repeat purchase | would advise anyone,Customer eliminated cable bills and is so satisfied they bought a second unit.
5,30-Jul-18,Configuration: Fire TV Stick,I bought it for my sister and she hasn't had any complaints yet so I think it's great!,1,1558,positive,Gift Purchase,bought for sister | no complaints | great gift,Sister has no complaints about the device as a gift purchase.
5,30-Jul-18,Configuration: Fire TV Stick,"absolutely an amazing device, very easy to setup and use",1,1559,positive,Setup and Configuration,amazing device | easy to setup | easy to use,Customer finds the device amazing and appreciates its simple setup and use.
5,30-Jul-18,Configuration: Fire TV Stick,"The current demand for this stick, was too high for the power coming out of my USB port on the TV. Had to run the power cable to the supplied USB adapter. Not a big deal but added another cable showing on my wall mounted TV.",1,1560,mixed,Battery and Power | Design and Appearance,high power demand | USB port insufficient | additional cable visible,"Device requires external power adapter due to USB port limitations, adding visible cabling to wall-mounted TV."
3,30-Jul-18,Configuration: Fire TV Stick,Works very well for Amazon and Netflix but will not a let all viewing platforms like VUDU. It also will shut down if HULU is played for more than a couple minutes and yes I have it directly plugged into the wall so low power source is not an issue (even checked outlet voltage) an issue which is typically the answer you get for that issue.over all the quality of the picture is quiet well and is a user friendly platform to use If they would fix those two issues I would have one on every tv in the house but as it sits this will be our only one. to bad to because I relay like amazon products and having Alexa is always nice,1,1561,mixed,Video and Streaming | Device Reliability,works well Amazon Netflix | crashes on Hulu | won't play VUDU | good picture quality,"Good picture and Amazon/Netflix support, but crashes on Hulu and blocks VUDU viewing."
5,30-Jul-18,Configuration: Fire TV Stick,Love the Firestick thinking about canceling the satellite,1,1562,positive,Video and Streaming,love the Firestick | replacing satellite,Customer loves Firestick and is considering canceling satellite service.
5,30-Jul-18,Configuration: Fire TV Stick,"I'm amazed at how many movies, tv shows and more is available. I am planning to drop cable service soon and am very happy to know I'll have lots of viewing pleasure with the Fire stick and not pay the outrageous cable bills.",1,1563,positive,Video and Streaming | Price and Deals,abundant content | drop cable service | avoid high bills,Impressed by content selection and planning to replace cable with Firestick.
4,30-Jul-18,Configuration: Fire TV Stick,Easy to setup. Sometimes Alexis does not work the greatest. The connection fire stick and WiFi is way bettter than Netflix .,1,1564,mixed,Setup and Configuration | Voice Recognition | Wi-Fi Connectivity,easy setup | Alexa inconsistent | strong WiFi connection,"Easy setup and reliable Wi-Fi, but Alexa performance is inconsistent."
5,30-Jul-18,Configuration: Fire TV Stick,Finally bought one but it couldn't find my Wi-Fi. Had to buy a Wi-Fi extended. My smart t.v. used the Wi-Fi just fine.,1,1565,negative,Wi-Fi Connectivity | Setup and Configuration,couldn't find WiFi | needed extender | connectivity issues,"Device failed to detect Wi-Fi, requiring purchase of additional extender."
5,30-Jul-18,Configuration: Fire TV Stick,This firestick is everything!,1,1566,positive,,everything | satisfied,Customer expresses strong satisfaction with the Firestick.
5,30-Jul-18,Configuration: Fire TV Stick,"Recently cut the cord on cable television. Needed an easy to install and relatively inexpensive alternative option to fill the gap. Ordered the Amazon Fire Stick from Best Buy. Instructions were short and easy to follow. I was going to order the Amazon Ethernet Adapter because I was worried about wireless speeds in my area, but thought I'd wait and see. Glad I did. Wireless connection has proved almost flawless so far. A few brief hiccups here and there, but I'm convinced that was from the Apps themselves. Don't miss the ridiculously high cable prices and am able to watch most of what I used to watch for a much lower price, which right now is a total of $50 a month. Amazon Fire Stick is limited to 1GB of memory and 8GB of storage. Thought that would be a huge issue when it came to downloading Apps and recording shows. So far it hasn't been any issue at all. The upcoming fall tv schedule, which includes the return of NFL Football, might prove more troublesome when I need to record more often. I'll worry about that then. My only real issue is that you can't really turn it off. The screen remains on and uses up electricity, although probably small amounts. Luckily when you unplug it, all downloaded Apps and recorded shows stay in memory. Not sure what happens when you have something scheduled to record when it's unplugged. Haven't tried it yet, although I don't think it'll be an issue with DirectTV Now, which I'm using right now. So far I'm loving the Amazon Fire Stick. Actually love that Amazon, which I use occasionally, come pre-installed.",1,1567,positive,Setup and Configuration | Wi-Fi Connectivity | Video and Streaming | Battery and Power,easy installation | wireless connection reliable | low monthly cost | always on screen,Easy setup and solid wireless performance; saves money compared to cable.
5,30-Jul-18,Configuration: Fire TV Stick,Really enjoying my firestick can’t wait to get rid of cable such a waste of money.,1,1568,positive,Video and Streaming | Price and Deals,enjoying Firestick | ditching cable | money saver,Customer happy with Firestick and eager to cancel expensive cable service.
5,30-Jul-18,Configuration: Fire TV Stick,Easy to set up and use.,1,1569,positive,Setup and Configuration,easy setup | user friendly,Device is straightforward to set up and use.
5,30-Jul-18,Configuration: Fire TV Stick,WooHoo! $20 on Prime Day; done!,1,1570,positive,Price and Deals,Prime Day deal | twenty dollars | satisfied purchase,Customer purchased Firestick on sale during Prime Day.
5,30-Jul-18,Configuration: Fire TV Stick,Very easy to use! Makes finding shows and movies a snap.,1,1571,positive,Video and Streaming,easy to use | finding shows and movies | snap,Straightforward navigation makes discovering shows and movies effortless.
5,30-Jul-18,Configuration: Fire TV Stick,Upgraded from a first generation firestick. I don't know why I waited so long. I love it!,1,1572,positive,Device Reliability,upgraded from first generation | love it | waited so long,Significant improvement over first-generation Fire Stick exceeded expectations.
5,30-Jul-18,Configuration: Fire TV Stick,"This was a replacement of an older version of Fire Stick. I haven't tried the Alexa voice part of this remote yet, but it works great.",1,1573,positive,Voice Recognition | Device Reliability,replacement | works great | Alexa voice remote,"Device replacement functions well, though Alexa voice features remain untested."
5,30-Jul-18,Configuration: Fire TV Stick,I bought and love them. Alexa is very convenient.,1,1574,positive,Alexa Skills and Features,love them | Alexa very convenient,Device and Alexa functionality provide convenient control and entertainment.
5,30-Jul-18,Configuration: Fire TV Stick,"I don't have Alexa, but after getting this I'm feeling inspired to get one. I feel this is a good gateway and or Alexa trial, and liking it so far. Channels work just fine like Apple TV, just need to check if there is a phone app for a keyboard typing, because spelling things out on keyboard sucks for searching YouTube clips",1,1575,mixed,Alexa Skills and Features | Video and Streaming,gateway to Alexa | channels work fine | keyboard typing difficult,"Good Alexa introduction with working channels, but on-screen keyboard search is cumbersome."
5,30-Jul-18,Configuration: Fire TV Stick,I definitely like this product. Wanted to be able to watch Netflix on my tv! Easy to install!,1,1576,positive,Video and Streaming | Setup and Configuration,love this product | watch Netflix | easy to install,Easy installation enables Netflix viewing on TV with strong satisfaction.
5,30-Jul-18,Configuration: Fire TV Stick,Great product. So many features.,1,1577,positive,Alexa Skills and Features,great product | so many features,Product offers abundant features and overall great performance.
5,30-Jul-18,Configuration: Fire TV Stick,"I like to watch older shows, 70's and 80's, and the firestick gives me the opportunity to find those shows.",1,1578,positive,Video and Streaming,watch older shows | 70s and 80s | find those shows,Fire Stick enables access to vintage television programming from past decades.
5,30-Jul-18,Configuration: Fire TV Stick,I really like this product and the fact that I can get apps that I am unable to get on my smart tv,1,1579,positive,Alexa Skills and Features | Video and Streaming,like this product | get apps | unable on smart tv,Device provides access to apps unavailable on standard smart TVs.
5,30-Jul-18,Configuration: Fire TV Stick,Use it all the time and love it. Very quality product.,1,1580,positive,Device Reliability,use all the time | love it | very quality product,"Frequent daily use demonstrates reliable, high-quality performance."
5,30-Jul-18,Configuration: Fire TV Stick,I have used Roku & Mi Tv box. This fire TV stick is very similar. Easy to use.,1,1581,positive,Design and Appearance,similar to competitors | easy to use | familiar interface,Fire TV Stick is easy to use and comparable to other streaming devices.
5,30-Jul-18,Configuration: Fire TV Stick,We all just love the TV fire stick and I would buy it again.,1,1582,positive,,loved the product | would repurchase | satisfied,Customer loves the Fire TV Stick and would buy it again.
5,30-Jul-18,Configuration: Fire TV Stick,Worked as advertised !,1,1583,positive,Device Reliability,worked as advertised | reliable performance,Fire TV Stick performed exactly as advertised.
5,30-Jul-18,Configuration: Fire TV Stick,It works great. Better than the previous fire stick!,1,1584,positive,Device Reliability,works great | improved over previous model | better performance,Fire TV Stick works great and is better than the previous version.
5,30-Jul-18,Configuration: Fire TV Stick,"Very easy setup, and Alexa can be heard well and receive Very well.",1,1585,positive,Setup and Configuration | Voice Recognition,easy setup | Alexa voice clarity | reliable reception,Setup is very easy and Alexa voice recognition works well.
5,30-Jul-18,Configuration: Fire TV Stick,I like my Amazon Fire stick I use it for my TV thank you for your help when I called you to get further instructions how to use it thank you have a good evening,1,1586,positive,Setup and Configuration | Warranty and Support,easy to use | helpful customer support | good service,Fire TV Stick is easy to use with helpful customer support available.
5,30-Jul-18,Configuration: Fire TV Stick,Great ! It was the best decision ! Especially if you have Amazon Prime.,1,1587,positive,Price and Deals,great decision | best value | Amazon Prime integration,"Fire TV Stick is an excellent choice, especially for Amazon Prime users."
5,30-Jul-18,Configuration: Fire TV Stick,I love everything about the fire stick. It’s easy to use and Alexa makes it quicker to get to tv shows or music.,1,1588,positive,Alexa Skills and Features | Design and Appearance,loves everything | easy to use | Alexa convenience | quick access,Fire TV Stick is easy to use with Alexa providing quick content access.
5,30-Jul-18,Configuration: Fire TV Stick,Works great! Alexa finds all the goodies you could ask for!,1,1589,positive,Alexa Skills and Features | Device Reliability,works great | Alexa finds content | comprehensive options,Fire TV Stick works great with Alexa finding all requested content.
5,30-Jul-18,Configuration: Fire TV Stick,I was able to use this in another room and add Alexa in that room.,1,1590,positive,Smart Home Integration | Setup and Configuration,multi-room setup | Alexa expansion | easy installation,Fire TV Stick easily extends to additional rooms with Alexa integration.
5,30-Jul-18,Configuration: Fire TV Stick,"Works great, speed is fast. Exactly what we needed",1,1591,positive,Device Reliability,works great | fast speed | meets needs,Device works great with fast speed and meets customer needs.
5,30-Jul-18,Configuration: Fire TV Stick,This was just an additional one for my other TV. Loved it so much use it on the regular TV. Easy to set up and fairly easy to navigate. I don’t waste my money on regular TV cable or anything else. This is enough for me as I don’t watch too much TV.,1,1592,positive,Setup and Configuration | Video and Streaming,easy to set up | easy to navigate | loved it | cable alternative,"Easy setup and navigation, loved as cable alternative for TV streaming."
5,30-Jul-18,Configuration: Fire TV Stick,I love this! It’s user friendly and better than any streaming device we have previously used. I wish we had purchased sooner and purchased more of them.,1,1593,positive,Video and Streaming | Device Reliability,user friendly | better than previous devices | wish purchased sooner,User-friendly streaming device superior to previous models.
5,30-Jul-18,Configuration: Fire TV Stick,"My 90 year old Mom LOVES that she can watch the 1st Season of Blue Bloods ❤. My one wish is that she could watch CSI:MIAMI...without having to pay for it...😥 The bill for OPTIMUM is already, quite high. Can you help us? We live on Long Island, NY (Suffolk County )",1,1594,mixed,Video and Streaming | Alexa Skills and Features,loved watching Blue Bloods | wants CSI Miami access | high cable bill,Loves streaming capability but wishes more content were available without extra cost.
5,30-Jul-18,Configuration: Fire TV Stick,I ABSOLUTELY LOVE IT!!! It’s just what l needed and MORE!!! I didn’t realize that the remote included voice remote. HOW CONVENIENT!!!! I’m so glad that l made that purchase!!!!,1,1595,positive,Voice Recognition | Design and Appearance,absolutely love it | voice remote included | convenient | exceeded expectations,Exceeds expectations with convenient included voice remote.
5,30-Jul-18,Configuration: Fire TV Stick,"It’s better than I thought, it practically turns your regular tv into a smart tv!",1,1596,positive,Video and Streaming,better than expected | turns regular TV into smart TV,Transforms regular TV into smart TV better than expected.
5,30-Jul-18,Configuration: Fire TV Stick,"Lovee it! It has evrything I need it, now I cant even get my dad out of my room hahahaha... movie addicts.",1,1597,positive,Video and Streaming,loves it | has everything needed | movie addicts | engaging,Loved by movie enthusiasts with all needed streaming features.
5,30-Jul-18,Configuration: Fire TV Stick,Works great to watch youtube and amazin video,1,1598,positive,Video and Streaming,works great | YouTube | amazing video,Works great for YouTube and video streaming.
5,30-Jul-18,Configuration: Fire TV Stick,"Like it alots, something different than traditional television. The use of Alexa is nice too.",1,1599,positive,Voice Recognition | Video and Streaming,like it a lot | Alexa integration | different from traditional TV,Likes device and Alexa integration as alternative to traditional television.
5,30-Jul-18,Configuration: Fire TV Stick,Works well I have several of these recommend to anyone,1,1600,positive,Device Reliability,works well | multiple units | recommend to anyone,Works well and owner recommends to others.
5,30-Jul-18,Configuration: Fire TV Stick,"Awesome, wish I had gotten one sooner.",1,1601,positive,,wish had gotten sooner | awesome,Customer expresses strong satisfaction and regrets not purchasing earlier.
5,30-Jul-18,Configuration: Fire TV Stick,Works great no lag and is much better than the gen 1 devices I was using. I would recommend this if you have a 1rst gen and are tired of the lag and crashes.,1,1602,positive,Device Reliability,works great | no lag | better than gen 1 | no crashes,Device performs better than previous generation with improved reliability and speed.
5,30-Jul-18,Configuration: Fire TV Stick,Works great. Easy set up.,1,1603,positive,Setup and Configuration,works great | easy setup,Device works well with straightforward setup process.
5,30-Jul-18,Configuration: Fire TV Stick,Love it so easy to use,1,1604,positive,,love it | easy to use,Customer loves the device and finds it user-friendly.
5,30-Jul-18,Configuration: Fire TV Stick,I love the firestick ! It's easy to set up and use. It rarely stops to buffer and. It would be a bargain at twice the price.,1,1605,positive,Video and Streaming,easy setup | rarely buffers | great value | love it,"Device streams smoothly, easy to use, and exceptional value for money."
5,30-Jul-18,Configuration: Fire TV Stick,"I do like the Fire Stick and I’m very close to cutting the cable. I can find many movies and shows, while keeping my budget in check. I’m learning how to maneuver around the channels and find my shows quickly.",1,1606,positive,Video and Streaming,many movies and shows | budget-friendly | easy navigation,Device provides extensive content options and helps reduce cable costs effectively.
5,30-Jul-18,Configuration: Fire TV Stick,Simple install and love the voice activation,1,1607,positive,Setup and Configuration | Voice Recognition,simple install | voice activation | love it,Easy installation and voice control features make the device enjoyable.
5,30-Jul-18,Configuration: Fire TV Stick,We haven’t used it much yet. We like what we have used. My husband loves it.,1,1608,positive,,husband loves it | like what used | limited use,Family members enjoy what they have used so far.
5,30-Jul-18,Configuration: Fire TV Stick,very easy to set up and very easy to use,1,1609,positive,Setup and Configuration,very easy setup | very easy to use,Device offers simple setup and intuitive user interface.
5,30-Jul-18,Configuration: Fire TV Stick,"Once connected it brought so many options to view. We connected with quite a few of the channels.Must have,",1,1610,positive,Video and Streaming,many viewing options | connected channels | must have,Device provides numerous content options and channel connectivity.
5,30-Jul-18,Configuration: Fire TV Stick,Great product. Had a bit of a problem to download kodi but once it is done. You get all the movies Tv programs.,1,1611,positive,Video and Streaming | Alexa Skills and Features,kodi download | movies and TV programs | great product,Excellent device with extensive movie and TV content after initial setup.
5,30-Jul-18,Configuration: Fire TV Stick,Very impressed. Simple to use,1,1612,positive,Setup and Configuration,simple to use | impressed,User impressed by the device's ease of use.
5,30-Jul-18,Configuration: Fire TV Stick,Perfect for streaming our shows. Ditched cable and we are in love!,1,1613,positive,Video and Streaming,streaming shows | ditched cable | in love,"Perfect streaming replacement for cable, user is very satisfied."
5,30-Jul-18,Configuration: Fire TV Stick,Best streaming device on the market. I now own 3.,1,1614,positive,Video and Streaming,best streaming device | owns three units,Customer considers it the best streaming device and owns multiple units.
5,30-Jul-18,Configuration: Fire TV Stick,Great product. Love the larger remote! Great deal!,1,1615,positive,Design and Appearance | Price and Deals,larger remote | great deal | great product,User loves the larger remote and considers the price an excellent deal.
5,30-Jul-18,Configuration: Fire TV Stick,This thing is awesome. We watch it more then the regular cable. Going to by more on Black Friday as Christmas gifts.,1,1616,positive,Video and Streaming | Gift Purchase,awesome device | watches more than cable | Black Friday gifts,Customer uses it more than cable and plans to buy more as Christmas gifts.
5,30-Jul-18,Configuration: Fire TV Stick,Love all the options with the fire tv stick!Works great!,1,1617,positive,Alexa Skills and Features | Video and Streaming,many options | works great | fire TV stick,Device offers great functionality and performance with multiple options.
4,30-Jul-18,Configuration: Fire TV Stick,The menu''s are cumbersome to get your apps set up.,1,1618,negative,Setup and Configuration,cumbersome menus | difficult app setup,Menu navigation is cumbersome and makes app setup difficult.
2,30-Jul-18,Configuration: Fire TV Stick,"I’m very unhappy with this Firestick, every time we change programs or channels within a program there is a very long delay. We have 2 Roku’s That work just fine and are very quick.",0,1619,negative,Device Reliability,very long delays | program changes slow | Roku comparison,Device experiences significant delays when changing programs compared to Roku.
2,30-Jul-18,Configuration: Fire TV Stick,"Had to return it as Hulu does not work on device. It kept coming up with errors, and Hulu app not being able to open at times. It was hit and miss, and at times, Hulu will stop working right in the middle of a show or movie. Plus fire stick is very slow in opening the apps.",0,1620,negative,Video and Streaming | Device Reliability,Hulu errors | app crashes | slow performance | unreliable,"Hulu app fails frequently, device is slow, and apps crash during playback."
5,30-Jul-18,Configuration: Fire TV Stick,I love my amazon sticks,1,1621,positive,,love amazon sticks,Customer expresses satisfaction with their Amazon Sticks.
5,30-Jul-18,Configuration: Fire TV Stick,I like being able to watch pretty much anything I want at anytime. Works great!,1,1622,positive,Video and Streaming,watch anything anytime | works great,Device streams content reliably and offers extensive viewing options.
5,30-Jul-18,Configuration: Fire TV Stick,I love my fire stick. It is so easy to use.,1,1623,positive,Setup and Configuration,love fire stick | easy to use,Customer loves their Fire Stick for its ease of use.
1,30-Jul-18,Configuration: Fire TV Stick,The Firestick we were sent doesn’t work. At all. Voice remote won’t even turn on. We did all the troubleshooting steps. Didn’t work. Contacted Amazon. They sent us a new one - with no remote/no way to control it! We gave up and got a Roku (which works great!),0,1624,negative,Device Reliability | Warranty and Support,doesn't work | voice remote won't turn on | replacement had no remote,Device failed to work and replacement was unusable; customer switched to Roku.
5,30-Jul-18,Configuration: Fire TV Stick,Just the perfect cost effective solution. Thank you Amazon.,1,1625,positive,Price and Deals,perfect | cost effective solution,Customer appreciates the device as an affordable solution.
4,30-Jul-18,Configuration: Fire TV Stick,Firestick easy to use and I enjoyed it.,1,1626,positive,Setup and Configuration,easy to use | enjoyed it,Customer finds the Fire Stick easy to use and enjoyable.
5,30-Jul-18,Configuration: Fire TV Stick,i do wish the dot could connect to the fire stick but both products still worked flawlessly,1,1627,mixed,Smart Home Integration | Device Reliability,dot couldn't connect to fire stick | worked flawlessly,Products work reliably but lack desired integration between devices.
1,30-Jul-18,Configuration: Fire TV Stick,"My old amazon fire stick kept crashing when using Sling TV.I bought this one thinking the old one was defective.This one is doing the same thing. When going back into Sling, it starts up where I left off in the program.",0,1628,negative,Device Reliability | Video and Streaming,kept crashing | Sling TV crashes | same defect on new unit,Both Fire Sticks crash when using Sling TV application.
1,30-Jul-18,Configuration: Fire TV Stick,Ordered 2 on deal day. 1 doesn’t work and 2 nd just went down after 2 days 😏,0,1629,negative,Device Reliability | Price and Deals,deal day purchase | one doesn't work | second failed after two days,Both units purchased on sale failed quickly; one never worked.
5,30-Jul-18,Configuration: Fire TV Stick,"Love my fire stick and remote, so easy to set up and use. Endless amounts of apps to download! Used it with my smart tv and it’s 100X better than the features smart TVs offer",1,1630,positive,Setup and Configuration | Alexa Skills and Features | Video and Streaming,love fire stick | easy setup | endless apps | better than smart TV,"Fire Stick offers easy setup, extensive apps, and superior features to built-in smart TV software."
5,30-Jul-18,Configuration: Fire TV Stick,Great easy to set up.A little difficult to navigate and the instructions are non existent,1,1631,mixed,Setup and Configuration,easy to set up | difficult to navigate | instructions missing,Easy setup but navigation is confusing and instructions are lacking.
4,30-Jul-18,Configuration: Fire TV Stick,Fun taking to the TV. Works good. It’s a little confusing moving around the programs.,1,1632,mixed,,works good | confusing navigation | program switching,Device works well but navigating between programs is confusing.
3,30-Jul-18,Configuration: Fire TV Stick,That it doesn’t turn my television on or off.,1,1633,negative,Smart Home Integration,cannot turn TV on or off | smart home control failure,Device cannot control television power on or off.
5,30-Jul-18,Configuration: Fire TV Stick,"I loved how easy this was to install sry up, and use! Simply amazing. So amazing we bought two!This allowed us to officially ""CUT THE CABLE CORD"".Love it!",1,1634,positive,Setup and Configuration | Video and Streaming,easy to install and use | cut cable cord | purchased two,Extremely easy setup and use enabled cutting cable service successfully.
4,30-Jul-18,Configuration: Fire TV Stick,I expected to have access to more current movie instead of having to pay. The easy setup was helpful and I love the speedy delivery.,1,1635,mixed,Setup and Configuration | Video and Streaming,easy setup | limited current movies | pay for content | fast delivery,Setup and delivery were good but current movie selection requires payment.
5,30-Jul-18,Configuration: Fire TV Stick,"Works great! I recommend it to anyone who has prime, WiFi and an hdm1 tv. That’s all u need. I’m not really technologically savvy but even I was able to set it up with included and on screen directions.",1,1636,positive,Setup and Configuration | Device Reliability,works great | easy setup with directions | requires Prime and WiFi,Device works great with easy setup and on-screen directions included.
5,30-Jul-18,Configuration: Fire TV Stick,I love that you can watch Bob Dylan’s movies,1,1637,positive,Video and Streaming,Bob Dylan movies available | content library,Pleased with availability of Bob Dylan movies on the device.
5,30-Jul-18,Configuration: Fire TV Stick,Love the Alexa feature. Firestick is working just fine.,1,1638,positive,Alexa Skills and Features | Device Reliability,Alexa feature | working well | functional,Alexa feature and device functioning properly.
5,30-Jul-18,Configuration: Fire TV Stick,Very easy to install. Very intuitive to use. Very happy with the purchase.,1,1639,positive,Setup and Configuration,very easy to install | intuitive to use | very happy,Installation was easy and device is very intuitive to use.
2,30-Jul-18,Configuration: Fire TV Stick,"I don't like how I cannot load my Hulu account, it is also very slow. I know it is not my Internet connection because I have an Xbox One that works just fine, but my Fire TV Stick takes forever to load anything.",0,1640,negative,Device Reliability | Wi-Fi Connectivity,cannot load Hulu | very slow | takes forever to load,Device is very slow to load content despite good internet connection.
5,30-Jul-18,Configuration: Fire TV Stick,Amazing for all your entertainment needs!,1,1641,positive,Video and Streaming,entertainment needs | amazing,Great device for entertainment purposes.
2,30-Jul-18,Configuration: Fire TV Stick,"It's constantly buffering, to the point where you can't watch anything without interruption. I purchased on Prime Day plus I used rewards to pay for it, so in the end I paid next to nothing. If I had paid full price for it I might want my money back. We stopped trying to use it and went back to our old streaming device. I know our internet service is not the issue because we do not have this problem with any other devices that we stream from.",0,1642,negative,Video and Streaming | Device Reliability,constant buffering | interruption | unwatchable | streaming issues,Device constantly buffers and interrupts streaming despite adequate internet speed.
5,30-Jul-18,Configuration: Fire TV Stick,"I didn’t realize it needed an external power source in order to utilize the fire stick. I thought it was more along the lines of a flash drive device you Singley plugged into your tv. However, since using my amazon fire stick I have enjoyed every moment of it and would definitely recommend this product to any and all.",1,1643,positive,Setup and Configuration | Battery and Power,external power source | easy setup | enjoyable experience,Initially surprised about power requirements but now enjoys and recommends the device.
5,30-Jul-18,Configuration: Fire TV Stick,Easy to install and operate. Works with Alexa voice commands.,1,1644,positive,Setup and Configuration | Voice Recognition | Alexa Skills and Features,easy install | easy operate | Alexa voice commands,Device is easy to install and works well with Alexa voice commands.
4,30-Jul-18,Configuration: Fire TV Stick,"This was a Prime Day purchase. I'm still learning my way around it. So far, so good. The addition of Alexa is nice.",1,1645,positive,Alexa Skills and Features | Price and Deals,Prime Day purchase | learning curve | Alexa enabled,Prime Day purchase going well so far with helpful Alexa integration.
5,30-Jul-18,Configuration: Fire TV Stick,I love how it is Alexa enabled. I just say the show I want to watch and &#34;she&#34; knows how and where to find it for me!,1,1646,positive,Alexa Skills and Features | Voice Recognition,Alexa enabled | voice commands | automatic show finding,Loves Alexa's ability to find and play shows through voice commands.
5,30-Jul-18,Configuration: Fire TV Stick,Super easy to set up. Easy to use. Lots of app options available.,1,1647,positive,Setup and Configuration | Video and Streaming,easy setup | easy use | app options,Simple setup and operation with numerous available apps.
5,30-Jul-18,Configuration: Fire TV Stick,"The first stick is a solid, entry level, device and does what it's supposed to do.",1,1648,positive,Device Reliability,solid device | entry level | does what intended,Solid entry-level device that performs its intended functions.
5,30-Jul-18,Configuration: Fire TV Stick,"Works fine, I wanted this for my bedroom television.",1,1649,positive,Device Reliability,works fine | bedroom television,Works fine for bedroom television use.
4,30-Jul-18,Configuration: Fire TV Stick,Does not work with you tube tv,1,1650,negative,Video and Streaming,YouTube TV incompatible,Device does not work with YouTube TV.
5,30-Jul-18,Configuration: Fire TV Stick,Easy to set up; Easy to use!,1,1651,positive,Setup and Configuration,easy to set up | easy to use,The device is straightforward to set up and use.
5,30-Jul-18,Configuration: Fire TV Stick,I love all the viewing choices on FIRE STICK!,1,1652,positive,Video and Streaming,viewing choices | FIRE STICK,Customer loves the variety of viewing options available.
5,30-Jul-18,Configuration: Fire TV Stick,This is my 2nd fire TV stick with Alexa I have been very happy with my first one love that you can use so many apps with it. Big 👍,1,1653,positive,Alexa Skills and Features,second device | many apps | very happy,Customer is satisfied with this second Fire TV Stick and its app compatibility.
5,30-Jul-18,Configuration: Fire TV Stick,"Love the Firestick! My kids love that they can talk to Alexa and get the weather, local news, etc.",1,1654,positive,Alexa Skills and Features,kids love it | talk to Alexa | weather and news,Family enjoys using Alexa voice commands for weather and news access.
4,30-Jul-18,Configuration: Fire TV Stick,It offers hours of entertainment and it was very easy to install and activate 👍,1,1655,positive,Setup and Configuration | Video and Streaming,hours of entertainment | easy to install | easy to activate,Device provides entertainment and installs easily with simple activation.
5,30-Jul-18,Configuration: Fire TV Stick,amazon fire stick is amazing !!!,1,1656,positive,,amazing | fire stick,Customer thinks the Fire Stick is amazing.
4,30-Jul-18,Configuration: Fire TV Stick,I have 2 of them the one I have to reset it at least once a week or so some times twice,1,1657,negative,Device Reliability,reset weekly | twice a week | stability issues,"Device requires frequent resets, occurring once or twice weekly."
5,30-Jul-18,Configuration: Fire TV Stick,Awesome product more than expected,1,1658,positive,,awesome product | exceeded expectations,Product exceeded customer expectations.
2,30-Jul-18,Configuration: Fire TV Stick,I don’t like that it goes into sleep mode after 20-30 minutes of “inactivity”. I shouldn’t have to “wake up” the fire tv to finish watching a show.,0,1659,negative,Device Reliability,sleep mode | inactivity | wake up required,Device enters sleep mode too quickly during viewing and requires wake-up.
5,30-Jul-18,Configuration: Fire TV Stick,availability of movies and nothing I don't like,1,1660,positive,Video and Streaming,availability of movies | nothing to dislike,Customer appreciates the movie availability and has no complaints.
5,30-Jul-18,Configuration: Fire TV Stick,"Very satisfied, easy setup. Great product. Highly recommend.",1,1661,positive,Setup and Configuration,very satisfied | easy setup | great product,Customer is very satisfied with the product and its simple setup process.
5,30-Jul-18,Configuration: Fire TV Stick,We like it better than Roku. Voice commands really work.,1,1662,positive,Voice Recognition,better than Roku | voice commands work | satisfied,Customer prefers this device over Roku and praises its effective voice commands.
5,30-Jul-18,Configuration: Fire TV Stick,"Easy setup, works flawlessly!",1,1663,positive,Setup and Configuration | Device Reliability,easy setup | works flawlessly | reliable,Device setup is straightforward and performance is flawless.
5,30-Jul-18,Configuration: Fire TV Stick,Easy to hook up. Wish I knew all its capabilities,1,1664,mixed,Setup and Configuration | Alexa Skills and Features,easy to hook up | wish knew capabilities | learning curve,Setup is easy but customer wishes they had known about all its features upfront.
4,30-Jul-18,Configuration: Fire TV Stick,It was easy to use for our bedroom TV.,1,1665,positive,Setup and Configuration,easy to use | bedroom TV | satisfied,Customer found the device easy to use for their bedroom television.
5,30-Jul-18,Configuration: Fire TV Stick,"I used Chromecast before this, it was okay. But I love the FireStick. Works great, doesn’t lag. Would recommend!",1,1666,positive,Device Reliability,better than Chromecast | works great | no lag | would recommend,Customer prefers FireStick over Chromecast for its reliable performance and lack of lag.
5,30-Jul-18,Configuration: Fire TV Stick,I bought this fire stick for another TV! No more arguments about what to watch!,1,1667,positive,Alexa Skills and Features,bought for another TV | no more arguments | family friendly,Customer purchased a second device and appreciates it for family entertainment resolution.
1,30-Jul-18,Configuration: Fire TV Stick,"I liked it until on day after a year it no longer worked, would not power up and go past the firestick logo on tv. Bought a second one, will not buy a third if this one doesn't last longer....",0,1668,negative,Device Reliability | Warranty and Support,stopped working after year | would not power up | reliability concerns,Device failed after one year and customer worries about durability of replacements.
5,30-Jul-18,Configuration: Fire TV Stick,We love our fire stick!! The Alexa voice control is fantastic for my younger kids!!,1,1669,positive,Voice Recognition | Alexa Skills and Features,love it | Alexa voice control | works for kids | fantastic,"Customer loves the device, especially Alexa voice control for their younger children."
5,30-Jul-18,Configuration: Fire TV Stick,Setup was easy and usage was intuitive. I've used it away from home and it works great.,1,1670,positive,Setup and Configuration | Device Reliability,easy setup | intuitive usage | works away from home | portable,"Setup is easy, interface is intuitive, and device works reliably outside the home."
5,30-Jul-18,Configuration: Fire TV Stick,I really love that all my apps are in one spot,1,1671,positive,Alexa Skills and Features,apps in one spot | centralized access | convenience,Reviewer appreciates having all apps conveniently organized in one location.
5,30-Jul-18,Configuration: Fire TV Stick,I love the number of movies that are available using this device. Took me a little time to setup and learn how to work it. The only thing I miss is local channels.,1,1672,mixed,Video and Streaming | Setup and Configuration,many movies available | setup time required | missing local channels,"Good movie selection and setup possible, but lacks local channels and had learning curve."
5,30-Jul-18,Configuration: Fire TV Stick,Love that the fire stick allows me enough choices to ditch cable!,1,1673,positive,Video and Streaming,ditched cable | streaming options | flexibility,Fire Stick provides enough streaming choices to replace cable subscription.
5,30-Jul-18,Configuration: Fire TV Stick,Plenty of options to choose from!,1,1674,positive,Video and Streaming,plenty of options | variety of choices,Reviewer is satisfied with the wide range of content options available.
5,30-Jul-18,Configuration: Fire TV Stick,It worked as a charmed.,1,1675,positive,Device Reliability,worked perfectly | reliable performance,Device performed exactly as expected without issues.
5,30-Jul-18,Configuration: Fire TV Stick,I love it . Easy set up as well,1,1676,positive,Setup and Configuration,easy setup | user-friendly,Reviewer loves the device and found setup process straightforward.
5,30-Jul-18,Configuration: Fire TV Stick,I love how fast you get a respond from Alexa.Also easy to find any thing you are looking forjust speak in to the remote.,1,1677,positive,Voice Recognition | Alexa Skills and Features,fast Alexa response | voice control remote | easy to search,Alexa responds quickly and voice search makes finding content simple.
5,30-Jul-18,Configuration: Fire TV Stick,Extremely easy to use! Switched away from directv and use it to stream T.V.,1,1678,positive,Setup and Configuration | Video and Streaming,easy to use | replaced directv | streaming TV,Very user-friendly device that successfully replaced traditional cable service.
1,30-Jul-18,Configuration: Fire TV Stick,It don’t show nothing,0,1679,negative,Screen and Display | Device Reliability,no display | not working | blank screen,Device fails to display anything or function properly.
5,30-Jul-18,Configuration: Fire TV Stick,"Works great, some of the apps will start buffering but it’s probably my internet. Love the Alexa voice control.",1,1680,positive,Device Reliability | Voice Recognition | Video and Streaming,works great | occasional buffering | Alexa voice control,Overall excellent performance with minor buffering issues and great Alexa control.
4,30-Jul-18,Configuration: Fire TV Stick,"It does what it says it will do. The picture quality is better than what I have been receiving on cable TV. Only downside is if you pause the movie for more than a couple minutes it takes a long time to come back on and you often get a message that your internet speed is too slow (I'm clocking 300 mb at my house on a good day). Also, voice command through Alexia doesn't work well, but that could be operator error. All in all, for $20 you can't beat it.",1,1681,mixed,Video and Streaming | Voice Recognition | Wi-Fi Connectivity | Price and Deals,picture quality better than cable | pause buffering issues | slow internet messages | voice command unreliable | good value at $20,"Good picture quality and value, but pausing causes delays and voice commands are unreliable."
2,30-Jul-18,Configuration: Fire TV Stick,"Very disappointed when we had to mandatory upgrade and when we final got done with the upload, we had lost our local Charlotte NC channels (which are pur news and weather also) (CBS, NBC, ABC) and 2 days later was Amazon day with discounts on what we had JUST ordered.",0,1682,negative,Setup and Configuration,mandatory upgrade | lost local channels | Charlotte NC channels missing | lost news and weather,Mandatory upgrade caused loss of local news and weather channels.
5,30-Jul-18,Configuration: Fire TV Stick,Second one for my house. This is great...I am not tech oriented and all I have to do is hold down a button and talk. Now I am watching tv too much! LOL!,1,1683,positive,Voice Recognition | Alexa Skills and Features | Design and Appearance,second purchase | easy to use | simple voice control | not tech oriented | addictive entertainment,Easy-to-use device with simple voice control that encourages frequent viewing.
5,30-Jul-18,Configuration: Fire TV Stick,"I love this thing! The Alexa feature makes it so easy to find what you want no matter which streaming service has it. No more searching Netflix then Amazon etc to see if either has your show, Alexa finds it for you!",1,1684,positive,Alexa Skills and Features | Video and Streaming,Alexa finds content | searches multiple services | easy discovery | convenient feature,Alexa's cross-service search feature makes finding content convenient and effortless.
3,30-Jul-18,Configuration: Fire TV Stick,I feel that the voice feature is useless. Lots of channels to stream though.,1,1685,mixed,Voice Recognition | Video and Streaming,voice feature useless | many streaming channels | poor voice functionality,"Many streaming options available, but voice feature does not work well."
1,30-Jul-18,Configuration: Fire TV Stick,Garbage...Even trying to watch Amazon Prime Video this piece of garbage looses internet connection half way thru a show. The cheapest Roku works 100 time better. DO not waste your time or money on this piece of garbage.,0,1686,negative,Wi-Fi Connectivity | Video and Streaming | Device Reliability,loses internet connection | streaming interruptions | poor reliability | compared unfavorably to Roku,"Frequently loses internet connection during streaming, making it unreliable."
5,30-Jul-18,Configuration: Fire TV Stick,Love the fire stick. Alexa works well on it too. Would recommend.,1,1687,positive,Alexa Skills and Features,love the device | Alexa works well | would recommend,Satisfied with the Fire Stick and its Alexa functionality.
5,30-Jul-18,Configuration: Fire TV Stick,"Just getting started with the Fire TV Stick. So far, so good.",1,1688,positive,Video and Streaming,getting started | positive initial experience | promising,Early experience with the device is positive so far.
5,30-Jul-18,Configuration: Fire TV Stick,"Easy to set up, lots of things to watch and program in. Have not even gotten that far into it yet. Easy to use. Highly recommended. Leaning more and more closer to cutting the cable cord for good.",1,1689,positive,Setup and Configuration | Video and Streaming,easy setup | lots of content | easy to use | cutting cable cord | highly recommended,"Easy setup and use with abundant content options, encouraging cord-cutting consideration."
5,30-Jul-18,Configuration: Fire TV Stick,"This is my second Firestick, I a very pleased with the ease of use.",1,1690,positive,Design and Appearance,second purchase | ease of use | very pleased | repeat customer,Repeat customer very satisfied with the device's ease of use.
2,30-Jul-18,Configuration: Fire TV Stick,I would not recommend this to anyone. It won't load netflix or if it does on rare occasion it won't run the program all the way thru. It tells you the we are unable to process this title at this time. Try again later. It is not the Netflix site cause I can stream it just fine on my computer. Its the Firestick. very disappointing.,0,1691,negative,Video and Streaming | Device Reliability,Netflix won't load | program won't run through | error messages | device issue not site,Firestick fails to stream Netflix properly despite working fine on other devices.
5,30-Jul-18,Configuration: Fire TV Stick,I like when thete nothing to watch on tv I can run to my firestick.,1,1692,positive,Video and Streaming,convenient entertainment option | always available,Convenient device to use when there is nothing else to watch on television.
5,30-Jul-18,Configuration: Fire TV Stick,Easy to install and use.,1,1693,positive,Setup and Configuration,easy installation | straightforward setup,Device is easy to install and use.
5,30-Jul-18,Configuration: Fire TV Stick,Thank you! Great Product!,1,1694,positive,,great product | satisfied customer,Customer expresses gratitude and satisfaction with the product.
5,30-Jul-18,Configuration: Fire TV Stick,Purchased this for the Man cave and loving it.,1,1695,positive,Gift Purchase,man cave setup | enjoying the purchase,Purchaser is happy with the device for their man cave entertainment.
2,30-Jul-18,Configuration: Fire TV Stick,las películas no tiene o no se pueden cambiar a español o títulos en español,0,1696,negative,Video and Streaming,Spanish language unavailable | content limitation | language options missing,Spanish-language movies and titles are unavailable or cannot be changed to Spanish.
5,30-Jul-18,Configuration: Fire TV Stick,Easy to install. Up and running in minutes.,1,1697,positive,Setup and Configuration,easy installation | quick setup | minutes to run,Device is easy to install and becomes operational within minutes.
2,30-Jul-18,Configuration: Fire TV Stick,Was excited to try this on my new Element TV. Unfortunately even though my TV is 5 feet away from my router i get maddening disconnections and buffering. Thought this little device was supposed to take care of that issue. It didn’t!,0,1698,negative,Wi-Fi Connectivity | Device Reliability,frequent disconnections | buffering issues | connectivity problems,Device experiences constant disconnections and buffering despite being close to router.
5,30-Jul-18,Configuration: Fire TV Stick,"Easy to use, all your favorite programs. All inclusive, nothing else to buy.",1,1699,positive,Video and Streaming | Alexa Skills and Features,easy to use | favorite programs | all inclusive no extra cost,Device is easy to use with all favorite programs included at no additional cost.
5,30-Jul-18,Configuration: Fire TV Stick,"as of now,i love everything about it",1,1700,positive,,loves everything | satisfied overall,Customer loves everything about the device so far.
5,30-Jul-18,Configuration: Fire TV Stick,Powerful little stick,1,1701,positive,Design and Appearance,powerful | compact | stick format,User praises the device for being powerful despite its small size.
5,30-Jul-18,Configuration: Fire TV Stick,"Superb is all we can say. Plugged the unit in, set up the HDMI and boom, we were watching better TV. Thank you.",1,1702,positive,Setup and Configuration | Video and Streaming,easy setup | improved picture quality | HDMI connection,Simple setup and immediate improvement to TV viewing quality impressed the user.
5,30-Jul-18,Configuration: Fire TV Stick,It's like having your tv as a big tablet,1,1703,positive,Video and Streaming,tablet-like experience | TV functionality,User appreciates the tablet-like interactive experience the device provides.
5,30-Jul-18,Configuration: Fire TV Stick,I am very pleased with the Fire Stick.,1,1704,positive,,very pleased | Fire Stick satisfaction,User expresses overall satisfaction with the Fire Stick.
5,30-Jul-18,Configuration: Fire TV Stick,"works good, ni issues",1,1705,positive,Device Reliability,works well | no issues | reliable,Device functions reliably with no reported problems.
5,30-Jul-18,Configuration: Fire TV Stick,great price great product fire stick is the best i think works better then roku.,1,1706,positive,Price and Deals,great price | great product | outperforms Roku,User considers it an excellent value that surpasses competing streaming devices.
5,30-Jul-18,Configuration: Fire TV Stick,Love how I can take it on vacation and use it. Very easy to set up.,1,1707,positive,Setup and Configuration | Design and Appearance,portable | vacation-ready | easy setup,Portable design and simple setup make it ideal for travel use.
5,30-Jul-18,Configuration: Fire TV Stick,"As a user of Chromecast for years I have to say that the Firestick is a nice upgrade. I really like that I can download all the apps for different media sources like HBO, Showtime, etc. that I have free access to from my cable account but with the Firestick I get a better picture and can go directly to the shows I want to see. The downside was the time it took to download all the apps and set them up, but the good thing is that the setup is a onetime procedure.",1,1708,mixed,Video and Streaming | Setup and Configuration,upgrade from Chromecast | better picture quality | app download time lengthy | app variety,"Superior streaming quality and app selection, but initial setup is time-consuming."
5,30-Jul-18,Configuration: Fire TV Stick,Currently own 3 Chromecast devices and tge Fire Stick is superior to them. We are so pleased that we can watch programs on Netflix and Prime without a smart phone or computer. Very easy to install and use!,1,1709,positive,Video and Streaming | Setup and Configuration,superior to Chromecast | Netflix and Prime access | easy installation,User prefers it over Chromecast for convenient streaming without additional devices.
1,30-Jul-18,Configuration: Fire TV Stick,Menu doesn’t work. Says it can’t connect to amazon network,0,1710,negative,Device Reliability | Wi-Fi Connectivity,menu malfunction | Amazon network connection failure,"Device fails to connect to Amazon network, preventing normal operation."
1,30-Jul-18,Configuration: Fire TV Stick,I would love this remote if i wasnt spending so much money replacing the batteries. Its upsetting that i spent money on such a great device all for the batteries not to last.,0,1711,negative,Battery and Power,frequent battery replacement | short battery life | expensive upkeep,Great device compromised by batteries that drain too quickly and cost too much to replace.
5,30-Jul-18,Configuration: Fire TV Stick,"This was purchased for our toy hauler, but it came the day before we left for a trip by plane. It was wonderful to plug into our hotel TV and watch our normal tv shows rather than whatever was showing at the time and sit through commercials.",1,1712,positive,Video and Streaming,convenient travel entertainment | hotel TV access | avoided commercials,"Excellent for traveling, providing familiar streaming content without commercials in hotel rooms."
5,30-Jul-18,Configuration: Fire TV Stick,"Already had a firestick in our livingroom, great entertainment, had to get one for the bedroom.",1,1713,positive,Video and Streaming,great entertainment | multiple room setup | bedroom viewing,"Satisfied customer purchased second unit after enjoying first, confirming reliable performance."
1,30-Jul-18,Configuration: Fire TV Stick,Purchased to use on the road in my semi. Does not work in that application.,0,1714,negative,Device Reliability,mobile use failure | semi truck incompatibility | not functional,Device does not work reliably for use in a moving vehicle like a semi truck.
5,30-Jul-18,Configuration: Fire TV Stick,I love my fire stick thank you so much,1,1715,positive,Video and Streaming,love the product | satisfied customer | appreciative,Customer expresses strong satisfaction and appreciation for the Fire Stick.
5,30-Jul-18,Configuration: Fire TV Stick,Easy to set-up! I am enjoying the added video choices for my television.,1,1716,positive,Setup and Configuration | Video and Streaming,easy setup | expanded entertainment options | television viewing,Simple setup process with access to expanded video streaming choices for television.
5,30-Jul-18,Configuration: Fire TV Stick,"The installation and connection to my Wi-Fi was so easy! Getting the Amazon Prime and Netflix going was a breeze. I have not used a voice remote before. That was amazing (yes, I am old school). I will be reviewing more features and options as I have time, but I am very excited to own such a product that lives up to the all the great things I have read and heard.",1,1717,positive,Setup and Configuration | Wi-Fi Connectivity | Voice Recognition | Alexa Skills and Features,easy installation | seamless Wi-Fi connection | amazing voice remote | Prime and Netflix,"Exceptional experience with effortless setup, Wi-Fi connectivity, and impressive voice remote features."
4,30-Jul-18,Configuration: Fire TV Stick,"I like this product. However, the set up was a bit difficult. I had to reset it to the factory setting abd start from scratch.",1,1718,mixed,Setup and Configuration,product satisfaction | difficult setup process | factory reset required,Likes the product but experienced setup difficulties requiring factory reset and reconfiguration.
5,30-Jul-18,Configuration: Fire TV Stick,I loved the I can use voice to make a request. I use it for music and movies.,1,1719,positive,Voice Recognition | Alexa Skills and Features,voice control | music requests | movie streaming,Loves voice command functionality for accessing music and movies.
5,30-Jul-18,Configuration: Fire TV Stick,Very easy to install and am excited to use!,1,1720,positive,Setup and Configuration,easy installation | excited to use | simple process,Very satisfied with straightforward installation and eager to explore product features.
5,30-Jul-18,Configuration: Fire TV Stick,"so far, so good, works great.",1,1721,positive,Device Reliability,works great | satisfied so far,Device works great and functions as expected.
5,30-Jul-18,Configuration: Fire TV Stick,"Great device, I'm cutting my cable and watching the channels I want. If I want to add an app like CBS I can just pay a little extra and get it.",1,1722,positive,Alexa Skills and Features | Price and Deals,cutting cable | flexible app options | affordable add-ons,Great device for cord-cutting with affordable app subscriptions.
5,30-Jul-18,Configuration: Fire TV Stick,"Everything about it is great, love the Alexa voice remote",1,1723,positive,Voice Recognition | Design and Appearance,Alexa voice remote | great overall | love it,Excellent device with a great Alexa voice remote.
5,30-Jul-18,Configuration: Fire TV Stick,Works like a charm...,1,1724,positive,Device Reliability,works perfectly | charming performance,Device works perfectly and performs reliably.
5,30-Jul-18,Configuration: Fire TV Stick,Thought it was pretty cool new to streaming thing seemed easy to use,1,1725,positive,Setup and Configuration,easy to use | cool new product | intuitive,Easy-to-use streaming device that works intuitively.
4,30-Jul-18,Configuration: Fire TV Stick,"Super-Easy setup, only issue i find is that it occasionally loses connection with household network.",1,1726,mixed,Setup and Configuration | Wi-Fi Connectivity,super-easy setup | network connection drops | occasional disconnects,Easy setup but occasionally loses household network connection.
5,30-Jul-18,Configuration: Fire TV Stick,Turned our old TV into a smart TV. Really easy interface. Have bought 4 now.,1,1727,positive,Setup and Configuration | Design and Appearance,smart TV conversion | easy interface | repurchased multiple times,Easy-to-use interface that upgraded old TVs; customer bought four units.
5,30-Jul-18,Configuration: Fire TV Stick,"Easy set up, works perfect.",1,1728,positive,Setup and Configuration | Device Reliability,easy setup | perfect performance,Easy setup with perfect performance.
5,30-Jul-18,Configuration: Fire TV Stick,This is an awesome product. I wanted to test out the differences between this and my Roku and both are very nice. I will likely be using this for traveling as well.,1,1729,positive,Device Reliability,awesome product | comparable to Roku | portable for travel,"Awesome device comparable to Roku, suitable for travel use."
1,30-Jul-18,Configuration: Fire TV Stick,"Seems to work ok, but no youtube tv? Really? can't believe they would ban an app that so many people want to use. I really wanted to like it, but when I couldn't install that particular app it became almost useless, almost. Does most other stuff just fine, but I'll stick with my Roku.",0,1730,negative,Alexa Skills and Features,no YouTube TV | app banned | limited compared to Roku,Missing YouTube TV app makes device nearly useless despite basic functionality.
5,30-Jul-18,Configuration: Fire TV Stick,This thing is great if you have internet and amazon prime.,1,1731,positive,Alexa Skills and Features,works with internet | Amazon Prime integration | dependent on connectivity,Device works well when internet and Prime membership are available.
5,30-Jul-18,Configuration: Fire TV Stick,"Easy set up, nice looking interface and I like the new slightly larger remote. I have a 1st Gen with the little remote and misplace it all the time. And great price!",1,1732,positive,Setup and Configuration | Design and Appearance | Price and Deals,easy setup | nice interface | larger remote | great price,"Easy setup, attractive interface, improved remote design, and competitive pricing."
5,30-Jul-18,Configuration: Fire TV Stick,Great product and easy to use,1,1733,positive,Alexa Skills and Features,great product | easy to use,Great product that is straightforward and simple to use.
5,30-Jul-18,Configuration: Fire TV Stick,"Great gadget that installs, and works easily. Nice to not have another box taking up space too!",1,1734,positive,Setup and Configuration | Design and Appearance,easy installation | compact form factor | space-saving design,Device installs easily and takes minimal space compared to traditional boxes.
5,30-Jul-18,Configuration: Fire TV Stick,Excellent product and service. Very easy to install and my daughter is very happy.,1,1735,positive,Setup and Configuration | Warranty and Support,excellent product | excellent service | easy install | daughter happy,Product and service are excellent with easy installation and satisfied user.
5,30-Jul-18,Configuration: Fire TV Stick,Being able to use it with my Alexa Echo was great!,1,1736,positive,Smart Home Integration,Alexa Echo compatibility | smart home integration,Device integrates well with Alexa Echo ecosystem.
5,30-Jul-18,Configuration: Fire TV Stick,Easy to use and fast setup,1,1737,positive,Setup and Configuration,easy to use | fast setup,Device is easy to use with quick setup time.
5,31-Jul-18,Black  Dot,"I set her up to play through our home theater system. So fat we are just using her for weather forecasts, cooking timers, and we really enjoy the music!",1,1738,positive,Alexa Skills and Features | Sound Quality,home theater integration | weather forecasts | cooking timers | music playback,"Integrates with home theater and handles weather, timers, and music well."
5,31-Jul-18,White  Dot,Small device that my kids like to ask questions. Very handy friendly interactive,1,1739,positive,Alexa Skills and Features | Design and Appearance,compact size | kids enjoy | interactive | user-friendly,"Small, user-friendly device that children enjoy for asking questions."
5,31-Jul-18,Black  Dot,I like that it responds every time. It was easy to set up. I'm still learning what I can do with it. I may like a better speaker more.,1,1740,mixed,Voice Recognition | Setup and Configuration | Sound Quality,reliable voice recognition | easy setup | limited speaker quality | learning curve,"Reliable voice recognition and setup, but speaker quality could be improved."
4,31-Jul-18,Black  Dot,I like how it will connect to bluetooth without an adapter like the Google. Only reason for 4 stars is volume level without external speaker. Easy to use.,1,1741,positive,Voice Recognition | Sound Quality,Bluetooth connectivity | no adapter needed | volume limitations | easy to use,"Good Bluetooth connectivity and ease of use, but volume is limited without external speaker."
5,31-Jul-18,Black  Dot,Echos are great I have a few of them through out our home . All in voice range to ask a question. Say a command to turn lights on or off. Or my favorite is play music all though the house.,1,1742,positive,Smart Home Integration | Alexa Skills and Features | Voice Recognition,multiple devices throughout home | voice commands | lighting control | multiroom music,Excellent for smart home control and playing music across multiple rooms.
5,31-Jul-18,Black  Dot,"Love it , this time it's a gift for friend",1,1743,positive,Gift Purchase,gift for friend | love it,Purchased as a gift and satisfied with the product.
5,30-Jul-18,Black  Dot,"Fantastic product, I use it as a smart home hub and to play music through speakers mainly, the customizable routines are so nice and very easy to program",1,1744,positive,Smart Home Integration | Alexa Skills and Features,smart home hub | music playback | customizable routines | easy programming,Fantastic smart home hub with easily programmable routines and music features.
1,30-Jul-18,Black  Dot,"I am quite disappointed by this product.There clearly is a bug: half of the time I ask for a newsflash, two second after it starts, the whole thing stops and reboots for a couple of minutes. Same goes when I ask to play the radio. Also, many times it get confused when I ask to switch of &#34;the lights&#34;...as other items are also named the same, which is not true. Clearly no AI or natural language, very 'beta' stage still for me. Not impressed!",0,1745,negative,Device Reliability | Voice Recognition | Alexa Skills and Features,frequent reboots | newsflash crashes | radio disconnects | poor voice recognition | confusion with device names,Unreliable with frequent crashes during audio playback and poor voice command recognition.
5,30-Jul-18,Black  Dot,Love this thing works great and kids love it to,1,1746,positive,Device Reliability,works great | kids love it,Works reliably and is enjoyed by children.
5,30-Jul-18,Black  Dot,Love it.. makes the simple things in life simpler,1,1747,positive,Alexa Skills and Features,simplifies daily tasks | useful features,Makes everyday tasks simpler and more convenient.
5,30-Jul-18,Black  Dot,"I am really enjoying the many different features on my Alexa, especially listening to music and audio books",1,1748,positive,Alexa Skills and Features | Sound Quality,music playback | audiobook listening | many features,Enjoys many features including music and audiobook listening.
5,30-Jul-18,Black  Dot,Echo Dot is a wonderful invention. We love it. Alexa is so smart.,1,1749,positive,Voice Recognition | Alexa Skills and Features,wonderful invention | smart capabilities,Excellent device with impressive smart capabilities.
5,30-Jul-18,Black  Dot,"Alarm and music, information the weather",1,1750,positive,Alexa Skills and Features,alarms | music | weather information,"Useful for alarms, music, and weather information."
5,30-Jul-18,White  Dot,Love it! Very helpful,1,1751,positive,,love it | very helpful,Reviewer expresses strong satisfaction with the product.
5,30-Jul-18,Black  Dot,Good but it’s pretty low,1,1752,negative,Sound Quality,pretty low | sound quality issue,Sound quality is inadequately low.
5,30-Jul-18,Black  Dot,"Alarm, calendar, reminders",1,1753,positive,Alexa Skills and Features,alarm | calendar | reminders,"Device supports useful features like alarms, calendar, and reminders."
5,30-Jul-18,Black  Dot,"I have had the echo dot for about two weeks and am having fun with it. I set morning alarms, check the weather, have Alexa play various music (I bought inexpensive speakers to connect for better sound), and I'm learning her skills. A little tricky to connect to wifi initially, but after some trial and error it connected, and has stayed connected. So far, super satisfied. Will be buying one for my mother and one for my office.",1,1754,positive,Alexa Skills and Features | Wi-Fi Connectivity | Setup and Configuration | Sound Quality,morning alarms | weather checks | music playback | wifi connection | learning skills,"Very satisfied after two weeks; enjoys alarms, weather, and music despite initial wifi setup difficulty."
5,30-Jul-18,Black  Dot,I AM COMPLETELY IN LOVE. DOES ABSOLUTELY EVERYTHING AND IS SO AMAZING AND GREAT,1,1755,positive,Alexa Skills and Features,completely in love | does everything | amazing,Extremely enthusiastic about the device's capabilities and performance.
2,30-Jul-18,Black  Dot,Nope. Still a lot to be improved. For most of the things we ask.. It says.. Hmmmm.. I dont know that.,0,1756,negative,Voice Recognition | Alexa Skills and Features,doesn't know answers | limited understanding | needs improvement,Device frequently fails to understand requests and respond appropriately.
3,30-Jul-18,Black  Dot,The speaker could be better...,1,1757,negative,Sound Quality,speaker quality | could be better,Speaker quality is substandard.
5,30-Jul-18,White  Dot,works like any other one!,1,1758,positive,,works like any other | standard performance,"Device functions as expected, performing like other similar products."
5,30-Jul-18,Black  Dot,Love my new Alexa. She works great so far.,1,1759,positive,Alexa Skills and Features,love my new Alexa | works great,Reviewer loves the device and reports excellent performance.
4,30-Jul-18,Black  Dot,I bought the echo dot while it was on sale for prime day and I was excited when it came in the next day. I set it up immediately and everything worked perfectly fine. The set up was easy and straight forward which I really appreciated because I am terrible with technology. The only reason why I am not satisfied with my purchase is because of the fact that I can't use the Echo Dot for more than 15 minutes without it disconnecting from the internet. I am connected to both 2.4GHZ and 5GHZ wifi links and neither works. It's very frustrating because I am not getting my use out of the Echo Dot and I really wish I could. If any one has had the same problems or has any solution please let me know!,1,1760,mixed,Setup and Configuration | Wi-Fi Connectivity | Price and Deals,easy setup | wifi disconnection issue | prime day sale | frustrating connectivity,"Easy setup and prime day purchase, but device repeatedly disconnects from wifi after fifteen minutes."
5,30-Jul-18,Black  Dot,I got this for dad on father's Day! He was tickled with it!,1,1761,positive,Gift Purchase,father's day gift | dad loved it | very happy,Dad was delighted with this Echo device as a Father's Day gift.
5,30-Jul-18,Black  Dot,Love my echo. Love playing music in my room,1,1762,positive,Sound Quality | Alexa Skills and Features,love playing music | room audio | enjoys using it,User enjoys playing music on their Echo in their room.
5,30-Jul-18,Black  Dot,"Still getting used to Alexa, but I think she's a keeper!",1,1763,positive,Alexa Skills and Features,getting used to Alexa | keeper | learning curve,User is warming up to Alexa and plans to keep the device.
4,30-Jul-18,White  Dot,Works good for the most part. You ask it some questions and she says she doesn’t know. I thought she was supposed to know everything,1,1764,negative,Voice Recognition | Alexa Skills and Features,doesn't know answers | limited knowledge | unmet expectations,"Alexa frequently fails to answer questions, disappointing the user."
5,30-Jul-18,Black  Dot,my new best friend :),1,1765,positive,,best friend | very happy | satisfied,User is very satisfied and happy with their Echo device.
5,30-Jul-18,Black  Dot,Absolutely love it!!!!,1,1766,positive,,absolutely love it | very satisfied | enthusiastic,User loves their Echo device.
4,30-Jul-18,Black  Dot,I liked linking two more rooms in the home,1,1767,positive,Smart Home Integration,linking multiple rooms | home integration | satisfied,User successfully linked additional rooms and enjoyed the experience.
5,30-Jul-18,Black  Dot,I LOVE ALEXA!! SHE ROCKS!!!,1,1768,positive,Alexa Skills and Features,love Alexa | enthusiastic | highly satisfied,User is enthusiastic about Alexa and loves the device.
4,30-Jul-18,Black  Dot,"I had some trouble with my echo dot when I first got it because of internet connection issues. After doing research online I saw from some other people that they had trouble with the 2nd generation Echo Dot. However, the same weekend I took a trip and brought my Echo Dot along to the hotel where it seemed to work just fine. Now back home, the internet connection has seemed to have gotten through it's little rough patch and I haven't had any problems since. So, if you are having connection issues with an Echo Dot then it is probably the internet and not the device.",1,1769,mixed,Wi-Fi Connectivity | Device Reliability,internet connection issues | troubleshooting | resolved problem,User experienced initial Wi-Fi connectivity issues with Echo Dot that resolved after investigation and troubleshooting.
5,30-Jul-18,Black  Dot,Small size works great in our sunroom.,1,1770,positive,Design and Appearance,small size | compact design | sunroom placement,User appreciates the compact size of their Echo in the sunroom.
4,30-Jul-18,White  Dot,I like it and it’s helful but it can only do certain thongs that is supported by amazon.,1,1771,mixed,Alexa Skills and Features,helpful | limited functionality | Amazon-supported features only,Device is helpful but limited to Amazon-supported features.
1,30-Jul-18,Black  Dot,"I reached out to Amazon, because the device wanted to sync my phone number but it would not allow because it said my number was already in use. Customer service couldn't help they basically told me to contact Sprint to assist. So Echo does the bare minimum without access to my phone for set up, so its kind of pointless to have and pay for.",0,1772,negative,Setup and Configuration | Warranty and Support,phone number sync issue | customer service unhelpful | setup barrier,Phone number sync error prevented setup; customer service unable to resolve the problem.
3,30-Jul-18,Black  Dot,"It won’t work as a blue tooth speaker with my tv,it connects but won’t work",1,1773,negative,Sound Quality,Bluetooth connectivity failure | TV speaker incompatibility,Bluetooth connection to TV fails despite establishing initial connection.
4,30-Jul-18,Black  Dot,"I've only got to use it for a couple of weeks before having to go into the hospital, but had good time with it for the short time I did use it. It was fun trying to use Alexa",1,1774,positive,Alexa Skills and Features,fun to use | short-term enjoyment | Alexa skills,User enjoyed exploring Alexa features during a brief two-week period.
5,30-Jul-18,Black  Dot,"This was an impulse buy but turns out I really enjoy my new dot. My grands love requesting songs and playing games. I like listening to my audible selection, keeping up with my to do lists and discovering new Alexa skills. Fun and practical, my echo dot has been a surprisingly welcome addition to my home.",1,1775,positive,Alexa Skills and Features | Price and Deals,surprising value | family enjoyed | games and music | practical,"Exceeded expectations as a fun, practical device enjoyed by family members."
5,30-Jul-18,Black  Dot,Great product at a great price.,1,1776,positive,Price and Deals,great product | great price,Device offers excellent quality at a competitive price.
4,30-Jul-18,Black  Dot,My son loves his Echo Dot.,1,1777,positive,,son loves it,User's son is very happy with the Echo Dot.
5,30-Jul-18,Black  Dot,Love these. Great in the bathroom to listen to the news during showering. Or listen to CNN live with Serius SM.,1,1778,positive,Sound Quality,news listening | shower use | live streaming,Great for bathroom listening to news and live streams while showering.
5,30-Jul-18,White  Dot,I like it alot. I connected it so I can play my Pandora and I asked about the weather & time every morning. I got rid of my old fashioned digitol clock because I can have my music play Unlimited on this. I'm going to ask it about vacations and a few other things once I get more comfortable with it. Definitely worth the money.,1,1779,positive,Alexa Skills and Features | Price and Deals,music playback | weather and time | replaced digital clock | unlimited streaming,Replaced traditional clock with this versatile device for music and information.
4,30-Jul-18,White  Dot,It plays music that I request.,1,1780,positive,Alexa Skills and Features,plays requested music,Device successfully plays music upon user request.
1,30-Jul-18,Black  Dot,I didn't like that almost everytime i asked Alexa a question she would say i dont know that or i havent learned that.,0,1781,negative,Alexa Skills and Features | Voice Recognition,Alexa doesn't know answers | limited knowledge | frequent failures,Alexa frequently fails to answer questions or claims it hasn't learned the information.
4,30-Jul-18,Black  Dot,Luv it. It's a great product.,1,1782,positive,,great product | loves it,Customer loves the product and considers it great.
5,30-Jul-18,Black  Dot,"What can I say. Well, I’m a paranoid IT person of 30 years but got hooked on the idea of cloud based home control. So yes I love my echo stuff but, I did create a isolated VLAN on my home network to run the devices including the cheap ones that require you to sign up on some questionable website and download their app. Be carful with these people! Entering your Wi-Fi password on a site that’s not vetted and your location when the app askes is not a good thing. Try to stay with devices that work directly with the Alexa hub with no third-party app, Amazon has more control of these types of devices and how the sensitive information is handled.",1,1783,mixed,Smart Home Integration | Wi-Fi Connectivity | Device Reliability,loves Echo devices | security concerns | third-party apps risky | isolated VLAN needed,Loves Echo but concerned about security risks from third-party smart home devices requiring unvetted apps.
5,30-Jul-18,Black  Dot,"Very helpful for playing music, setting alarms, and talking to you when you are lonely.",1,1784,positive,Alexa Skills and Features | Video and Streaming,plays music | sets alarms | good company,"Alexa is helpful for music, alarms, and providing companionship."
5,30-Jul-18,Black  Dot,"Easy to set up, can control Kasa smart plugs no problem. Even the kids have figured stuff out that I would not have asked Alexa, like telling jokes and singing. The Alexa app controls my custom spark plug and my cloud cam.",1,1785,positive,Setup and Configuration | Smart Home Integration | Alexa Skills and Features,easy setup | controls smart plugs | tells jokes | sings | app control,Easy setup with great smart home control and entertaining features for the whole family.
4,30-Jul-18,Black  Dot,"I love having Alexa around the house. My favorite features are her timers, alarms, and music. Especially her library of sleep sounds. I got this product as a gift for my kids, and they love her too. She is great for reading time, and timing 30 minutes for it.The only thing I really don't like, is that she HAS to be plugged in to an outlet to function. No ifs ands, or buts. I get why, but it is minorly inconvenient, as I have to move her from room to room, or purchase more. Lol",1,1786,mixed,Alexa Skills and Features | Battery and Power | Gift Purchase,loves timers and alarms | sleep sounds | must stay plugged in | needs multiple units,Loves Alexa features but frustrated by the requirement to keep it plugged in constantly.
5,30-Jul-18,White  Dot,"Alarm,bed time story, universal",1,1787,positive,Alexa Skills and Features,alarm | bedtime story | universal,Alexa provides useful alarm and bedtime story features.
5,30-Jul-18,Black  Dot,I am in love with alexa,1,1788,positive,,in love with Alexa,Customer is very satisfied and loves their Alexa device.
5,30-Jul-18,Black  Dot,Its was easy to set up,1,1789,positive,Setup and Configuration,easy setup,Device was easy to set up.
5,30-Jul-18,Black  Dot,Works better than anticipated. This thing is awesome.,1,1790,positive,Device Reliability,works better than expected | awesome,Device exceeds expectations and performs excellently.
5,30-Jul-18,White  Dot,I like that it respond most of my comands. Great product.,1,1791,positive,Voice Recognition,responds to commands | great product,Product responds well to most commands and performs as expected.
1,30-Jul-18,Black  Dot,The volume is very low,0,1792,negative,Sound Quality,volume very low,Volume is too low for adequate audio output.
5,30-Jul-18,White  Dot,so far i am liking it although i am probably not using it to the full capasity,1,1793,positive,,liking it | not using full capacity,User is satisfied but acknowledges they may not be using all features.
5,30-Jul-18,Black  Dot,"My new best friend!! I'm a little behind the times I've never had anything like this, another alexa or google home, so to me this is a super amazing useful tool. I use it to play sleep sounds to sleep. I use it for my amazon audible books. Set alarms, reminders, receive notifications, play games with her. Have her tell me a short story lol. It's pretty fun. I know some people complained about the speaker I'm not sure why. I'm sure if you have an open concept house all to yourself and want to blast music no this might not blast it around loud enough. But I rent a room and in my bedroom it's perfect I don't have any problems with the speaker. Love everything about it!",1,1794,positive,Sound Quality | Alexa Skills and Features,sleep sounds | audible books | alarms and reminders | games and stories | perfect speaker for bedroom,Excellent device with versatile features; speaker quality adequate for bedroom use.
4,30-Jul-18,Black  Dot,Wish volume was capable of going louder,1,1795,negative,Sound Quality,volume not loud enough,Maximum volume is insufficient for user needs.
5,30-Jul-18,White  Dot,Best purchase this year.,1,1796,positive,,best purchase this year,User considers this their best purchase of the year.
5,30-Jul-18,Black  Dot,"I love these, I have 2 dots and one echo. For a medium size rooms these are loud enough without external speakers although I do use external for the dots.",1,1797,positive,Sound Quality,two dots and echo | loud enough for medium rooms | works without external speakers,Multiple devices provide adequate volume for medium-sized rooms without external speakers.
4,30-Jul-18,Black  Dot,I really love my dots! So awesome how it’s connects all my rooms. But like you’ve read with other reviews they are definitely lower in volume. Which I’m sure if I connected it to speaker or another device it would be great. But as a stand alone the volume is just ok. Definitely not like my tall echo. And the dots don’t pick up voice as good as my tall echo.Still totally love them and would recommend 100%,1,1798,mixed,Sound Quality | Voice Recognition,connects all rooms | lower volume than echo | voice pickup less sensitive | love the dots,Dots are loved for multi-room connectivity but have lower volume and weaker voice recognition than larger echo.
3,30-Jul-18,Black  Dot,its okay but keeps dropping wifi!,1,1799,negative,Wi-Fi Connectivity,keeps dropping wifi,Device frequently disconnects from Wi-Fi network.
5,30-Jul-18,Black  Dot,Kids love it! I love it!,1,1800,positive,,kids love it | user loves it,Both kids and user are very satisfied with the device.
5,30-Jul-18,Black  Dot,Love my echo dot easy to use and set up,1,1801,positive,Setup and Configuration,easy to use | easy setup | satisfied,Echo Dot is easy to use and straightforward to set up.
5,30-Jul-18,Black  Dot,love it as I do all of my echos,1,1802,positive,,love it | owns multiple echos | satisfied,Customer loves this Echo as much as their other Echo devices.
5,30-Jul-18,Black  Dot,"I love being able to control lights, doors and music.",1,1804,positive,Smart Home Integration | Alexa Skills and Features,control lights | control doors | control music,"Customer loves the ability to control lights, doors, and music with Echo."
5,30-Jul-18,Black  Dot,Very satisfied with the product,1,1806,positive,,very satisfied | product satisfaction,Customer is very satisfied with the Echo Dot product.
5,30-Jul-18,Black  Dot,"We have 3 echos now, even one in the barn, great idea for when I am working with my horse, can still get news flashes & my music!",1,1807,positive,Alexa Skills and Features,multiple devices | portable | news and music access | multi-location use,Customer owns three Echo devices and appreciates accessing news and music anywhere.
3,30-Jul-18,Black  Dot,"I bought this for my healing room. I play continuous spa like music. Although Alexa knows the type of music needed, the device does not deliver quality sound it sounds muffled. I didn't know I had to buy speakers too.",1,1808,negative,Sound Quality,muffled sound | poor audio quality | speaker not included,Sound quality is muffled; customer didn't know speakers were required separately.
5,30-Jul-18,Black  Dot,Like having the music where ever I am.,1,1809,positive,Alexa Skills and Features,portable music | multi-room access | convenience,Customer enjoys having music accessible wherever they are.
3,30-Jul-18,White  Dot,"Hard to hear, had to blue tooth it to a better speaker.",1,1810,negative,Sound Quality,hard to hear | poor audio | needs external speaker,Audio is difficult to hear; customer had to connect external Bluetooth speaker.
3,30-Jul-18,Black  Dot,"No problems, works as expected. Could have a better speaker.",1,1811,mixed,Device Reliability | Sound Quality,works as expected | poor speaker quality | reliable device,Device works reliably but the built-in speaker could be significantly better.
5,30-Jul-18,Black  Dot,I love it...... I want to get another one very very soon,1,1812,positive,,love it | wants to buy another | high satisfaction,Customer loves their Echo and plans to purchase another one soon.
5,30-Jul-18,White  Dot,Great to have along with the Echo,1,1813,positive,,portable | companion device | Echo accessory,User appreciates having this device as a companion with their Echo.
5,30-Jul-18,Black  Dot,this is my 2nd echo dot and it is working just as i want it to. i have it in the bedroom and i par it with a small blue tooth speaker. last nite i went to sleep with sounds of a thunderstorm as provided by my echo dot. i am planning to have the dot turn my bedroom lamps on when i receive the smart plugs that i ordered.,1,1814,positive,Device Reliability | Smart Home Integration | Alexa Skills and Features,second device | Bluetooth speaker pairing | thunderstorm sounds | smart home control,Second Echo Dot works well with Bluetooth speaker and enables smart home lamp control plans.
5,30-Jul-18,White  Dot,"daughter wanted a white boombox, nothing good out for 11 yr old. decided to go echo dot for most any request + white BT good speaker. she loved the gift and nice option for many things on the internet.",1,1815,positive,Gift Purchase | Design and Appearance,gift for child | white color | Bluetooth speaker | versatile,"Daughter received Echo Dot as gift with white Bluetooth speaker, satisfied with versatility."
1,30-Jul-18,Black  Dot,Cheap and cheap sound.,0,1816,negative,Price and Deals | Sound Quality,cheap build | poor sound quality | low cost,Device has cheap build quality and poor sound output.
4,30-Jul-18,Black  Dot,"Some times Alexa is a little &#34;thick&#34;, but mostly good!",1,1817,mixed,Voice Recognition,voice recognition issues | Alexa occasionally unclear | mostly works well,Alexa voice recognition sometimes struggles but generally performs well.
5,30-Jul-18,Black  Dot,Love it!! Don’t know what took me so long to get one — and don’t know why I didn’t get two on Amazon Prime Day!,1,1818,positive,Price and Deals,strongly satisfied | Prime Day deal | regrets not buying more,User loves the device and regrets not purchasing more during Prime Day sale.
5,30-Jul-18,Black  Dot,"Clear sound, great alarm clock, plays my music. What else can you ask for. Oh yeah, you can order what you need.",1,1819,positive,Sound Quality | Alexa Skills and Features,clear sound | alarm clock function | music playback | shopping capability,"Clear sound, reliable alarm clock, music playback, and shopping integration satisfy user needs."
5,30-Jul-18,White  Dot,Love that you can use your cell phone to call Echo or Dot. You can also use Echo and Dot as intercoms.,1,1820,positive,Alexa Skills and Features,cell phone calling | intercom function | device communication,User appreciates calling and intercom capabilities between Echo and Dot devices.
5,30-Jul-18,Black  Dot,love it...just like the other 4 I own.,1,1821,positive,,repeat purchase | owns multiple units | satisfied owner,User owns four other Echo Dots and loves this one equally.
5,30-Jul-18,White  Dot,"Great price. I love my echo dot,",1,1822,positive,Price and Deals,great price | loves device | good value,User loves Echo Dot and appreciates its great pricing.
5,30-Jul-18,Black  Dot,Excellent. Bought another one yesterday!,1,1823,positive,,excellent | bought another one | satisfied repeat purchase,Customer is very satisfied and purchased a second unit.
5,30-Jul-18,White  Dot,Love this!!! My daughter enjoys telling Alexa what to do. Haha,1,1824,positive,Alexa Skills and Features,daughter enjoys | telling Alexa what to do | fun experience,Daughter enjoys interacting with Alexa and finds it entertaining.
5,30-Jul-18,Black  Dot,"Purchased this for a discount on Prime Day to insert into a portable Bluetooth speaker made specifically to work with Echo Dot. Works great, love it! Now I can bring Alexa out onto the patio with me, and I mostly use it for music. This is our 3rd Echo product and we love them!",1,1825,positive,Price and Deals | Video and Streaming,Prime Day discount | portable Bluetooth speaker | third Echo product | patio use,Customer loves this third Echo product purchased at discount for portable outdoor music use.
5,30-Jul-18,Black  Dot,Just got my third one. Love them,1,1826,positive,,third one | love them | repeat purchase,Satisfied customer on their third Echo purchase.
5,30-Jul-18,Black  Dot,The ease in installing,1,1827,positive,Setup and Configuration,ease in installing | simple setup,Installation process was easy and straightforward.
5,30-Jul-18,Black  Dot,"Un excelente equipo inteligente al estar conectado al internet nos provee de múltiples funciones tales como, el tiempo,hora,información de cualquier estudio que estés realizando atrás vez del internet.",1,1828,positive,Alexa Skills and Features | Smart Home Integration,excellent smart device | internet connected | weather | time | information access,"Excellent smart device providing multiple functions including weather, time, and information access."
2,30-Jul-18,Black  Dot,"For the price, the product is nice quality and has a few nice features. So definitely no complaints there. The reason why I only gave it 3 stars is because the echo dot is not what I thought it was going to be so that may just be buyer error. First, I didn’t know that the product has to be plugged in at all times to work. So I really don’t like that it’s not a stand alone device. Also, the speaker is not very loud so if you are buying it as a Bluetooth speaker, don’t. Lastly, I’m sure the echo dot can do a lot but I haven’t quite figured out how to use it fully but it just kind of seems like an unnecessary device to own, plus setting it up was awful. I would definitely save the money and buy the nicer one that is actually “Alexa”.",0,1829,negative,Device Reliability | Setup and Configuration | Sound Quality | Alexa Skills and Features,must be plugged in | not standalone | speaker not loud | difficult setup | confusing to use,"Echo Dot requires constant power, lacks portability, has poor speaker volume, and difficult setup."
5,30-Jul-18,Black  Dot,"I love this product so far only because of the few things I can do with it...such as set a timer, a reminder, play music and games. I don't like that to get the full enjoyment from it that you have to purchase so many things. It was also very difficult to set up. The directions made it sound as simple as one, two, three but they forgot about step four, five and six. I was almost ready to send to back.The app is extremely slow and it took hours to get this thing set up. However depending on what you are going to be using it for I think it's an ok item.",1,1830,mixed,Setup and Configuration | Alexa Skills and Features,timer | reminder | music | games | difficult setup | slow app | requires purchases,Enjoys basic features like timers and music but frustrated by complex setup and need for additional purchases.
5,30-Jul-18,White  Dot,Love the echo dot it’s amaxing!!!,1,1831,positive,,love | amazing | very satisfied,Customer loves the Echo Dot and finds it amazing.
4,30-Jul-18,Black  Dot,"I like to use it for listening to podcasts. I like to set up the greeting in the morning to tell me what's new. The one thing I don't like was getting it to recognize the radio station I wanted to listen to. I finally got it working, but had to work through the bugs.",1,1832,mixed,Alexa Skills and Features | Voice Recognition,podcasts | morning greeting | radio station recognition | had to work through bugs,Enjoys podcasts and morning greetings but experienced difficulty getting radio station recognition to work.
5,30-Jul-18,Black  Dot,"Just like it's big sister, the Echo, only smaller, with slightly less audio fidelity, but much lower price (on amazon prime day:-)Used in another room to add Alexa to an additional room.",1,1833,positive,Sound Quality | Price and Deals,smaller Echo | lower price | less audio fidelity | Prime Day deal,Compact Echo alternative with good value at a lower price point and acceptable sound quality.
5,30-Jul-18,Black  Dot,It does everything the big guy does,1,1834,positive,Alexa Skills and Features,does everything | full functionality | matches larger model,Device performs all the same functions as the larger Echo model.
5,30-Jul-18,Black  Dot,Great product - understands my accent!,1,1835,positive,Voice Recognition,understands accent | voice recognition works | accurate detection,Device successfully recognizes and understands the user's accent.
5,30-Jul-18,Black  Dot,Love it... can't stop using it..,1,1836,positive,,love it | can't stop using | highly engaging,User is very satisfied and frequently uses the device.
5,30-Jul-18,White  Dot,Really like the availability to get instant music throughout the house.,1,1837,positive,Alexa Skills and Features | Video and Streaming,instant music | whole house | music availability | convenient,Enables easy access to music throughout the home with instant playback.
5,30-Jul-18,White  Dot,"very handy in the kitchen, sets timer and gives me extra help on setting oven temps.",1,1838,positive,Alexa Skills and Features,kitchen use | timer setting | oven temperature help | helpful assistant,Useful kitchen tool that sets timers and assists with cooking temperatures.
5,30-Jul-18,Black  Dot,Cool little speaker..I love her alarms and connected it to my speakers and it sounds great!!,1,1839,positive,Sound Quality | Alexa Skills and Features,great alarms | sounds great | connected speakers | compact,Small speaker with excellent alarm functionality and good sound when connected to speakers.
5,30-Jul-18,Black  Dot,It is s great tool helping with information.,1,1840,positive,Alexa Skills and Features,provides information | helpful tool | informative | useful,Device serves as a helpful tool for retrieving information quickly.
1,30-Jul-18,White  Dot,Used twice not working!!!!!!!,0,1841,negative,Device Reliability,not working | failed | defective | stopped functioning,Device malfunctioned after minimal use and stopped working.
5,30-Jul-18,Black  Dot,Awesome piece of technology that has simplified my life. Great purchase.,1,1842,positive,,simplified life | great purchase | awesome technology | reliable,User finds the device has meaningfully simplified their daily life and is satisfied.
3,30-Jul-18,Black  Dot,"I jumped on the bandwagon by purchasing an Echo. I feel like there was a struggle getting connected and then three days later, the device is sharing news and weather. Now we use it some, but have not tapped in to all options. Still testing it out.",1,1843,mixed,Wi-Fi Connectivity | Alexa Skills and Features | Setup and Configuration,initial connection struggle | three days to connect | sharing news and weather | testing features,"Setup was difficult, but device now works and shares news and weather content after testing."
4,30-Jul-18,White  Dot,Love Alexa. Love the Echo Dot but we have trouble with the speakers when using the intercom.,1,1844,mixed,Sound Quality | Alexa Skills and Features,loves Alexa | loves Echo Dot | intercom speaker trouble,"Generally loves the Echo Dot and Alexa, but experiences speaker issues with intercom feature."
5,30-Jul-18,White  Dot,"Love it , Now if I can only find the correct smart (links)Plug to connect this too",1,1845,positive,Smart Home Integration,loves it | finding compatible smart plug | device connection,Satisfied with device but searching for correct compatible smart plug for integration.
5,30-Jul-18,White  Dot,"We really love our Echo Dot, we can get questions answered right away and play any music we can think of.",1,1846,positive,Alexa Skills and Features | Voice Recognition,love Echo Dot | quick answers | any music,Loves Echo Dot for quickly answering questions and playing requested music.
3,30-Jul-18,Black  Dot,Speaker could be better qualty,1,1848,negative,Sound Quality,speaker quality | could be better,Speaker audio quality is inadequate.
1,30-Jul-18,Black  Dot,This device does not interact with my home filled with Apple devices. How disappointing!,0,1849,negative,Smart Home Integration,no Apple compatibility | home filled with Apple devices | disappointing,"Device fails to work with Apple ecosystem in home, causing disappointment."
5,30-Jul-18,Black  Dot,Have the echo wanted something smaller in another room they work together great,1,1850,positive,Design and Appearance | Alexa Skills and Features,Echo devices work together | wanted something smaller | multiple rooms,"Multiple Echo devices integrate well, with compact option available for different rooms."
5,30-Jul-18,Black  Dot,"Love it!! It is so handy and easy to use. Got it for my classroom, but I many need to just get another one.",1,1851,positive,Alexa Skills and Features | Design and Appearance,handy and easy to use | classroom use | considering additional purchase,"Very satisfied with easy-to-use device for classroom, considering purchasing another unit."
4,30-Jul-18,Black  Dot,Primarily for music in our bedroom. I wish the speaker had better fidelity.,1,1852,negative,Sound Quality,bedroom music listening | speaker fidelity | wishes better quality,Bedroom music use hindered by insufficient speaker sound fidelity.
5,30-Jul-18,Black  Dot,"Music, weather, time.",1,1853,positive,Alexa Skills and Features,music | weather | time,"Uses device for music, weather, and time functions."
2,30-Jul-18,White  Dot,Not all that happy. The speaker isn’t great and for some reason a lot of times when I play music it will start to make some weird noise and just stop. My son has a google home and it is much better,0,1854,negative,Sound Quality | Device Reliability,speaker not great | weird noise | stops playing | compared to Google Home,Speaker quality is poor and device frequently makes noise and stops during playback.
5,30-Jul-18,White  Dot,it takes a while to learn the uses and I'm still learning!,1,1855,positive,Setup and Configuration | Alexa Skills and Features,learning curve | still discovering features | takes time to learn,Device has a learning curve but user continues to discover its capabilities.
2,30-Jul-18,Black  Dot,"When you think about it this really doesn’t do much. Play music, answer stupid questions, finally it was able to hook up to thermostat. I can see why price is dropping like a rock.",0,1857,negative,Alexa Skills and Features | Smart Home Integration | Price and Deals,limited functionality | only plays music | thermostat integration | price dropping,Device has limited features and capabilities beyond basic music and questions.
4,30-Jul-18,Black  Dot,"The Echo Dot (2nd Generation) Smart Speaker is very compound in size, however it projects very good sound. It also has a port in which you can connect an external speaker for greater projection of sound. I also like it size because it's not awkward, and it doesn't take up a lot of space. It works great with the Alexa App. I also think the size is great for college students who live in dorm rooms with small limited spacing.",1,1858,positive,Sound Quality | Design and Appearance | Alexa Skills and Features,compact size | good sound projection | external speaker port | works with Alexa App,Compact design with good sound quality and useful external speaker connectivity option.
5,30-Jul-18,Black  Dot,I use the echo dot several different ways in my home. I use it downstairs to control lighting. I also take it out on my deck to stream music to a Bluetooth speaker. It works great for what I need.,1,1859,positive,Smart Home Integration | Video and Streaming | Device Reliability,home lighting control | music streaming | Bluetooth speaker | versatile use,Versatile device that works well for lighting control and music streaming to speakers.
5,30-Jul-18,White  Dot,I have an echo but wanted a dot for my bedroom. It was even easier to set up than my original echo.,1,1860,positive,Setup and Configuration | Design and Appearance,easy setup | easier than original Echo | bedroom placement,"Dot was easy to set up, even simpler than the original Echo model."
5,30-Jul-18,Black  Dot,"Makes turning on and off things in the house so simple. Great for little updates as well, like checking the weather and such.",1,1861,positive,Smart Home Integration | Alexa Skills and Features,controlling lights | weather updates | simple operation | home automation,Simplifies controlling home devices and accessing quick information like weather.
5,30-Jul-18,Black  Dot,"Great product, fun to use!!",1,1862,positive,Alexa Skills and Features,great product | fun to use,User enjoys the product and finds it fun to use.
5,30-Jul-18,Black  Dot,I really enjoy being able to just make a request for my favorite music and it happens I have no complaints at this time...,1,1863,positive,Alexa Skills and Features | Voice Recognition,music requests work well | no complaints | voice control,Voice music requests work reliably with no complaints from the user.
5,30-Jul-18,Black  Dot,Love it. Works great making my home a smarthome,1,1864,positive,Smart Home Integration | Device Reliability,smart home automation | works great | home control,Effectively enables smart home automation and works reliably for home control.
5,30-Jul-18,White  Dot,I really like the echo dot. It’s amazing to be able to set an alarm or timer just by talking to the echo dot.,1,1865,positive,Alexa Skills and Features | Voice Recognition,set alarms by talking | set timers by talking | amazing functionality,User appreciates the Echo Dot's voice-controlled alarm and timer features.
4,30-Jul-18,Black  Dot,this is my first Alexa enabled device and so far its lived up to its reputation!,1,1866,positive,Device Reliability,first Alexa device | lived up to reputation | satisfied,First-time Alexa user finds the device meets its reputation well.
5,30-Jul-18,Black  Dot,"I love searching the Alexa skill shop on the app. Useful things like having Alexa turn my lights on and off, listening to news updates every morning. And fun stuff like telling Alexa to make the Star Trek red alert nois. Or playing song quiz with friends.",1,1867,positive,Alexa Skills and Features | Smart Home Integration,Alexa skill shop | turn lights on and off | news updates | fun features,User enjoys both practical and entertaining Alexa skills including smart home control.
5,30-Jul-18,Black  Dot,I love how compact it is.,1,1868,positive,Design and Appearance,compact design | small size,User appreciates the device's compact size.
1,30-Jul-18,Black  Dot,"This worked well for about 6 months but then stopped connecting to the internet (wifi) and none of the trouble shooting efforts worked. Amazon customer service couldn't help further and told me warranty was only 3 months, which was very disappointing, so they weren't willing to replace.",0,1869,negative,Wi-Fi Connectivity | Device Reliability | Warranty and Support,stopped connecting to wifi | warranty only 3 months | no replacement | troubleshooting failed,Device failed after six months with persistent Wi-Fi issues and inadequate warranty support.
5,30-Jul-18,Black  Dot,"It talks to me, plays the type of music i want to listen to, and even turns off when I ask if to.",1,1870,positive,Voice Recognition | Alexa Skills and Features,talks to me | plays desired music | responds to commands,Device successfully handles voice commands for music and device control.
2,30-Jul-18,Black  Dot,Ask it to play Motown radio on Pandora and it keeps asking if I want to add a salsa station. Motown isn’t close to salsa phonetically.,0,1871,negative,Voice Recognition | Alexa Skills and Features,misunderstands music requests | poor voice recognition | Motown vs salsa confusion,Voice recognition fails to distinguish between similar-sounding music genres accurately.
5,30-Jul-18,Black  Dot,"Love it, we are still learning the capabilities, having a lot of fun.",1,1872,positive,Alexa Skills and Features,learning capabilities | having fun | enjoying discovery,User enjoys discovering and exploring the device's various capabilities.
4,30-Jul-18,Black  Dot,Easy to set up. Still trying to get it to connect to a light bulb smart plug. Grandkids think Alex is cool!,1,1873,mixed,Setup and Configuration | Smart Home Integration,easy to set up | difficulty connecting light bulb | family approval,Setup is straightforward but smart home integration requires additional work; family enjoys it.
5,30-Jul-18,White  Dot,I love it! I use it for everything. It’s a part of my daily routine,1,1874,positive,Alexa Skills and Features,love it | use for everything | daily routine | essential device,User has integrated the device into daily life and uses it extensively.
4,30-Jul-18,Black  Dot,"The Alexa program is great, but the quality is not the best. It could definitely be louder.",1,1875,mixed,Alexa Skills and Features | Sound Quality,Alexa program great | quality not best | could be louder,Alexa functionality is good but sound quality and volume need improvement.
4,30-Jul-18,White  Dot,Overall I like this. Though Siri on my phone can do more for what I need as I don’t have a “smart home” and don’t intend to make it one. But it’s fun and I use it for music and to have it read me my audible books.,1,1876,positive,Alexa Skills and Features,like this device | music and audiobooks | fun to use,Enjoys music and audiobook features though limited without smart home setup.
3,30-Jul-18,Black  Dot,Alexa is pretty basic and almost like a toy. Shouldn't have been released into the market without proper development. Speech recognition fails to understand basic American and British Accent.The music it can play is very restrictive. Speech isn't refined in a way that we understand a (almost a) human is speaking. Linking to Youtube via amazon web services doesn't work.,1,1877,negative,Voice Recognition | Alexa Skills and Features | Device Reliability,basic and toy-like | speech recognition fails | music restrictive,Alexa lacks development maturity with poor speech recognition and limited music capabilities.
4,30-Jul-18,Black  Dot,I'm amazed with the alarm. I tell Alexa to wake me up to a particular song and it does. I love the play list if music. Not sure if i don't keep prime if music will still be available. However i did love the fact Amazon gave me music free for 3 months...they should have given prime free for 3 months as well.,1,1878,positive,Alexa Skills and Features | Price and Deals,alarm feature works great | loves playlist | free music trial,Impressed with alarm and music features; appreciates free three-month music trial.
5,30-Jul-18,White  Dot,I love all of the things that it can do. I can play with it and learn from it.,1,1879,positive,Alexa Skills and Features,can do many things | play and learn | versatile device,Loves the versatility and learning opportunities the device provides.
5,30-Jul-18,Black  Dot,"Been debating on getting one, but am happy I did! Still more to explore. Thanks!",1,1880,positive,,happy with purchase | more to explore | worth the decision,Satisfied with the purchase and excited to discover more features.
5,30-Jul-18,White  Dot,"I'm finding more and more uses for this all the time. It keeps me informed with news and weather, I can get a daily Bible verse, and have it play music. New skills are added all the time. The future is here!",1,1881,positive,Alexa Skills and Features,more uses all the time | news and weather | new skills added,"Impressed with expanding capabilities including news, weather, and new skills."
5,30-Jul-18,White  Dot,I love to watch my wife argue with Alexa. I woke up one night listening to Alexa talking to my cell phone. ????,1,1882,positive,Alexa Skills and Features,wife argues with Alexa | amusing interactions | talking to cell phone,Entertained by unexpected Alexa behaviors and humorous device interactions.
4,30-Jul-18,Black  Dot,Gave as a gift - they loved it.,1,1883,positive,Gift Purchase,gave as gift | recipient loved it | successful gift,Gift recipient was delighted with the device.
5,30-Jul-18,Black  Dot,The Echo Dot was everything that I expected and more.,1,1884,positive,,everything expected | more than expected | satisfied,Echo Dot met and exceeded expectations.
5,30-Jul-18,Black  Dot,I love this its super convenient and makes my life a little easier,1,1885,positive,,convenient | makes life easier | love it,User loves the product for its convenience and ease of use.
5,30-Jul-18,White  Dot,"I love my echo dot. Has many features and works great.The only thing I don't like about it, is that I can't play my iMusic on it. I'm going to have to pay for a Spotify or Amazon music account.",1,1886,mixed,Alexa Skills and Features,many features | works great | can't play iMusic | need paid music account,Enjoys the Echo Dot's features but frustrated by lack of iMusic compatibility.
4,30-Jul-18,White  Dot,Its Great. Lots Of Fun!!,1,1887,positive,,great | lots of fun,User is very satisfied and having fun with the product.
4,30-Jul-18,White  Dot,"Easy setup. Alexa needs a lot of training,",1,1888,mixed,Setup and Configuration | Voice Recognition,easy setup | Alexa needs training,Setup is easy but Alexa requires extensive training to function properly.
5,30-Jul-18,White  Dot,Third echo dot purchased. Love the product.,1,1889,positive,,third purchase | love the product | repeat customer,Loyal customer purchasing their third Echo Dot and loves it.
5,30-Jul-18,Black  Dot,I like the compact structure of the Dot. The sound is a little too low.,1,1890,mixed,Design and Appearance | Sound Quality,compact structure | sound too low,User appreciates the compact design but finds the sound quality insufficient.
4,30-Jul-18,White  Dot,"Handy if you don't expect much out of it much ""dumber"" than the assistant in my phone.",1,1891,negative,Alexa Skills and Features,dumber than phone assistant | limited expectations,User finds Alexa less capable than their phone's voice assistant.
5,30-Jul-18,Black  Dot,It's easy to set up and use. There are new features and skills added all the time.,1,1892,positive,Setup and Configuration | Alexa Skills and Features,easy setup | easy to use | new features added regularly,Simple setup and use with continuous feature and skill improvements.
3,30-Jul-18,White  Dot,Love the product but dislike that I can’t sync up my Apple Music for Alexa to play,1,1893,mixed,Alexa Skills and Features,love the product | can't sync Apple Music,Loves the product but cannot use Apple Music with Alexa.
5,30-Jul-18,Black  Dot,Have had for just one week so far and I can say it is a blast to have.,1,1894,positive,,one week in | blast to have | early satisfaction,User is very pleased with the Echo Dot after just one week.
5,30-Jul-18,Black  Dot,Good speaker for bedroom or office,1,1895,positive,Sound Quality,good speaker | bedroom | office,Good speaker suitable for bedroom or office use.
4,30-Jul-18,Black  Dot,Small speaker tin sound. Great with good Bluetooth speaker.,1,1896,mixed,Sound Quality,small speaker | tinny sound | Bluetooth speaker,Small speaker has tinny sound but works well with external Bluetooth speaker.
5,30-Jul-18,White  Dot,Fun and information. No dislikes so far !! Like the convenience!!,1,1897,positive,Alexa Skills and Features,fun | informative | convenient,Fun and informative device with appreciated convenience features.
5,30-Jul-18,Black  Dot,It was easy to set up and affordable! Love it!,1,1898,positive,Setup and Configuration | Price and Deals,easy setup | affordable | love it,Easy to set up and affordable device that customer loves.
5,30-Jul-18,White  Dot,I love that I can shut the microphone off at night so my children can’t talk to it at bed time and she has an automatic sleep timer for their lullaby music. Not sure how I survived with out this for so long.,1,1899,positive,Alexa Skills and Features,microphone off | sleep timer | lullaby music,Appreciates microphone control and automatic sleep timer for children's music.
5,30-Jul-18,Black  Dot,Echo Dot and related devices are the best thing to come in a long time.,1,1900,positive,,Echo Dot | best thing | long time,Echo Dot devices are the best innovation in a long time.
3,30-Jul-18,Black  Dot,"The sound quality wasn’t great, but it was inexpensive",1,1901,mixed,Sound Quality | Price and Deals,poor sound quality | inexpensive | affordable,Sound quality is poor but device is inexpensive.
5,30-Jul-18,Black  Dot,Works great... bought it for my shop so that it is like an intercom to the house.,1,1902,positive,Smart Home Integration,works great | intercom | shop,Works great as an intercom system between shop and house.
4,30-Jul-18,Black  Dot,It isn’t bad for what it is. Have issues with it actually playing what I want. Getting it use iHeartRadio properly by playing the station I want is a challenge but it’s not bad for the sale price I paid.,1,1903,mixed,Alexa Skills and Features | Price and Deals,plays desired content inconsistently | iHeartRadio challenge | good sale price,Has issues playing desired radio stations despite good sale price.
4,30-Jul-18,Black  Dot,It’s great but sound quality is very low,1,1904,mixed,Sound Quality,great | very low sound quality,Works well overall but has very low sound quality.
4,30-Jul-18,Black  Dot,"As Always, easy to set up",1,1905,positive,Setup and Configuration,easy to set up | straightforward installation,Setup was easy and straightforward.
3,30-Jul-18,Black  Dot,It works OK. This speaker quality is not much better than my iPhone X. I would spend the extra money to get the full-size echo which has great sound quality.,1,1906,negative,Sound Quality | Price and Deals,speaker quality not better than iPhone | not worth premium price | full-size echo better,Sound quality disappoints compared to iPhone; full-size Echo offers better value.
5,30-Jul-18,Black  Dot,"Very intelligent, love the songs ....",1,1907,positive,Alexa Skills and Features,very intelligent | loves songs | great experience,Device is intelligent and delivers excellent music experience.
5,30-Jul-18,Black  Dot,"I love my Echo Dot! The price I paid during Prime Day was comparable to buying a new digital clock with the bells and whistles, but this does so much more. I can play music, set alarms, call friends, play games, set timers...the list goes on and on. Definitely worth the money.",1,1908,positive,Price and Deals | Alexa Skills and Features,great Prime Day price | music playback | versatile features | worth the money,Excellent value at Prime Day price with many useful features and capabilities.
2,30-Jul-18,Black  Dot,Sound is terrible. Cannot pair with echo to play simultaneously. Must upgrade to amazon music if you want to play more than one device at a time.,0,1909,negative,Sound Quality | Smart Home Integration,terrible sound | cannot pair with echo | amazon music requirement,Poor sound quality and limited multi-device pairing without premium subscription.
5,30-Jul-18,Black  Dot,Easy installation and set up. Better sound from the Echo Dot Smart speaker. Very satisified with purchase.,1,1910,positive,Setup and Configuration | Sound Quality,easy installation | better sound quality | satisfied,Simple setup and improved sound quality make for satisfying purchase.
5,30-Jul-18,White  Dot,"I am spoiled by one downstairs...so got this one for upstairs to listen to music , etc. while I walked on the treadmill.",1,1911,positive,Gift Purchase,second device upstairs | music listening | treadmill use,Purchased second Echo Dot for upstairs bedroom music listening while exercising.
3,30-Jul-18,Black  Dot,The commands Alexa requires are too specific. I find Google home to be much more flexible in figuring out what I'm asking for.,1,1912,negative,Voice Recognition,commands too specific | not flexible | Google Home more intuitive,Alexa requires overly specific commands compared to Google Home's flexibility.
5,30-Jul-18,White  Dot,HANDY AS HELL 10/10 RECOMMEND,1,1913,positive,Alexa Skills and Features,very useful | highly recommended | excellent value,Highly practical device that comes highly recommended.
1,30-Jul-18,White  Dot,I am having real difficulty working with the Echo Dot. Alexi is not very smart. 9 out of 10 questions I have asked I get the &#34;I'm not sure&#34; Half the time I am still asking the question and Alexi is saying &#34;I'm not sure&#34;. The music is great and works well for that. All in All so far it's been a very frustrating experience.,0,1914,mixed,Voice Recognition | Sound Quality,difficulty working with device | Alexa not smart | frequent 'not sure' responses | music works well,Frustrating voice recognition but good music functionality.
5,30-Jul-18,Black  Dot,"We are still in the discovery phase, but so far we are enjoying the smart home features we have installed.",1,1915,positive,Smart Home Integration,smart home features | enjoying | discovery phase,Enjoying the smart home features installed so far.
5,30-Jul-18,Black  Dot,Totally gets out sense of humour,1,1916,positive,Alexa Skills and Features,sense of humour | gets jokes,Device understands and responds to humor effectively.
5,30-Jul-18,Black  Dot,We put one in the bedroom. It plays music and tells us the weather. It also is an alarm to wake us up in the morning. It is better than a clock radio. It will play any type of music you want from radio stations or your own favorites. It can even tell jokes. I don't know how I got along without it before now. Amazing.,1,1917,positive,Alexa Skills and Features | Video and Streaming,plays music | tells weather | alarm clock | tells jokes | amazing,"Versatile bedroom device with music, weather, alarm, and joke features."
3,30-Jul-18,Black  Dot,"I like the Echo, but not sure about the Dot. I use it a lot for music and Audio books.The sound quality of this smaller Echo is nowhere near the quality of the full sized model. I haven't decided if I'll keep it or not!",1,1918,mixed,Sound Quality,sound quality inferior | smaller model | full sized better | undecided,Enjoys music and audiobooks but disappointed with Dot's sound quality compared to full Echo.
5,30-Jul-18,Black  Dot,LOVE it. I got this for my boyfriend for his birthday and his kids have a blast asking Alexa all kinds of questions and having her tell silly jokes. We love it.,1,1919,positive,Gift Purchase | Alexa Skills and Features,birthday gift | kids enjoy | silly jokes | love it,Gift recipient and family love using it for questions and jokes.
3,30-Jul-18,Black  Dot,"Got this for my 2nd Echo in the house, I already have the regular Echo. The Echo Dot was easy to set up but the sound is not enjoyable, wishing I would have just gone with another regular Echo solely based on sound.",1,1920,negative,Sound Quality,sound not enjoyable | easy setup | regrets purchase | prefers regular Echo,Setup was easy but poor sound quality makes it inferior to the regular Echo.
1,30-Jul-18,Black  Dot,"I was really happy with my original echo so i thought I'd get an echo dot to use in my bedroom. I was really disappointed in the audio quality so I connected an external speaker via bluetooth. The audio was much better but I started having problems with it loosing connection with the wifi, presumably due to interference from the bluetooth. Then I connected a speaker via the auxiliary jack. when i did that, the auxiliary jack picked up interference from the wifi and I was woken up in the middle of the night by a horrible buzzing sound. im hoping Amazon will take this thing back and give me a good deal on an echo spot which I hope will be a better nightstand device.",0,1921,negative,Sound Quality | Wi-Fi Connectivity | Device Reliability,disappointing audio quality | wifi connection losses | interference issues | buzzing sound | wants refund,Poor audio quality and persistent connectivity and interference issues with external speakers.
5,30-Jul-18,Black  Dot,"Listens well, does way more than expected, love her!",1,1922,positive,Voice Recognition | Alexa Skills and Features,listens well | exceeds expectations | love it,Device listens well and offers more features than expected.
4,30-Jul-18,White  Dot,"We are still testing this one out and so far, we like it. I was very hesitant about putting a voice activated device in our home and this would be our first. Unfortunately, it sometimes gets our WiFi light bulbs mixed up and won't turn them on but we've been able to manage and fix it. I mean, it's convenient, especially for those unable to reach to turn off lights or electronics that you could hook up to the Dot. I do like that it plays music and has reminders, alarms, etc - I'm just still getting used to the fact that The Man is always listening now.",1,1923,mixed,Smart Home Integration | Wi-Fi Connectivity | Alexa Skills and Features,smart home control | music and reminders | wifi bulbs issue | privacy concerns | convenient,"Convenient features for music and smart home, but occasional smart home glitches and privacy reservations."
5,30-Jul-18,Black  Dot,"Works great.Having fun playing music,checking weather,a king questions.",1,1924,positive,Alexa Skills and Features | Video and Streaming,works great | playing music | checking weather | asking questions,"Works well for music, weather, and answering questions."
4,30-Jul-18,Black  Dot,Small convenient and dependable. This dot is a cutie and Alexa does the job you ask.My only issue is the fidelity which is to be expected in a such a small speaker,1,1925,positive,Sound Quality | Design and Appearance | Device Reliability,small and convenient | dependable | low fidelity expected,"Compact, reliable Dot that performs well despite expected audio limitations for its size."
4,30-Jul-18,Black  Dot,Alexa is perfect for people like me living alone. At least I have someone to talk to.. to keep my sanity. 😂 Though I wish it has a powerful speaker and no need to connect it to bluetooth speakers.,1,1926,mixed,Sound Quality | Alexa Skills and Features,companion for living alone | weak speaker | Bluetooth connection needed,"Good conversation partner but speaker lacks power, requiring external Bluetooth speakers."
5,30-Jul-18,Black  Dot,small footprint. nice clarity.,1,1927,positive,Design and Appearance | Sound Quality,small footprint | nice clarity,Compact device with good sound clarity.
5,30-Jul-18,Black  Dot,"Great addition to my Alexa base. Using it in my guest bedroom for music, clock and info.Dot speaker is not as strong as the base but it's a great value",1,1928,positive,Alexa Skills and Features | Sound Quality | Price and Deals,good guest bedroom addition | great value | weaker than base unit,Excellent value device for secondary locations despite lower speaker power than base.
5,30-Jul-18,Black  Dot,I had an Alexia built into my thermostat that just didn't work very well. I had to be standing right next to it for it to hear me and music played very choppy on it. I decided to try the Echo Dot since it was on Prime Day. I have not been disappointed! It hears me just fine and music plays with out any problem. I really like that I can Bluetooth connect to my Bose Speaker for quality sound.,1,1929,positive,Voice Recognition | Sound Quality | Device Reliability,better than thermostat integration | reliable hearing | smooth music playback,Significant improvement over built-in thermostat with reliable voice recognition and audio.
5,30-Jul-18,Black  Dot,I connected it to my whole home sound system to play prime music which my Google Home mini can't do. It works well.,1,1930,positive,Alexa Skills and Features | Smart Home Integration | Video and Streaming,whole home sound system | Prime Music streaming | works well,Integrates well with home sound systems and streams Prime Music effectively.
5,30-Jul-18,Black  Dot,this is so much fun to play with - I just ask to set an alarm to wake in the morning and when it goes off I tell Alexa to turn it of - Alexa learns from the questions I ask. SHe will play music that you ask her to play if its the amazon music domain. If I wake up in the middle of the night I do not have to turn on a light I just ask alexa what time is it. When I want the current weather she tells me. Ask her what going on in the city she knows. Call a friend she will dial ( I haven't used that one yet but she said she could if its in y contacts.,1,1931,positive,Alexa Skills and Features | Voice Recognition,learns from questions | alarms | weather and time information,Versatile assistant that learns user patterns and handles multiple household tasks seamlessly.
5,30-Jul-18,Black  Dot,Easy to set up and does everything it’s a poster. Despite its small size the speakers are adequate. Understands instructions from across the room. Very happy with the purchase.,1,1932,positive,Setup and Configuration | Sound Quality | Voice Recognition,easy setup | adequate speakers | hears from across room,Easy to set up with adequate speakers and reliable voice recognition across distances.
5,30-Jul-18,Black  Dot,"A great product for the price, works well!!",1,1933,positive,Price and Deals | Device Reliability,great price | works well,Reliable product offering excellent value for money.
5,30-Jul-18,White  Dot,Perfect for a home office,1,1934,positive,Design and Appearance,home office | suitable,Well-suited for use in a home office setting.
2,30-Jul-18,Black  Dot,Weak sound. Compared to the Google Home Mini the sound is bad. Also you need Prime to have a small selection of music and need prime music to play everything. Also if you get two you need prime family music to play music on both. I think it's lame that you need a family plan to use multiple devices.,0,1935,negative,Sound Quality | Alexa Skills and Features,weak sound quality | worse than Google Home Mini | Prime requirement for music | family plan needed for multiple devices,Sound quality is poor and music requires expensive Prime subscriptions for multiple devices.
5,30-Jul-18,Black  Dot,It does what it's suppose to do great product.,1,1936,positive,,does what it's supposed to do | great product,Device performs its intended functions well.
5,30-Jul-18,Black  Dot,I love this item and being able to hear any kind of music. I enjoyed it so much that I ordered another.,1,1937,positive,Alexa Skills and Features,love the item | music variety | ordered another,Customer loves the music variety and enjoyed it so much they purchased a second unit.
5,30-Jul-18,Black  Dot,Great item. I'm so glad I made the purchase and on Prime day.,1,1938,positive,Price and Deals,great item | glad about purchase | Prime day deal,"Customer satisfied with purchase, especially the Prime day pricing."
5,30-Jul-18,Black  Dot,"I'm still learning how to use it. I figured out it can read my kindle books to me, which is a real bonus.",1,1939,positive,Alexa Skills and Features,still learning | reads Kindle books | real bonus,Customer appreciates the Kindle book reading feature as a valuable capability.
5,30-Jul-18,White  Dot,Love having one in our bedroom and in the kitchen. Great to drop in on family around the house.,1,1940,positive,Smart Home Integration,multiple rooms | drop-in feature | family communication,Multiple devices enable convenient family communication across rooms.
5,30-Jul-18,Black  Dot,"So far so good. Not to tech savvy so, I'm still trying to figure out what I can do with it but, it was easy to set up and so far easy to use. Lots of apps that it can use. I will have to play with it some more but its fun to have.",1,1941,positive,Setup and Configuration | Alexa Skills and Features,easy setup | easy to use | many apps available | still learning,Easy setup and use with many available apps; customer still exploring capabilities.
1,30-Jul-18,Black  Dot,Echo Dot responds to us when we aren't even talking to it. I've unplugged it. It feels like it's &#34;spying&#34; on us.,0,1942,negative,Voice Recognition | Device Reliability,responds when not talking | spying concerns | unplugged device,"Device activates without voice commands, raising privacy concerns."
1,30-Jul-18,White  Dot,NOT CONNECTED TO MY PHONE PLAYLIST :(,0,1943,negative,Alexa Skills and Features,not connected to phone playlist | connection issue,Unable to connect to phone playlist.
5,30-Jul-18,Black  Dot,"I had put this off for awhile but finally got around to buying 3 of them for my home. My wife is legally blind and cannot use the computer. This has been a Godsend, 100%. We have the Amazon music for her and now she can listen to music, check the weather, get phone numbers, make calls, etc., etc.. We are still learning but I tell you, this is absolutely amazing. I purchased 4 more for my extended family and the grandchildren absolutely love playing their music on Alexa. With the wifi and direct cable capability, the speaker/stereo options are there for the choosing. This is well worth the money. You won't regret this at all!",1,1944,positive,Alexa Skills and Features | Smart Home Integration,life-changing for blind wife | music access | weather and calls | multiple devices | excellent speaker options,"Transformative accessibility device enabling independent music, weather, and communication for blind user."
5,30-Jul-18,Black  Dot,Perfect! Fast shipment and packaging. Worked as intended.,1,1945,positive,Device Reliability,fast shipment | good packaging | worked as intended,Product arrived quickly with good packaging and functioned properly.
3,30-Jul-18,White  Dot,Alexa seems to get dumber and less useful all the time,1,1946,negative,Alexa Skills and Features,getting dumber | less useful | declining performance,Alexa's capabilities have declined over time and become less useful.
5,30-Jul-18,Black  Dot,I'm addicted to this thing.,1,1947,positive,,addicted | highly satisfied,User is extremely satisfied and heavily uses the device.
4,30-Jul-18,Black  Dot,I love my Dot and am hoping to add a couple more around the apartment. The only reason I didn't give it 5 stars is because I wish the speaker would be just a little better. I know Amazon probably wanted to keep costs down for this item but I really like to play music around the apartment when I am busy doing things so if they would have added a speaker with just a little more wattage and bass response they would have something great to put in the bathroom or kitchen where there might not be a lot of space for a full sized Echo. I would have been willing to pay 10 to 20 dollars more if it had a better speaker. Oh well it is what it is and I still love it. I'm just going to have to find a Bluetooth speaker that sounds good but doesn't take up a whole lot of space.,1,1948,mixed,Sound Quality | Price and Deals,love the Dot | speaker needs improvement | low wattage and bass | willing to pay more,Loves the device overall but wishes it had a more powerful speaker with better bass.
5,30-Jul-18,Black  Dot,So far all.i can say is I love it,1,1949,positive,,love it | so far,User loves the device.
5,30-Jul-18,Black  Dot,"Love my dots. Easy to use. I have two plus the Echo Spot. One of my favorite features is the ability to listen to music ... AMAZON, IHeart Radio, Pandora.",1,1950,positive,Alexa Skills and Features | Video and Streaming,love Dots | easy to use | multiple music streaming services,Loves owning multiple Dots and appreciates easy use and music streaming options.
5,30-Jul-18,White  Dot,Great to play music throughout the house. Great and easily fits in my decor of my home,1,1951,positive,Video and Streaming | Design and Appearance,great for music | fits home decor | compact,Great for playing music throughout the home and blends well with décor.
5,30-Jul-18,White  Dot,"I'm obsessed with Alexa. She tells me the weather every morning, she can play games (we love the guess the song one!) and the one we have upstairs can turn off our TV downstairs which is so cool because why walk down the stairs if Alexa will do it for you????",1,1952,positive,Alexa Skills and Features | Smart Home Integration,obsessed with Alexa | weather updates | games | remote TV control,"Loves Alexa's features including weather, games, and smart home control capabilities."
3,30-Jul-18,White  Dot,Works well. Just disappointed with the speaker quality. But hooked it up to old computer speakers.,1,1953,mixed,Sound Quality | Device Reliability,works well | disappointed with speaker quality | workaround solution,"Device works reliably but speaker quality disappointed, so user connected external speakers."
5,30-Jul-18,Black  Dot,"Easy setup, easy use, work with other smart products, always learning what it can do",1,1954,positive,Setup and Configuration | Smart Home Integration | Alexa Skills and Features,easy setup | easy use | smart home compatible | continuously learning,"Easy setup and use, integrates with smart home products, and offers expanding capabilities."
5,30-Jul-18,White  Dot,We have so much fun with this! So easy to use that even my four year old loves talking to Alexa!!,1,1955,positive,Alexa Skills and Features | Voice Recognition,fun | easy to use | four year old | talking to Alexa,Family enjoys using this device; even a young child finds it easy and fun to use.
5,30-Jul-18,Black  Dot,"I love my new Echo Dot! Right now, I mainly use it to play music at night, but it gets the job done.",1,1956,positive,Video and Streaming,love it | play music | gets the job done,User enjoys Echo Dot primarily for playing music at night.
5,30-Jul-18,Black  Dot,"We love this thing! I wish I would have gotten it sooner. You will certainly want to go through the settings and lock it down if you have kids, but it is a great additional for even unexpected things like helping the kids with homework. There are loads of skills. I am very happy with this purchase, especially since I got it on prime day for almost half price.",1,1957,positive,Alexa Skills and Features | Price and Deals,love this | great addition | homework help | loads of skills | half price,"Very satisfied with purchase; useful for various tasks including homework, and got great deal on Prime Day."
5,30-Jul-18,White  Dot,Super easy to hook up and program. I use the music feature the most but I love how I can set reminders from my phone and my Echo will remind me at the set time. It’s great for my news updates too!,1,1958,positive,Setup and Configuration | Alexa Skills and Features,super easy setup | music feature | reminders from phone | news updates,"Easy to set up; user loves music, reminders, and news update features."
5,30-Jul-18,Black  Dot,It works just like my other Dots.,1,1959,positive,Device Reliability,works as expected | consistent performance,"Device functions reliably, performing the same as other Echo Dots."
5,30-Jul-18,Black  Dot,Set up was simple. It recognizes my voice well. It seams very intuitive. I am enjoying its ease of use.,1,1960,positive,Setup and Configuration | Voice Recognition,simple setup | recognizes voice well | intuitive | ease of use,Setup is simple; voice recognition works well and interface feels intuitive.
2,30-Jul-18,Black  Dot,The only negative we have on this product is the terrible sound quality. A massive difference from the Alexa. Which to us was a big reason we wanted to purchase this.Won’t be buying another until the speaker and sound quality can improve.,0,1961,negative,Sound Quality,terrible sound quality | massive difference | speaker quality poor,"Sound quality is significantly worse than expected, disappointing compared to other Alexa devices."
3,30-Jul-18,White  Dot,I was hoping the cord was white also. Otherwise it is fine.,1,1962,positive,Design and Appearance,white cord preference | otherwise fine,Mostly satisfied; only minor aesthetic preference about cord color.
5,30-Jul-18,White  Dot,"I like that she has the ability to do multiple different things like create a to do list, set and alarm, play any song I can think of and much more. I wish the sound could be a tad louder.",1,1963,mixed,Alexa Skills and Features | Sound Quality,multiple functions | to do list | alarms | play songs | sound louder,Appreciates versatility of features but wishes sound volume were greater.
5,30-Jul-18,Black  Dot,"Too soon, I'm still learning what I can do with it.",1,1964,positive,,still learning | early stages | discovering capabilities,User is still exploring device capabilities and learning what it can do.
4,30-Jul-18,Black  Dot,Enjoying it and still learning all the commands. Ran into one frustrating issue. It was not user friendly when trying to set up voice recognition for a household.,1,1965,mixed,Voice Recognition | Setup and Configuration,learning commands | frustrating setup | voice recognition | not user friendly | household,Generally enjoying the device but found voice recognition household setup frustratingly non-user-friendly.
5,30-Jul-18,Black  Dot,I love the option where u can play music everywhere in the house when you have multiple devices,1,1966,positive,Smart Home Integration,music everywhere | multiple devices | house-wide play,Loves the ability to play music throughout the house with multiple devices.
4,30-Jul-18,White  Dot,I like almost everything,1,1967,positive,,almost everything | satisfied,Satisfied with nearly all aspects of the device.
5,30-Jul-18,Black  Dot,"AMAZING. It has helped me become better organized, gives me traffic updates, weather updates, and helps me maintain a good, fast morning routine.",1,1968,positive,Alexa Skills and Features,organized | traffic updates | weather updates | morning routine,Finds the device amazing for organization and providing useful information to support daily routines.
4,30-Jul-18,Black  Dot,"My kids love Alexa... Skills are amazing, would like to see her get a little smarter answering basic questions",1,1969,mixed,Alexa Skills and Features,kids love | skills amazing | answer questions | smarter,"Family enjoys Alexa and its skills, but wishes it could answer basic questions better."
5,30-Jul-18,White  Dot,Great. Definitely gets a little old after a while but for $30 I can't really regret it at all. Love having it hooked up to my speakers via bluetooth and waking up to The Smiths.,1,1970,positive,Price and Deals | Device Reliability,thirty dollars | gets old | bluetooth speakers | great value,"Great value at thirty dollars with reliable bluetooth connectivity, though novelty fades over time."
5,30-Jul-18,Black  Dot,Love it. Added it to an upstairs bedroom,1,1971,positive,Smart Home Integration,added upstairs | bedroom | loving it,Loves having added an Echo device to the bedroom.
5,30-Jul-18,White  Dot,Got to love Alexa she does everything around our house,1,1972,positive,Smart Home Integration | Alexa Skills and Features,does everything | house-wide control,Very satisfied with Alexa's capabilities for controlling and managing the home.
5,30-Jul-18,Black  Dot,Works great and easy to set up!,1,1973,positive,Setup and Configuration | Device Reliability,works great | easy setup,Device works great and is easy to set up.
5,30-Jul-18,Black  Dot,My 3rd echo device. Very easy to set up. Works perfectly.,1,1974,positive,Setup and Configuration | Device Reliability,third device | very easy setup | works perfectly,Third Echo device is very easy to set up and works perfectly.
5,30-Jul-18,Black  Dot,Easy to set up and start using.. works as advertised.,1,1975,positive,Setup and Configuration,easy to set up | works as advertised,Simple setup and reliable performance as expected.
5,30-Jul-18,Black  Dot,Love our little dot. I don’t know what the original larger Alexa can do that the dot cannot do but we are pleased with our dots capabilities.,1,1976,positive,Alexa Skills and Features,love the dot | capable device | pleased with features,Dot offers strong capabilities and satisfies user needs.
5,30-Jul-18,White  Dot,"Works as expected. This is our fourth one, our son loves it in his room. Easy to set an alarm and he can play music through it.",1,1977,positive,Alexa Skills and Features | Setup and Configuration,works as expected | fourth purchase | easy alarm setup | music playback,Reliable device with easy alarm and music features; repeat customer.
5,30-Jul-18,Black  Dot,Dislike the volume. It does not sound loud enough.,1,1978,negative,Sound Quality,volume too low | insufficient loudness,Sound volume is inadequate for user needs.
5,30-Jul-18,Black  Dot,Love Alexa!! I own 2 and gave one for a gift which was a huge hit!,1,1979,positive,Gift Purchase,love Alexa | owns two units | great gift,User loves product and gave it as successful gift.
5,30-Jul-18,Black  Dot,"I love this technology. I'm older, but this is so easy to set up and use. I have the dot in my bedroom and use it for everything I use my echo for which is in the living room.",1,1980,positive,Setup and Configuration | Alexa Skills and Features,easy to set up and use | older user | versatile functionality,Easy-to-use device that replaces larger Echo for all needs.
5,30-Jul-18,White  Dot,Use as my 3rd dot. Bought so my husband would be able to contact someone if he falls and doesn't have access to phone.,1,1981,positive,Alexa Skills and Features,third dot purchase | emergency contact capability | safety feature,Third dot purchase valued for emergency contact functionality.
5,30-Jul-18,Black  Dot,Amazing product. Still learnimg all the things it can do,1,1982,positive,Alexa Skills and Features,amazing product | learning features | capabilities discovery,Impressive product with many features still being discovered.
5,30-Jul-18,Black  Dot,"Does what I expected, and more.",1,1983,positive,Alexa Skills and Features,meets expectations | exceeds expectations | performs well,Device meets and exceeds user expectations.
1,30-Jul-18,White  Dot,The product sounded the same as the emoji speaker from five below my sister has ... and even that one has Bluetooth and doesn’t need to be plugged in. The only good thing about this is that you can speak to it.,0,1984,negative,Sound Quality | Design and Appearance,poor sound quality | needs to be plugged in | lacks Bluetooth,Sound quality comparable to budget speaker; lacks Bluetooth and portability.
5,30-Jul-18,White  Dot,It’s easier to do things with it,1,1986,positive,Alexa Skills and Features,easier to use | convenient | functional,Device makes tasks simpler and more convenient.
4,30-Jul-18,Black  Dot,"Overall love it. There are just some commands which aren't effective. It may be part user error or ""Alexa"" becoming accustom to what is being asked.",1,1987,mixed,Alexa Skills and Features | Voice Recognition,loves overall | some commands ineffective | user error,Generally satisfied but some voice commands don't work as expected.
5,30-Jul-18,Black  Dot,"these are additional alexa based devices to make access better from other parts of our homes rather than trying to shout questions or instructions through out the house, lol. we wouldn't be without alexa for the variety of functions that she performs.",1,1988,positive,Smart Home Integration | Alexa Skills and Features,multi-room access | variety of functions | essential device,Multiple Alexa devices improve home accessibility and perform many useful functions.
5,30-Jul-18,White  Dot,"Works great, love the fact you can play the same music on a group of devices.",1,1989,positive,Alexa Skills and Features | Sound Quality,works great | multi-device music playback | group functionality,Works well with music playing capabilities across multiple devices.
5,30-Jul-18,Black  Dot,"I love it, it is just what I thought it would be!!! I'm addicted!",1,1990,positive,,loves it | meets expectations | addicted,Exceeds expectations and user is very satisfied.
5,30-Jul-18,Black  Dot,"Works beautifully, excellent sound.",1,1991,positive,Sound Quality | Device Reliability,works beautifully | excellent sound quality,Device functions beautifully with excellent audio performance.
5,30-Jul-18,White  Dot,Still learning everything she can do. Good for a room. Volume is pretty good without an additional speaker,1,1992,positive,Alexa Skills and Features | Sound Quality,still learning capabilities | good volume | room suitable,User discovers more capabilities over time with decent sound quality.
5,30-Jul-18,Black  Dot,neat tool we enjoy it with the family,1,1993,positive,Alexa Skills and Features,neat tool | family enjoyment | engaging,Useful device that the family enjoys together.
5,30-Jul-18,Black  Dot,Easy to connect and the skills created for our Echo 2nd Gen worked fine with the Dot.,1,1994,positive,Setup and Configuration | Alexa Skills and Features,easy to connect | compatible skills | Echo 2nd Gen transfer,Easy setup with previous Alexa skills transferring smoothly.
5,30-Jul-18,White  Dot,"I live alone, this is the best companion!",1,1995,positive,,lives alone | best companion | personal connection,Provides companionship and is valued by solo user.
5,30-Jul-18,Black  Dot,Easy to set up and connect with smart devices. Just what I needed!,1,1996,positive,Setup and Configuration | Smart Home Integration,easy to set up | connect with smart devices | just what needed,Device was straightforward to set up and integrates well with smart home devices.
5,30-Jul-18,White  Dot,"Love it! I personally prefer Spotify music, so it’s great that I was able to set that as default. There’s not a day that goes by without music in our home. Also, the reason we got it is to keep our pup calm when we leave, so we tell Alexa to play some classical music or jazz and it works wonders. He’s a lot more calmer and doesn’t bark when we lock the door and start walking away. It’s a must have!",1,1997,positive,Alexa Skills and Features | Smart Home Integration,Spotify as default | music every day | keeps dog calm | classical and jazz music,Excellent device for playing music via Spotify and effectively calms pet with audio.
5,30-Jul-18,Black  Dot,Love it. It works great. Alexa still has some problems but it is getting better every day. I'm not an expert but I think the sound quality is fine. Not perfect but good.,1,1998,mixed,Sound Quality | Alexa Skills and Features,works great | Alexa has problems | sound quality fine | improving daily,"Device works well overall with acceptable sound quality, though Alexa still has occasional issues."
5,30-Jul-18,Black  Dot,This is my second Echo to purchase -- the price was so cheap -- I'm seriously thinking of buying 2 more -- I use &#34;Alexa&#34; for everything -- it's the next best thing to the internet :-*,1,1999,positive,Price and Deals | Alexa Skills and Features,second purchase | very cheap price | use for everything | highly recommended,Affordable device that customer loves so much they plan to buy multiple additional units.
5,30-Jul-18,Black  Dot,I love it. bought one for my daughter and one for myself,1,2000,positive,Gift Purchase,love it | gift for daughter | purchased multiple,Customer purchased units for themselves and their daughter and is satisfied with the product.
5,30-Jul-18,Black  Dot,It is just not as loud as I thought it was going to be.,1,2001,negative,Sound Quality,not as loud | volume disappointment,Device volume is lower than customer expected.
5,30-Jul-18,Black  Dot,I enjoy it. Still discovering new uses.,1,2002,positive,Alexa Skills and Features,enjoy it | discovering new uses,Customer enjoys the device and continues discovering new features and capabilities.
5,30-Jul-18,Black  Dot,Being able to add speakers is a plus. I take it on my deck when I am outside. Just love it. I have my big Alexia in my bedroom,1,2003,positive,Design and Appearance | Smart Home Integration,add speakers | portable on deck | multiple rooms | love it,Device offers speaker expansion capability and can be used portably across different rooms.
5,30-Jul-18,Black  Dot,"excellent device , works great, having no problems or concerns",1,2004,positive,Device Reliability,excellent device | works great | no problems,Device functions excellently with no reported issues or concerns.
4,30-Jul-18,Black  Dot,It's pretty fun and nice to have a speaker that responds to my questions but doesn't understand my commands some of the time.,1,2005,mixed,Voice Recognition,responds to questions | fun and nice | doesn't understand commands sometimes,Device responds to questions but has inconsistent command recognition issues.
5,30-Jul-18,Black  Dot,I like the hands free operation vs the Tap. We use both for controlling smart plugs.,1,2006,positive,Smart Home Integration | Alexa Skills and Features,hands free operation | smart plugs control | better than Tap,Hands-free operation works well for controlling smart plugs compared to the Tap.
3,30-Jul-18,Black  Dot,I dislike that it confuses my requests all the time.,1,2007,negative,Voice Recognition,confuses requests | frequent misunderstanding,Device frequently misinterprets voice requests.
5,30-Jul-18,Black  Dot,"Love my Alexa! Actually have 3 throughout the house. Favorite function is lists. Great for time management and if course, music.",1,2008,positive,Alexa Skills and Features,owns three units | lists function | music playback | time management,Loves having multiple Alexa devices; lists and music features are favorite functions.
4,30-Jul-18,Black  Dot,This product is easy to use and very entertaining. I have yet to hook it up to my TV or lights but look forward to doing so.,1,2009,positive,Setup and Configuration | Alexa Skills and Features,easy to use | entertaining | TV and lights integration ready,Easy to use and entertaining; user plans to connect to TV and lights.
4,30-Jul-18,Black  Dot,works great but speaker is not the good for music. Will need to get a Bluetooth speaker.,1,2010,mixed,Device Reliability | Sound Quality,works great | poor speaker quality | music playback limitation,Device works well but speaker quality is inadequate for music listening.
5,30-Jul-18,White  Dot,Outstanding product - easy to use. works great,1,2011,positive,Device Reliability | Setup and Configuration,outstanding | easy to use | works great,Outstanding product that is easy to use and works reliably.
4,30-Jul-18,White  Dot,We have six of these throughout our home and they are great. There are times when music or talking happens randomly that may be from sensitive listening. There should be more options to change the name of the engagement command &#34;Alexa&#34; or &#34;Computer&#34; are a little annoying. More colors then black and white would also be a good thing.,1,2012,mixed,Device Reliability | Design and Appearance | Alexa Skills and Features,six units throughout home | random audio activation | limited customization | color options,Works well across multiple units but has random activation issues and limited wake word and color options.
5,30-Jul-18,Black  Dot,Use the product for music and it’s great!,1,2013,positive,Alexa Skills and Features,music playback | great performance,Works great for playing music.
5,30-Jul-18,Black  Dot,Easy to set-up and to use.,1,2014,positive,Setup and Configuration,easy setup | easy to use,Device is straightforward to set up and operate.
4,30-Jul-18,White  Dot,I like having more Alexa devices in my house and the sales price on amazon prime day was too tempting.,1,2015,positive,Price and Deals | Gift Purchase,multiple devices | Amazon Prime Day sale | good deal,Purchased multiple devices at attractive Prime Day pricing.
5,30-Jul-18,White  Dot,I loved it does exactly what it says,1,2016,positive,,does exactly what it says | loved it,Device performs as advertised and user is satisfied.
4,30-Jul-18,Black  Dot,I used it to control my smart home devices. Works great.,1,2017,positive,Smart Home Integration,smart home control | works great,Successfully controls smart home devices with reliable performance.
5,30-Jul-18,White  Dot,"Este producto llegó y a la semana se quedó sin olor, perdió toda su escencia, huele solo a alcohol",1,2018,negative,,lost scent within a week | smells only like alcohol | lost essence,"Product lost its fragrance after one week, retaining only alcohol smell."
5,30-Jul-18,White  Dot,Easy to set up Ready to use in minutes.,1,2019,positive,Setup and Configuration,easy setup | ready in minutes,"Setup is quick and effortless, operational within minutes."
4,30-Jul-18,White  Dot,My three year old loves it. Good for doing basic household tasks. We're going to add a few smart outlets and bulbs.,1,2020,positive,Smart Home Integration,child enjoys it | basic household tasks | smart home expansion,Child loves it for household tasks; user plans to expand with smart devices.
5,30-Jul-18,Black  Dot,Awesome device wish I bought one ages ago.,1,2021,positive,,awesome device | wish bought earlier,User is impressed and regrets not purchasing sooner.
5,30-Jul-18,Black  Dot,"Perfect for kids, adults and everyone in between!!",1,2022,positive,,suitable for all ages | perfect for everyone,Device appeals to and works well for people of all ages.
5,30-Jul-18,Black  Dot,"Listening to music, searching locations, checking time, looking up weather. There are many more task to learn. It was simple to set up.",1,2023,positive,Setup and Configuration | Alexa Skills and Features,"music, locations, weather | simple setup | many tasks to learn","Simple setup with multiple useful features including music, search, and weather."
5,30-Jul-18,Black  Dot,"I do love these things, i have them running my entire home, TV, all my lights, my thermostat, my front door dead bolt, the cameras... and i love listening to npr. these things are well worth the value and they really shine once you stat adding smart devices and you can control your entire home like its right out of star trek.... I named mine computer to get the feel... but its amazing what you can do with these devices and smart systems.",1,2024,positive,Smart Home Integration | Alexa Skills and Features | Device Reliability,entire home automation | TV lights thermostat security | worth the value | star trek experience,Controls entire smart home ecosystem reliably and offers exceptional automation value.
5,30-Jul-18,White  Dot,"Only complaint I have is that the sound quality isn't great. I mostly use it for commands though, and I have another dot hooked up to my stereo system to play music through. I have a couple friends that have a dot and don't mind the audio quality, but if you're bothered by that kind of thing I'd go with the full size echo or make sure you hook the do up to some larger speakers.",1,2025,mixed,Sound Quality | Smart Home Integration,sound quality isn't great | works well for commands | can connect to speakers,"Sound quality is mediocre for audio, but works well for commands and can be improved with external speakers."
5,29-Jul-18,Black  Dot,Nice little unit no issues,1,2026,positive,Device Reliability,no issues | nice unit | reliable,A reliable device with no problems reported.
5,31-Jul-18,Black  Dot,"The echo dot was easy to set up and use. It helps provide music, etc. to small spaces and was just what I was looking for.",1,2027,positive,Setup and Configuration | Alexa Skills and Features | Design and Appearance,easy to set up | music streaming | small spaces | met expectations,Echo Dot was straightforward to set up and delivers music well for small areas.
