review_title,review_details,customer_name,review_timestamp,row_id,sentiment,categories,keywords,summary
Horrible meal,"Horrible mealHad meal at kelso nsw it was disgusting hamburgers dry, fries cool ,drinks expensive.last time I was there within last 2 years I forgot how bad it was never again",patricia,6h,0,negative,Food Quality | Food Temperature | Price Value,dry hamburgers | cool fries | expensive drinks | disgusting,"Meal was disgusting with dry hamburgers, cool fries, and expensive drinks."
"Bad customer services, Rude staff","Bad customer services, Rude staffMc Donald's Dovton VictoriaHad to wait in the Drive through for 15 minutes to get to the payment window, then revived cold food! got back to work late too. NOT What i paid for!! Rang and left my name for a call back, funny never was called back.",jay,10h,1,negative,Drive-Thru Experience | Food Temperature | Staff Behavior,long wait | cold food | rude staff | no callback,"Long drive-thru wait, cold food, and unresponsive staff caused customer to be late."
"Watch out for the ""Karen"", she's a government weapon","Watch out for the ""Karen"", she's a government weaponThe West Gosford store I go to every once a fortnight for a snacky midnight treat. The last four times the meals have been cold, and I said ""I hope this time the meal won't be cold"". Well ""Karen"" ordered me to drive to the other window which was clearly not in attendance and left me there. ""Karen"" decided, I needed. to be punished for complaining. I'm over 60, white and male, and we are first on the Government hit list for the Agenda 2030 debacle. This behaviour is not lawful or legal, if you ... Read moretrigger a ""Karen"" they can have you arrested on hearsay whilst the law looks the way for so much as farting in the wrong direction. Remember these women are not attractive, they are bitter and forgotten. Nothing is more dangerus than a ""Karen"" wth a axe to grind.. I've noticed during 2024 this behaviour amongst bitter women who are programmed by third wave feminism with this vile male hatred. is becoming more and more common I've never encountered this disgugusting behaviour from McDonalds ever. I have a heart condition i returned later to get my money back, i woudn't take the meal that would be coldl. She told me to wait and slammed the window. this made me so upset I started feeling as if I was having another heart attack. I had to get to the hospital real quick, where, oddly enough, there was another ""Karen"" who decided I was garbage so she got security who picked me up and threw me in the gutter where the cab rank is. And why did this all happen? Because I went to the West Gosford Mcdonalds like I've done so many times before. I want my money returned and an appology and maybe a token hot meal, that's all. Oh and get rid of ""Karen""",Bazcar,17h,2,negative,Food Temperature | Staff Behavior,cold meals | rude staff member | poor service | refund denied,Customer received cold meals and experienced dismissive treatment from staff.
Morally Wrong,Morally WrongHow can Maccas find it morally acceptable to support a violent series like Squid Games by having a Squid Games meal … are you serious!,FrankV,1d,3,negative,,morally wrong | violent series | Squid Games promotion,Customer objects to McDonald's partnership with violent Squid Games series.
McDonald's needs to pull its socks up - a lot,"McDonald's needs to pull its socks up - a lotBell and Sussex Street, Pascoe Vale South. I went there today (New Years Day). Yet again the fries were barely warm. Several times in the past, I have sent the order back. What was worse this time was that nobody wanted to serve me. An employee actually stood right in front of me and checked the cafe without even looking at me. She then walked away. After that, the store manager came really close and seemed to be checking around but she didn't check if anyone was serving me. Eventually, the store manager returned and served me herself - so she knew I was there! I remember a time when Macca's would die a thousand deaths if there was ANYTHING wrong with their food or their service.",Nika,1d,4,negative,Food Temperature | Staff Behavior | Service Speed,warm fries | ignored customer | poor service | inattentive staff,Fries served barely warm and customer was ignored by multiple staff members.
Putrid,"PutridIt seems most Maccas restaurants are pig styles these days. Sometimes the stores are super busy so understaffing may be an issue. Other restaurants just have no excuse other than staff being young and oblivious to the mess. It shouldn’t be difficult to find a table that is not covered with food scraps. I just don’t understand; I worked in Maccas London back in 1978, there was always someone allocated to clean the tables and they were cleaned straight after the patrons exited. Lift your game Maccas, do something about the putrid state of your restaurants (toilets included).",Sharene,3d,5,negative,Cleanliness,filthy restaurants | food scraps on tables | dirty toilets | understaffing,Restaurant is dirty with uncleaned tables and poor sanitation standards.
Missing Item,Missing ItemItem missing from order what a joke trying to contact MacDonalds keep getting redirected can’t be that hard to read order and check won’t be ordering any more. Show details,Sulley,3d,6,negative,Order Accuracy,missing item | unable to contact | order check failed,Item missing from order and customer unable to reach McDonald's for resolution.
Disgusting toilets,"Disgusting toilets99% of McDonald's toilets are disgusting. They are filthy, the equipment is often broken, e.g. toilet seat, it's a reflection on them as a company and what they think of us, their customers.Let's face it, the toilets are better at Hungry Jack's.",Hilly,5d,7,negative,Cleanliness | Equipment Availability,filthy toilets | broken equipment | poor hygiene | unfavorable comparison,McDonald's toilets are consistently dirty with broken equipment throughout locations.
Cannot make coffee,"Cannot make coffee1/2 a cup of coffee, just ordered a large coffee flat white and its half empty; its always a hit or miss , this is Mcds opposite Asfield Park 2131",michael,1w,8,negative,Portion Size,half-empty cup | inconsistent service | large coffee underfilled,Large coffee served only half full with inconsistent quality.
Sugar added and not advised,"Sugar added and not advisedOrdered an iced latte, it was made with sugar in it so was slightly sweet. I don’t know why they make it sweet . Should give people an option to have no sugar!",David,1w,9,negative,Food Quality | Order Accuracy,unwanted sugar added | no option given | sweet iced latte,Iced latte made with sugar without customer consent or option for no sugar.
Same old…. Stale food and missing items,"Same old…. Stale food and missing itemsMcDonald’s Sunbury, Horne street.Purchased sausage and egg muffins at 7am. I get home they are stale and hard and also no eggs. Nothing but dramas with this store. It should be closed down.",dmwheelers,1w,10,negative,Food Quality | Order Accuracy | Food Temperature,stale and hard muffins | missing eggs | recurring problems,"Stale, hard sausage and egg muffins with missing eggs at Sunbury location."
Macas has gone cracks,"Macas has gone cracksI have been eating at McDonald's for over sixty years and all I have seen in the last twenty years is how it has deteriorated into a place I no longer visit. Once the staff were young and friendly very polite but now the staff are young arrogant disrespectful and very poorly trained. What do I put this down? Their training, technology, and a very poor attitude. The facilities including toilets are a filthy disgrace. It was common knowledge years ago to employ ex-McDonald's employee was employ a well-trained and well-present... Read moreed individual. Not anymore would you consider an ex- McDonald employee because all you would get is someone who is to busy talking on their phone or talking to another staff to bother engaging with a customer. I base my opinion not only on the years I have known McDonald's but also on visiting many, many stores through NSW and Qld. McDonalds you are a disgrace and an embarrassment to your early peers.",Jim F.,2w,11,negative,Staff Behavior | Cleanliness,staff disrespectful and arrogant | poorly trained employees | filthy facilities | deteriorated service,Staff behavior and facility cleanliness have significantly deteriorated over decades of visits.
Horrible,HorribleThe service was horrible all they had to do was put the fries in the bag,John D,2w,12,negative,Service Speed | Staff Behavior,horrible service | simple task not completed,Staff failed to properly bag fries during service.
DISGUSTING Food and gets order wrong,DISGUSTING Food and gets order wrongDisgusting .. always gets my order wrong .. restaurant is messy. NO,Jane F.,2w,13,negative,Order Accuracy | Cleanliness,order always wrong | messy restaurant,Consistent order errors and poor restaurant cleanliness.
HAIR IN MY BURGER,"HAIR IN MY BURGERdisgusting. mine had a hair in it and they gave me no refund, or compensation, and showed absolutely no empathy. the employees working in the kitchen wore no protective headwear to keep from an incident like this happening.One word… disgusting.I’m disappointed in you, Maccas Merimbula.",millie m.,2w,14,negative,Food Quality | Cleanliness | Staff Behavior,hair in burger | no refund or compensation | no protective headwear | lack of empathy,Hair found in burger with no refund or compensation offered.
GREED !!!,"GREED !!!McDonald’s is at its best when it’s maximizing profits. Next time you order a Filet-o-Fish, take a closer look at the size of the fish patty. It’s shrunk by at least 30% over the years. I recently got mine from a McDonald’s in Sunshine, Victoria. The patty was so dry that I peeked between the buns and couldn’t believe how thin it had become. It’s unbelievable, Maccas. I know now why I rarely visit the restaurant anymore. Show details",tony n.,2w,15,negative,Food Quality | Portion Size | Price Value,fish patty shrunk 30% | dry patty | profit maximizing,Filet-o-Fish patty has significantly shrunk and become dry over years.
Thank you for the Elves,"Thank you for the ElvesJust wanted to thank you for your Elf happy meal packs. My 4 little grandies have so enjoyed making up the houses and making a display of elves. We often enjoy a Macca's meal and at this time of year your product made our visits extra special. So again, thank you and Merry Christmas and a very Happy New Year. Show details",Diane F.,2w,16,positive,Special Items,Elf happy meal packs | grandchildren enjoyed | made visits special,Elf happy meal packs brought joy to grandchildren during visits.
If I could give a lower rating I would.  No care.  No responsibility,"If I could give a lower rating I would. No care. No responsibilityVisited Torquay (VIC) McDonalds while travelling. Purchased a cheeseburger and fries. We ate in. The cheeseburger had no onions and no pickles on it. The fries were tipped upside down in the bag served to us. Asked McDonalds for a refund. They advised I could get a refund if I went back to the store in 7 days. As we were travelling and had no intention of driving three hours back, asked for an alternative. None given. Quite happy to sell you an incomplete item made wi... Read moreth a complete lack of care and take your money with no responsibility. What is the point of having a customer complaints contact point if you aren’t actually going to resolve any compliant?? As promised, here is your one star.",Shane S,3w,17,negative,Order Accuracy | Staff Behavior,missing onions and pickles | fries served upside down | unhelpful refund policy | lack of care,Incomplete cheeseburger with poor presentation and unhelpful customer service response.
Big franchise fast food in decline,"Big franchise fast food in declineI try not to eat at Maccas any more as the Food quality is so low and the prices are way too high for the product offered.Having said that I thought I give a try again today and nothing had changed. I ordered a Quarter Pounder and it was terrible, so I threw it out.Thats why there is hardly anyone driving through the drive through anymore, and look at the reviews.Hungry Jacks and KFC aren’t much better.They are losing market share to the independent shops with really nice take away food at similar prices.Like the old saying, you can fool some people sometimes but you cant fool all the people all the time,Stop treating your customers like chumps. Put some effort into your food and service.",Rich,3w,18,negative,Food Quality | Price Value | Service Speed,low quality food | prices too high | Quarter Pounder terrible | declining drive-thru traffic,Poor food quality and high prices compared to competitors make McDonald's unviable.
They're cost cutting or is it profit maximising. They're certainly not into product integrity,"They're cost cutting or is it profit maximising. They're certainly not into product integrityProduct integrity starting to go the way of struggling enterprises. with skimping a new norm!!! Filet of fish burger with half a slice of cheese, Cherry Ripe McFlurry a blithe on Cadbury's stellar reputation with a meagre splash of the cherry topping as if dispensed from the top of a three storey building with a tad more coconut flakes to give one the impression of an approach to the Cherry Ripe acclaim. Cadburys do not trust them to sully your name w... Read moreith such indifference. No more lettuce in the Chicken burger instead the bottom of the container is strewn with 4-5 shreds of the white bottom section of the lettuce. The large serve of fries is so medium, but also limp and cold after a 5 minute drive. Hungry Jacks I am never ever going to sacrifice a longer drive for your wholesome offerings rather than waste my time or money on the joke that is the new MacDonalds.",Lindsay W.,3w,19,negative,Food Quality | Portion Size | Food Temperature,cost cutting practices | half slice cheese | meager cherry topping | limp cold fries | insufficient lettuce,Portion sizes reduced and food quality compromised across multiple menu items.
Fifty cents,"Fifty centsCheck out picture explains everything,just bigger than 50cent piece.fair trading not.",Rick,3w,20,negative,Portion Size,portion smaller than coin | unfair value | deceptively small,"Portion size was extremely small, smaller than a fifty-cent coin."
Customer service,Customer serviceI won a $100 voucher for a competition the customer service at main office is absolutely disgusting only respond by emails they can't be bothered talking about an issue you might have wat they say compared to wat they do is way off acceptable never ever again I will ever deal with this pathetic business.,Craig,3w,21,negative,Staff Behavior,poor customer service | unresponsive | won't resolve issues | won competition voucher,"Customer service refused to communicate by phone about voucher issue, only via email."
No tomato or cucumber in salad,"No tomato or cucumber in saladGot a classic chicken salad at mcdonalds yanchep.9.12.2024.All there was was lettuce and chicken. No tomato or cucumber, if they had run out, tell us.",Virginia F.,3w,22,negative,Order Accuracy | Food Quality,missing ingredients | salad incomplete | no notification of shortage,Salad was missing tomato and cucumber with no explanation for the shortage.
wrong size + missing bun,"wrong size + missing buni ordered a large classic angus meal and a mcchicken on its own. the meal was a medium, and the mcchicken is missing its bottom bun? how does that even happen?? i ordered through doordash so i can’t even go in and complain.",rhyeL,3w,23,negative,Order Accuracy | Portion Size,wrong size meal | missing bun | delivery order | unable to complain in-store,Large meal arrived as medium and McChicken missing bottom bun.
Food Poisoning MacDonalds Lakehaven NSW central coast,Food Poisoning MacDonalds Lakehaven NSW central coastI have been ill for a whole Year!!! they gave me the worst food poisoning December last year after a meal it was only thing i had eaten all day... i vomited for 12 hrs with in about 30-40 mins of eating i knew something was wrong with the food because my stomach immediately felt bad and it just progressed over the next few hrs to uncontrollably vomiting.... now been hospital about 15+ time's this year especially first few months was awful because I kept getting and still do enormous acid blo... Read morewn up stomach attacks that give.me chest pain difficulty breathing and discomfort.....its just awful i cant eat what i want nor can i go extended periods without something that agrees with my tummy....its just terrible ruines my days nights have to.constantly try to nurse my stomach,Bigdonga88,3w,24,negative,Food Quality,food poisoning | severe illness one year | vomiting | ongoing health issues,Experienced severe food poisoning with ongoing health complications lasting over a year.
very good  service,very good serviceWent to Mc Donald's in Ingleburn store number 1858 time 0922 did not have to wait long the girl be hind the counter was very pesante and it did not take for the food and drinks over all the Service was good and the seat area was clean,Henk,3w,25,positive,Service Speed | Staff Behavior | Cleanliness,quick service | pleasant staff | clean seating area | no wait,Fast service with pleasant counter staff and clean dining area.
DISGUSTING behaviour at my favorite McDonalds!,"DISGUSTING behaviour at my favorite McDonalds!So basically, I was at my McDonalds with my cousins and brothers. We walked over to the register to to order our food. Then when the employee looked right at my brother she fat shamed him! She said ""you stop going to McDonalds cause you just fatter everytime you get here. You should probably exercise."" I cannot explain the disgusted looked I gave her in anger. I hopped over the counter and started ripping her hair out screaming ""HOW ABOUT YOU EXERCISE YOU COW!"" Because if someone ever DARES to menta... Read morelly OR physically harm MY family I WILL kill them. My cousins started recording this, screaming my name going ""GO STARRY!"" And I beat the SH#T out of that B#TCH. Then other employees came and told their manager. The manager walked there and looked at the six of us in disgust. Saying ""you need to leave this store or I'm calling police."" So of course we didn't leave, because we are not letting some RAT get away with fat shaming my SUPER AWESOME BROTHER. So instead of leaving I got up and looked at the manager laughing. Then my cousin and brothers jumped over the counter and started biting the manager. I screamed ""EVERYONE LEAVE! THIS STORE IS ATROCIOUS."" Everyone boo'd and left. I smirked and got myself a free happy meal and a soft serve. Next day I went to a McDonalds I've never been to, so I obviously brought my cousins and brother along. We ordered and sat down. We waited like what? 2 hours! And we where the ONLY people there! Our food arrived and when I took a bite off one of chippies my tooth FELL OUT! The chip was ROCK HARD. I don't know what your employees have to do to fix these mistakes but I will be coming for you next! And next time, if my chipies are rock hard. I will cook you into my chips. Anyways, onto the point. There was this ONE McDonalds I've always loved! One time me and one of cousins went there cause we were itching for two soft serves and a giant eagle drink. So when we ordered the young lady was very beautiful and kind! Then when we got our food, she threw it on us! Saying we looked at her wrong. My cousin got up and pulled out a shotgun and killed the employee. Then we got our order by making it ourselves! McDonalds, if you don't do atleast SOMETHING to fix these problems. I will be burning down every McDonalds I find! Sincerely Starry prince. Love you!",Starry P.,4w,26,negative,Staff Behavior | Food Quality,discriminatory comments | hostile behavior | rock hard chips | poor service,Staff made discriminatory comments; separate visit had rock-hard chips.
"Why is this beyond a kitchen full of young women? Oh, wait","Why is this beyond a kitchen full of young women? Oh, waitThis morning I decided to go to McDonalds so someone could stuff up and I'd have to spend a total of forty minutes and the gas to drive there and back fixing the stuff up on a two item order.Putting the women in that kitchen together is like multiplying zeroes. They very perfunctorily apologized for getting it wrong, didn't check what they were giving me and proceeded to get the order wrong for a second time. Show details",James Danton,1mo,27,negative,Order Accuracy | Staff Behavior,orders wrong twice | no verification | perfunctory apology,Staff got order wrong twice without checking items before handing over.
Incomplete order,Incomplete orderI live in Traveston and visit local business about once a fortnight. I have rarely received my complete order. . Lately it has been very bad.,Trevor G.,1mo,28,negative,Order Accuracy,incomplete orders | frequent missing items | worsening issue,Rarely receives complete orders; problem has gotten worse recently.
Not the first time,"Not the first timeCorner of stud road and heatherton road. Right next to BP.Cold burgers, soggy chips, where's my onions and pickles as shown on your ads?",xx x.,1mo,29,negative,Food Temperature | Food Quality | Order Accuracy,cold burgers | soggy chips | missing toppings | not first time,"Cold burgers, soggy chips, and missing advertised onions and pickles."
Macwrongalds,"MacwrongaldsJust had the summer special, both the chicken and beef burger, both was terrible, your BBQ smoke is shiet no matter what you put it in, stop using it, your food tech I hope you don't pay them you havnt made a good burger in the last 5 years. At this rate I only eat macdonalds once every 6months, done from once a month, 8 years ago it used to once a week. Burgers are really better at hungry jacks. Show details",Choclatte,1mo,30,negative,Food Quality,terrible burgers | BBQ smoke flavor | quality decline | worse than competitors,Summer burgers were terrible with poor BBQ smoke flavor; quality has declined significantly over years.
Do not recommend,"Do not recommendI don’t hide the fact I live on either meal prep or fast/servo food via drive thru or fuel purchases and have eaten some truly suss stuff to fuel my life. The Macca pineapple bbq deluxe has hit a new low and motivated me to write this, my first ever food review. I don’t know who hurt you maccas but get help. There is no need for you to inflict your pain on others. I’m not sure how you dehydrated the pineapple to that point or desaturated its flavour but I’m suspecting alien technology. I also know we are in a cost of living ... Read morecrisis, but it is accepted practice to take out of the stem and top of the tomato and I feel this is a reasonable request. The bbq sauce also is generally meant to be in the bun itself not congealed as a side offering to the waste gods. Not that you care but I’ll take my atrocious eating habits elsewhere.",Suzie W.,1mo,31,negative,Food Quality | Order Accuracy,pineapple BBQ deluxe disappointing | dehydrated pineapple | improper sauce placement | poor tomato preparation,"Pineapple BBQ deluxe had dehydrated pineapple, misplaced sauce, and poorly prepared tomato."
Poor very poor would not recommend ever,Poor very poor would not recommend everLet's the picture tell the story a gourmet Angus 1,Craig D.,1mo,32,negative,Food Quality,poor quality | gourmet Angus burger | would not recommend,Gourmet Angus burger was poor quality and not recommended.
Pleasantly surprised experience,"Pleasantly surprised experienceI must say one of the best McDonald's l have experienced. Super clean, super polite and friendly service. The food was warm! and not shoved in the box. Was a great eat in experience. Thanks East Albury McDonald's Staff!!",SMA,1mo,33,positive,Cleanliness | Staff Behavior | Food Temperature,clean restaurant | polite friendly service | warm food | eat-in experience,"Clean restaurant with polite staff, warm food, and excellent eat-in experience."
30 Days 30 Rubbish Deals,30 Days 30 Rubbish DealsThis year's 30 days 30 deals is the worst rubbish I have ever seen! Nearly every day is either chicken nuggets or chicken burger. MacDonald's has the worst tasting chicken out there of any place I know! Plus a lot of the deals weren't even that cheap! Seriously can do better!,Tim,1mo,34,negative,Food Quality | Price Value | Special Items,poor 30 days deals | repetitive chicken items | bad chicken taste | not cheap,30 Days 30 Deals promotion is poor with repetitive chicken items and bad tasting chicken.
Always misses order,"Always misses orderAlways misses something when we order. Hasn't gotten a single order correct, but the food tastes great. Show details",Tim W.,1mo,35,mixed,Order Accuracy | Food Quality,always missing items | orders never correct | food tastes great,Orders consistently incomplete but the food itself tastes great.
Quality disappearing,Quality disappearingJust went to Sunbury near station ordered 2 large and 1 small sundaes disgusting all ice and water and got charged $15.20.ripped off big time.,Paul c,1mo,36,negative,Food Quality | Price Value,sundaes all ice and water | overpriced | disgusting | ripped off,Sundaes were watery and icy; charged $15.20 for poor quality product.
Rude shift manager,"Rude shift managerMy daughter visited the store and experienced extremely rude, aggressive, and unprofessional behavior from the shift manager (Harrisdale, Perth, 6112, Tuesday, 19 Nov 2024, 7:01 pm). The manager threw her Happy Meal at her, and even the box was torn. My daughter was treated poorly, started crying, and was very upset when she left.When I approached the manager to ask why they acted this way, they responded with shouting and aggression, completely disregarding professionalism. The shift manager was exceptionally rude, disrespe... Read morectful, and irresponsible in their role. I will share this experience with everyone I know and do everything I can to expose the poor service and unprofessional behavior at this McDonald’s. Incidents like this will undoubtedly damage the brand’s reputation.",Hossein H.,1mo,37,negative,Staff Behavior | Order Accuracy,rude shift manager | aggressive unprofessional behavior | thrown Happy Meal | damaged box,"Shift manager was rude and aggressive, threw daughter's Happy Meal, causing distress."
Yummy,YummyFast and tasty hot fries and nuggets with friendly customer service,Sophie L.,2mo,38,positive,Service Speed | Food Temperature | Staff Behavior,fast service | tasty hot fries | friendly customer service,Fast service with hot tasty fries and friendly customer service.
Teenage workers are afraid to talk to customers,Teenage workers are afraid to talk to customersMcDonald's Cheltenham Vic. I wanted a salt sachet. Waited 5 minutes at the counter and was completely ignored by 5 teenagers. They all looked at me but just walked off. One of them was the manager. Maccas is dying.,boomer,2mo,39,negative,Staff Behavior | Service Speed,teenage workers ignored customer | manager unhelpful | slow service | poor communication,Five teenage workers and manager ignored customer's request for salt sachet for five minutes.
Bad quality,"Bad qualitySupplied with a chick wrap with no lattice and tomato. Asked the manager the first time he said there is no problem. The second time went back and showed him, he tell kitchen to remake itThis is garden city MacDonald store",Ada H.,2mo,40,negative,Food Quality | Order Accuracy,chicken wrap missing ingredients | no lettuce and tomato | manager dismissive | had to remake,Chicken wrap arrived without lettuce and tomato; manager initially denied issue before remaking.
McDonalds yallambie Food is disgusting dry they get orders totally wrong,"McDonalds yallambie Food is disgusting dry they get orders totally wrongMonday 11/11/24 around 9 pm i went to McDonalds Lower Plenty RD MCDONALDS YALLAMBIEI ordered 2 triple cheeseburgers 2 large fries one large strawberry thick shake 2 chips i got one of the Burgers in a large meal deal..When i ordered at the microphone i told the girl i wanted 2 triple cheeseburgers 1 in a large meal.and told her no large onions i want the usual cheeseburger onions as they taste better. hardly any onion that was put on the burgers and it was sliced onion... Read more on them! once ordered i was told to wait in service bay. I waited OVER 10 MINUTES to get my first wrong order. I asked the chap just to make sure i got what i ordered i asked him if they were triple cheese burgers he said no and took them back in side store i also gave him a melted thick shake back asked for a new one non melted.i told him to take the thickshake back he said keep it he would give me a fresh one in which was not really thick at all. Ok when order was re done and got home the burgers were not as i asked for.. I ORDERED THE TRIPLE CHEESEBURGERS with meat cheese onion only. also told the girl twice i don't want the large onion pieces.. i asked for the cheese burgers to also only give me chopped onion the small diced onion as it has a far different Taste. I also asked for extra onion. similar happened a few months back. i complained they put my name in a book to get my next lot free. but after that 1 night i never went back. after months i backed down and trusted them yet again. and as usual they messed up my meal. i tried a few of their chips that were only warm Disgusting. ive tried to get them on the phone for over 2 hours they knew very well they messed up and expected me to ring them. only no answer. Now i am warning others up this way to go to Greensborough Store or Eltham in which both are just a hop jump from yallambie store and youre there!! This time i want a full refund and will never go there ever again. that business STINKS. ive gone there for around 12 years and have had dozens of them mess up my orders. and i'm sick of it!! $29.50 WASTED AND WILL MAKE CERTAIN I'M FULLY REFUNDED. I STILL HAVE THE GRUB IN WHICH IS BETTER REFERRED TO AS GRUB. I WOULDNT EAT IT. LOOKED DRY AS WELL.. DONT GO THERE GO TO A DIFFERENT MCDONALDS They say they dont have a Facebook group. here is the link to it on facebook https://www.facebook.com/profile.php?id=100090121530894 copy and paste from my online bank. i would appreciate a full refund. no one would eat grub like ths not as ordsered Filthy store at times. MCDONALDS YALLAMBIE YALLAMBIE VICAU-$29.50 ----------------------------------------------------------------------------------------------------------------- BANK DETAILS IN CUT AND PASTE BELOW MCDONALDS YALLAMBIE YALLAMBIE VICAU-$29.50 This business may have a different trading name. You can look it up online if you're not sure what it is.If you think this is an unauthorised transaction, go to Disputing a transaction to let us know.OnMon 11 Nov 2024 (Syd/Melb Time) This business may have a different trading name. You can look it up online if you're not sure what it is.If you think this is an unauthorised transaction, go to Disputing a transaction to let us know. OnMon 11 Nov 2024 (Syd/Melb Time) CategoryFast food restaurants i just noticed that this burger had pickle on it as well. in pic see onions see pickles.i never order pickles.they ruin my taste and i only like cheeseburger onion with lots on burger. PLEASE MAKE THE STORE AT YALLAMBIE HAS TO PAY FOR THIS IF HEAD OFFICE PAYS YOU SHOULD MAKE YALLAMBIE STORE PAY IT. AND MAY TEACH THEM A LESSON they could have gave me a refund or replacement but wouldnt want any food fro this store! ---------------------------------------------------------------------------------------------------------------0 Thank You Graeme Zerna",Graeme,2mo,41,negative,Food Quality | Order Accuracy | Service Speed | Cleanliness,dry disgusting food | wrong order | 10 minute wait | onions not as requested | melted shake | warm chips | no answer on phone,"Multiple order errors, 10-minute wait, dry food, wrong onion type, and unreachable customer service."
Maccas at Cartwright NSW has a very hardworking team!,"Maccas at Cartwright NSW has a very hardworking team!Went to Maccas, Hoxton Park Road, Cartwright to buy one of their November special deals. The store and tables were clean, service was prompt and the nice girl was very helpful. The team were working their butts off. Probably within 3 minutes my order was ready!!! Piping hot and fresh. It was the first time I tried a Big Mac, and sadly they left the cheese, pickles and onion off, but full points for the service. Also tried McNuggets for the first time. They were delicious. I've always had great service there.",Deb at Miller.,2mo,42,mixed,Service Speed | Food Quality | Cleanliness | Staff Behavior,hardworking team | clean store | 3-minute service | piping hot fresh | Big Mac missing toppings,"Excellent service and speed with clean facilities, but Big Mac missing cheese, pickles, and onion."
Food poisoning at Broadway MacDonalds,"Food poisoning at Broadway MacDonaldsDear Edwina,We are responding to your complaint concerning your purchase from Broadway McDonald’s restaurant, which you reported as resulting in illness.All food complaints are of serious concern to McDonald’s and as a result, we have thoroughly investigated your complaint, including carrying out a complete quality review of the restaurant. The results of this investigation confirm that all food ingredients were within shelf life and in good condition, and all in-store operational procedures, including s... Read moreanitation and hygiene, food storage, preparation and cooking were followed. We note that your complaint relates specifically to your purchase of Bacon & Egg McMuffin; Chai Latte; Hashbrown. Our records indicate that on the day in question the restaurant served 2311 other customers. We would like to reassure you that to this date, the restaurant has not received any other complaints of this nature. Whilst we sincerely regret learning of you becoming ill, we hope you have now recovered and are well. Based on the results from our investigations, we have been unable to identify the possible origin of your illness. As a valued customer, we appreciate the fact that you have taken the time to notify us of your concerns and we hope you will be able to give us the opportunity of serving you again in the future. Kind regards, Chantal McDonald’s Customer Service A week later Mac Donald’s requested a response or feedback This is what I wrote back in response I am making a claim with Mac Donald’s my clothes ruined faeces all over my clothing and footwear due to food poisoning at your Broadway will not be going back will write a review on social media platform/s Friday Mac Donald’s insurer contacted me stating it takes 10 days To process the claim Claim is for: Clothing footwear soiled by faeces by food poisoning The Sunday Mac Donald’s sent me a email this weekend Asked for feedback on their customer service Rating them poor And the insurer contacted me in regards to the claim was knocked back Disgusted at Maccas poor hygiene",Edwina K.,2mo,43,negative,Food Quality | Cleanliness,food poisoning | clothing ruined with faeces | poor hygiene | claim rejected | unsatisfactory investigation,Customer claims food poisoning from Bacon & Egg McMuffin resulted in severe illness; claim rejected by insurer.
all good',all good'kai cenat meal was so good you should get it with the grimce shake with the white cream,hgfggh t.,2mo,44,positive,Food Quality,Kai Cenat meal | very good | Grimce shake,Kai Cenat meal and Grimce shake were very good quality.
Great Service,"Great ServiceWhat service, your team at Richlands . 19 Government Road Richard’s QLDClean and all of your team were great.The best service, I’d stopped going to Mac Donald’s due the crappy service from different places.Oxley was the worst one, no team member came to serve me. Music blaring in back.Due to myself wanting to be served by person I waited for 5 minutes. Not one team member came to serve, hence I walked away, I’ve have returned this Mac Donald’s Oxley just to if 1st visit was a one off. No still crappy or no service.But my first visit in Richlands has changed my mind. This team give your self a huge pat on the back",bubbly_bubbles22,2mo,45,positive,Staff Behavior | Cleanliness,great team | clean store | excellent service | personal attention | returned due to good experience,"Richlands location provided outstanding service, clean facilities, and attentive team members."
Very Ordinary Burger Size,"Very Ordinary Burger SizeFILLET OF FISHHOW MUCH SMALLER CAN YOU MAKE IT.Today I made history.Never in my 64 years have I eaten a burger so small.McDonalds, you have got to be kidding presenting a fillet of fish burger on a 75mm round bun.I'm very disappointed you could think that this is acceptable.No price reduction, just downsized and greed.Wrong Decisions McDonalds.Want to p*ss people off ?... Read more Keep doing greedy downsizing like this.",Mark,2mo,46,negative,Portion Size | Price Value,fillet of fish burger extremely small | 75mm bun | no price reduction | downsizing | greedy,Fillet of fish burger excessively small with no price reduction; perceived as greedy downsizing.
Worst experience of customer service I've ever seen,Worst experience of customer service I've ever seenHave to say worst service we were made to wait in the waiting bay for our food manager was quite rude basically got our food thrown at us an then was told in a rude manner oh we were waiting on product quite frankly if can't handle the early or really late shifts then you shouldn't be working an if you can't talk to customers properly then don't work in a fast food restaurant,Emma W.,2mo,47,negative,Service Speed | Staff Behavior,long wait in bay | rude manager | food thrown | poor communication,"Manager was rude, food service delayed and thrown, staff unprofessional and dismissive."
Disappointed,"DisappointedOrdered small fries, stale as, they were not freshly cooked, but reheated…..thanks a lot.",Linda,2mo,48,negative,Food Quality | Food Temperature,small fries stale | reheated not fresh | disappointed,Small fries were stale and reheated rather than freshly cooked.
Thank you,Thank youWent to mcdonald's Saints Road for my mum's birthday my Aunty has dementia and was having a bad day the staff were outstanding especially Addison couldn't have been any kinder looked after us all with a smile the service was outstanding the food was great to thank you all so much,David M.,3mo,49,positive,Staff Behavior | Service Speed | Food Quality,outstanding staff | Addison very kind | great service | excellent food | dementia customer care,"Staff, especially Addison, provided outstanding service and exceptional care for customer with dementia."
MacDonald's food overpriced and overrated,"MacDonald's food overpriced and overratedmy wife bought ""lunch"" from the Clifford Gardens shopping Centre Toowoomba QLD outlet. Large chips ,which I feel would comfortably into the small carton, plus ten chicken nuggets, plus a wait time of around 20 minutes(for free). Total price $14.75. The chips were dry / stale, the nuggets were tasteless and chewy and stale. the most disgusting meal we ever shared. the food was well below standard considering the price they charged. Need to lift their game!!!. DEFINITLEY WILL NOT BE EATING AT MACDONALDS AGAIN!!!.",Richard H.,3mo,50,negative,Food Quality | Portion Size | Price Value | Food Temperature,dry stale chips | tasteless chewy nuggets | overpriced | long wait time | well below standard,"Overpriced meal with stale, tasteless food and poor quality compared to price charged."
Macca's Poor Presentation,"Macca's Poor PresentationMacca's at Raymond Terrace was very grubby, the food was lukewarm and the apple pies cold. No milk drinks, shakes nor kids chocolate milk.",Kayt,3mo,51,negative,Cleanliness | Food Temperature | Equipment Availability,grubby location | lukewarm food | cold apple pies | no milk drinks available,Dirty store with cold food and unavailable beverage options.
Cold food,Cold foodCold burgersOnly 9 cold chipsAnd coke was 75%iceNow I drop through every 2nd week or soAnd usually the food is way way better but this timeNothing was goodHow can this even happenWith food warmers ?,Mr Happy,3mo,52,negative,Food Temperature | Portion Size,cold burgers | minimal chips | excessive ice in drink | inconsistent quality,"Cold food and poor portion control on this visit, unusually bad compared to normal visits."
Not happy,"Not happySorry no stars sadly, the first time for many years., Called into Narellan , Camden Valley WyDiscussing. Tasted absolutely terribleBig Mac” absolutely dirty tables, Dirty Toilet The floors shockingThe garbage bins inside and out were overflowing . The car park had garbage spread everywhereI have always worked with food and busy with the public, thank goodness I always have made look presentable people came back.? I may be one / two people but I’ll never step foot into your Mc Donald’sYou may not worry about Me but, word of mouth,",Janine95,3mo,53,negative,Cleanliness | Food Quality,dirty tables | dirty toilet | shocking floors | overflowing garbage | terrible taste,"Extremely poor cleanliness with dirty facilities, overflowing waste, and terrible food taste."
Don't order the Grimace shake!,Don't order the Grimace shake!The Grimace shake is DISGUSTING! The worst shake I've ever had!!,Kristen ,3mo,54,negative,Food Quality,Grimace shake disgusting | worst shake ever,Grimace shake was disgusting and the worst shake experienced.
Down to a new low passing rubbish off as chicken,"Down to a new low passing rubbish off as chickenPurchased what was supposed to be a chicken wrap but got that rubbish fake chicken slop they use for their fake chicken nuggets but 5 times the size . If I knew they were going to use that rubbish I would never have went in , I would have gone to KFC . When I get a chicken wrap in trying to eat healthy and that is far from it . Thanks McDonald’s I won’t be back",Simon F.,3mo,55,negative,Food Quality | Order Accuracy,fake chicken slop | wrong product used | unhealthy | poor quality chicken,Chicken wrap contained low-quality fake chicken product instead of real chicken.
Maccas Ridiculous,Maccas RidiculousMc Donald's Bridgewater Tasmania. Out of 6 burgers they got 1 right. Unbelievable. Then I got to drive back and had to prove it for them to make a replacement order,Batch,3mo,56,negative,Order Accuracy,only 1 correct burger | multiple incorrect orders | had to return,"Out of six burgers, only one was prepared correctly, requiring a return trip."
Not great,"Not greatHamberger cold, fanta weak as water. Overall not great. Noticed to adult supervision at the time of purchase.",NitaW,3mo,57,negative,Food Temperature | Food Quality,cold hamburger | weak fanta | poor supervision | not great overall,Cold burger and weak drink with lack of staff supervision.
LACK OF QUALITY CONTROL,"LACK OF QUALITY CONTROLMcDonalds Castle Hill Showground Rd9/10 Times They will Ripp you offMissing Items , Under Filling Fries , Poor Placement of Food in Bags",Scotty,3mo,58,negative,Order Accuracy | Portion Size | Food Quality,missing items | under-filled fries | poor food placement | frequent errors,"Consistent quality control failures including missing items, underfilled portions, and poor packing."
Esperance WA - Perfect Team & Customer Service,"Esperance WA - Perfect Team & Customer ServiceEsperance WAAmazing customer serviceAll staff are very professional, friendly and caring - many Perth metro stores should learn from the Esperance Team the way customers should be treated and also beverages and food servedThank you, Esperance Team, for great customer service and making the best coffee and food",Nena,3mo,59,positive,Staff Behavior | Service Speed | Food Quality,amazing customer service | professional friendly staff | great coffee | well served,Excellent staff professionalism and customer care with high-quality food and beverage service.
black burger,black burgermy burger was black and cheesy but the pickles where purple,Jake Geraghty K.,3mo,60,mixed,Food Quality,black burger | cheesy | purple pickles | unusual appearance,Burger was black and cheesy with unusually purple pickles.
Toilets need cleaning!!,"Toilets need cleaning!!Dear McDonalds Restaurants, I am writing to express my concern about the current state of the toilets in McDonalds Restaurants.As a valued customer, I have noticed that the toilets are not being cleaned regularly and are often left in a dirty and unhygienic condition. This is not only unpleasant for customers but also poses a health risk.I have visited many McDonalds Restaurants, gone to the toilets alot of them are absolutely disgusting!!",Melissa,3mo,61,negative,Cleanliness,toilets not cleaned regularly | dirty and unhygienic | health risk | disgusting,"Toilets are not cleaned regularly and left in dirty, unhygienic conditions."
Overpriced,OverpricedMaccas charging above market for below market product. How much smaller can your burgers get?? Maccas demographic = the exceptionally desperate. My advice (if youre not desperate) shop around and you'll get much more bang for your buck.,Donna N.,4mo,62,negative,Price Value | Portion Size,overpriced | below market product | smaller burgers | poor value,McDonald's charges above market prices for below market quality and smaller burgers.
Fucken disgusted,Fucken disgustedTuart hill Macca's you should be ashamed.!!! Non english speak worker 3 mistakes in one meal and got home ( which I only live two mins away) to actually icy cold chips a stale cheeseburger and a puddle of a sundae. And I know sundaes last longer than two mins so in other words I got given previously made sundae for another customer. IF I COULD TATE ZERO STARS I WOULD!!!!! NOT HAPPY,Katie D.,4mo,63,negative,Order Accuracy | Food Temperature | Food Quality,three mistakes | icy cold chips | stale cheeseburger | previously made sundae,Multiple order errors resulted in cold food and a previously made sundae.
Too expensive,"Too expensiveMacDonald's is not cheap fast food any more ordered fish burger big Mac and apple pie ,$18 + I told them forget it I will go to pub for counter meal",Sally W.,4mo,64,negative,Price Value,too expensive | not cheap fast food | eighteen dollars | overpriced,McDonald's is too expensive; customer chose pub meal instead.
Very good,Very goodwent to McDonalds on the 04/09/2024 at Minchinbury store 0248 and was grated by a worker and a good morning was said so I had ordered a hamburger and a coffee then went to the toilet and was very clean and lol it had toilet paper and thee store also was very clean 10 out of 10 my be Ingleburn store store can lessons of this store,Henk,4mo,65,positive,Staff Behavior | Cleanliness | Service Speed,good morning greeting | very clean toilet | clean store | excellent service,Store was very clean with friendly staff and excellent toilet facilities.
Disappointing,DisappointingWarm hot chocolate and no butter with banana bread. Slow service,Jenny P.,4mo,66,negative,Food Temperature | Order Accuracy | Service Speed,warm hot chocolate | no butter | slow service,"Hot chocolate was warm, banana bread had no butter, and service was slow."
Not So Hot Food,"Not So Hot FoodI went into ️ MacDonalds Heidelberg (VIC) for a wrap and a coffee on Saturday for a quick bite. The Restaurant may have been clean for once the service quick, but when I got my wrap, it was COLD and my coffee Barely Warm.I’d like to say to the staff, I know you are busy, BUT PLEASE, take the time to check that the food and beverage is OK ie Warm enough, good enough before you give it to the customer. After all we’re the ones that are paying for it.",Leanne,4mo,67,mixed,Food Temperature | Service Speed | Cleanliness,cold wrap | barely warm coffee | quick service | clean restaurant,Food arrived cold despite quick service and clean restaurant.
Gave me a melted ice cream,Gave me a melted ice creamThey flipping gave me a melted caramel ice cream for $4 like bruh,sams X.,4mo,68,negative,Food Quality,melted ice cream | poor product quality | expensive,Received a melted ice cream for four dollars.
mcdonalds morisset nsw pathetic disgraceful inedible food arrogant incompetent staff ...SHAME SHAME,"mcdonalds morisset nsw pathetic disgraceful inedible food arrogant incompetent staff ...SHAME SHAMEi bought 2 chicken wrap meals and hamburger meal for my kids . i asked the girl taking the order in drive-thru i wanted wraps grilled , cherry tomato instead of chips and vanilla cokes .i as went to pay for the order your braindead staff had the order all mixed up . when i told her she went into arrogant attitude but finally fixed the order . once i picked up the order , i found the wraps were nothing but a disgrace and rippoff . the wraps were n... Read moreot toasted as requested , they contained a minute piece of chicken smaller then a frozen fish finger , 2 tiny welted pieces of lettuce and barely any sauce . the wraps were basically empty and all bread . we recieved chips in all the meals instead of the requested cherry tomato . the drinks were bitter tasting and flat , barely any soda bubbles . one of them was only half full , which i got so p*ssed off that i took a photo of . no toys in the meals but little books . my children who normally buy these meals complained all the way to sydney , and they stated that was the worst meals theyve ever recieved from mcdonals . saying im disappointed is being very polite , im am very p*ssed at this experience and without doubt i will never visit that store again or spend a single cent there . their staff are nothing but a disgrace , and the duty manager who should ve being doing continual quality check is nothing but incompetent . how such disgracefully meals can be sold to the customers is beyond my comprehension . they have lost me as a customer , id rather feed the kids frozen nuggets then throw money away at a rippoff business",SPROCKET,4mo,69,negative,Order Accuracy | Food Quality | Staff Behavior | Drive-Thru Experience,mixed up order | arrogant staff | inedible food | wraps not toasted | minimal filling | wrong substitutions,"Multiple order errors, inedible wraps with minimal filling, and arrogant staff ruined the meal."
"Can't take your order,  doing a system update!","Can't take your order, doing a system update!This is for Al the Newcastle and Hunter Valley region stores, it doesn't take 30mins to lose/up your system. Really over not being able to get something to snack on my way home from work at 1.30 to 2.30am. If you can't take my order don't have your store lights on and McDonald's you should be working your stores some they don't all go down att the some time and have a party.",Liz,4mo,70,negative,Service Speed,system update | can't take orders | late night service | store lights on,"Store unable to take orders during system update, inconvenient for late-night customers."
Not food,Not foodAbsolute garbage and should not be available for human consumption,steven p.,4mo,71,negative,Food Quality,garbage | not food | unfit for consumption,Food quality unacceptable and unsuitable for human consumption.
Nth geelong maccas disgrace,"Nth geelong maccas disgraceNorth Geelong McDonald's must be the worst customer service experience I have ever had. Was overcharged for my order...when I questioned it the manager insisted it was correct... I asked him to explain the prices and why they were correct he didn't know the prices of the items I ordered from the menu.... you would think he'd know what he was selling... he then came out with a $3 refund ...which it should have been $6... I asked him to explain how he got to $3 and he couldn't then he called me grumpy and started to bla... Read moreme the staff at counter because they are ""kids""...( well u hire those kids..!!..).. then proceeded to walk away from me..i asked him to come back and explained how rude he was and how much of a refund he owed me. We went inside and he dug up my receipt and proceeded to punch some numbers in and WHALLA..!!!..IT TURNED OUT TO BE $6..!!! very rude and appaling customer service.. couldn't explain himself and had no idea of the product he was selling.. sad thing is its not the first time that has happened at the store. And to be called grumpy.... ha... who got the last laugh mate..!!!",Zoran,4mo,72,negative,Order Accuracy | Staff Behavior | Price Value,overcharged | rude manager | poor refund explanation | bad customer service,"Manager overcharged customer, refused accountability, blamed staff, and gave incomplete refund."
Delivery Driver,Delivery DriverI was in Dapto McDonald’s on Fridaymorning.And I noticed a delivery driver shoes off on his phone. Feet up on the pick up area . Is this the normal if so it’s not right.This is disgraceful disgusting hygiene no where to be seen.,Kirk M.,4mo,73,negative,Cleanliness | Staff Behavior,delivery driver | feet on counter | hygiene violation | unprofessional,Delivery driver displayed unsanitary behavior with feet on pickup area.
Prices going so high,Prices going so high[Content Removed] food and check prices increased where vanilla shake was 3.50 and now its $5 ridiculous. No one pay rise that much and there price going out of the roof boycott mcdonald’s,Rajinder k.,4mo,74,negative,Price Value,prices too high | vanilla shake expensive | price increases | boycott,Prices increased significantly without corresponding wage or value improvements.
Castle Hill Mcdonalds Showground Rd,"Castle Hill Mcdonalds Showground RdMcdonalds Castle Hill Showground RdAre Ripping Customers off , Underfilling Fries , Missings Nuggets & or Sauces , Missing Chicken Patties etcYou Pay Through the Roof you Expect Value for Money not to be Ripped Off This will Never Change unless Customers ComplainDeliverd Via Menulog",S H.,4mo,75,negative,Portion Size | Order Accuracy | Price Value,underfilled fries | missing nuggets | missing sauces | overpriced,Orders consistently underfilled with missing items despite high prices.
My order,"My orderMcDonald’s always be not giving all the food I ordered like today they forgot 2 of my burgers, last time they forgot my drink, I had to ask them. This always happens whenever I go and buy McDonald’s and it’s so annoying cause I be paying over $60 AUD and not be getting what I ordered. I swear McDonald’s need a better employee. (I ordered 5 burgers but they only gave me 3)",Viv L.,4mo,76,negative,Order Accuracy,forgot burgers | missing items | incorrect orders | paying full price,Frequent order errors with missing items despite paying over $60.
Terrible service,"Terrible serviceStanthorpe Mcdonalds is the worst. The drive thru is sooooo slow. We were told to pull into the parking bay, where we waited 15 minutes and they completely forgot about us, AGAIN! We had to get out of the car, go into the building, waited another 5 minutes to get our food and the toastie was burnt",Dasha F.,5mo,77,negative,Service Speed | Drive-Thru Experience | Food Temperature,slow drive thru | forgot order | burnt toastie | long wait,Extremely slow drive-thru service with forgotten order and burnt food.
Poor food,"Poor foodIs or goes cold quickly, fries too skinny all fry and no potato. Just doesn't seem as good as it used to be, much better options now. Only good thing is the open hours, nuggets & soft serve are good.",K-s S.,5mo,78,mixed,Food Quality | Food Temperature,food goes cold | skinny fries | nuggets good | soft serve good,"Food quality inconsistent; cold items and poor fries, but nuggets and soft serve acceptable."
Worst burgers and chips ever,Worst burgers and chips everOrdered burgers and chips via Uber from Deception Bay and the burger patties were dry and tasteless and the buns tasted stale.The fries looked and tasted as if they had been cooked ages before they were dispatched.They were cold and soft and some weren’t cooked properly.Most of the reviews are negative and I cannot understand why nothing has been done about the poor standard of food.Last time I will buy from Mc Donald’s.Hungry Jacks here we come.,Jeff M.,5mo,79,negative,Food Quality | Food Temperature | Delivery Service,dry burger patties | stale buns | cold fries | old food,"Delivered food had dry patties, stale buns, and cold undercooked fries."
A never again moment,"A never again moment1 star, 4 fair reasoning. I got the wrong order and they wouldn't switch. all the employees where grouchy as anything. the fries taste like cardboard with salt. overall, never want to go there again. But that's me, u do u :)",connor d.,5mo,80,negative,Order Accuracy | Staff Behavior | Food Quality,wrong order | grouchy employees | fries taste like cardboard,"Wrong order, unwilling staff, and poor-tasting fries ruined the experience completely."
Worst night of my life,"Worst night of my lifeIt was a cold night I just had a fight with my husband he walked out the door yelling about going to see his Mistress and I was left in tears, and the only thing I could think about was having a happy meal to see if it would cheer my up it was the only thing that could fix the situation, my husband called me fat and a pig. All I wanted to do was eat my emotions so I ordered a larger triple cheeseburger meal with a frozen coke and I made sure to order 10 nuggets as well because nuggets=happy. I ordered via uber eats and it ... Read moretook almost 40 minutes for it to pull up at my door, and of course I was mad to about the long wait and I had a bit of hope my food would still be intact. BUT NO I opened the bag and what do I see a drink with no lid that had fallen over (what imbecile what NOT PUT A DAM LID ON A DRINK) it had gone EVERYWHERE and it had gone in all my food and made everything soggy! and to make things worse I only had 9 nugget in my 10 piece I was appaled, and believe it or not some rat took a bite out of my triple cheese burger all i could do was cry I maccas is meant to be comfort food and not meant to make life worse. But I did later discover his mistress worked at the store I ordered from so I blame her. You should not be hiring middle aged women to work at MacDonald's. This was truly the most horrible experience of my life and i hope that MacDonald's as a business will find a solution so that this does not happen again. sincerely Brenda Karen Miller - a truly disappointed customer",Brenda,5mo,81,negative,Delivery Service | Order Accuracy | Food Quality,40-minute delivery | drink with no lid | soggy food | missing nugget | rat bite,"Delivery took 40 minutes, drink spilled everywhere, food was soggy, and burger had a bite mark."
Great service,Great serviceBig shout out to Humna at Maccas Pemulway drive thru this morning. Only had to say my order once was very polite and friendly. Well done Humna (apologies if spelt wrong) keep up the great work. More of this type of service at this Maccas would not go astray. Hopefully Humna is on everything I order.,Tracey Griffin,5mo,82,positive,Staff Behavior | Service Speed | Drive-Thru Experience,Humna | polite and friendly | efficient service | only said order once,"Staff member Humna provided excellent, polite, and efficient drive-thru service this morning."
Don't eat the top of the tomato why would I pay to eat it. Sloppy prep,Don't eat the top of the tomato why would I pay to eat it. Sloppy prepPoor preparation of food using bottom and tops of tomato's is just lazy,animalbehaviournsw,5mo,83,negative,Food Quality,poor preparation | top and bottom tomato | sloppy prep | lazy,Food was poorly prepared using low-quality tomato parts in a lazy manner.
Worst fast food!,"Worst fast food!I ordered a meal deal consisting of a banana thick shake, fries and a quarter pounder deluxe burger for HOME delivery via 'Menu log'. The food arrived at the time allocated via the Menu log app. However, it was the most disgusting dinner ever! The hamburger meat patties had an awful repugnant odour, and the thick shake lost its creamy consistency- it was all runny and tasteless! I should have opted for the classic flavours! It had no trace of the banana flavour that I was anticipating. Look, the service was ok, the meal it was d... Read moreisgusting, COLD and it stunk! Never will I order from McDonald's from Taren Point again! Very disappointing and a waste of money! I threw the burger in the bin! The thick shake down the sink and gave the fries to the dog! Instead, I prepared a garden salad with feta and avocado for dinner! Simple but enjoyed it all! I should had taken it back to the MacDonald's in Taren Point- BUT was really upset! :-( Unsatisfied customer!",Teddy,5mo,84,negative,Delivery Service | Food Quality | Food Temperature,repugnant odour | runny thick shake | cold food | delivery via Menulog,"Delivered meal was cold, had awful smells, and shake was runny and tasteless."
[Content Removed] service,[Content Removed] serviceWaiting in drive through for 5 minutes after paying then get told to go to wait bay over 15 minutes to get mcdonald's probably give it a miss from now on,southseas,5mo,85,negative,Service Speed | Drive-Thru Experience,long wait time | 5 minutes after paying | 15+ minute wait bay,Excessive wait times at drive-thru discouraged customer from returning.
McDonalds,"McDonaldsWent to McDonald's in Parramatta north store number 0109 the food was good and coffee was also good, But I went to the gent's toilet it look's like it had not cleaned for a week.",Henk,5mo,86,mixed,Food Quality | Cleanliness,good food and coffee | uncleaned toilet | week-long dirt,Food quality was good but restroom was extremely dirty and neglected.
Very disappointing,Very disappointingHow small does a Big Mac have to be before it’s a little Mac .very disappointing when I was young I loved McDonald’s I mean we are paying good money at least give us a burger that’s worth it il never go back again so disappointed,D sisson,5mo,87,negative,Portion Size | Price Value,Big Mac too small | disappointing size | not worth the money,Big Mac was too small for the price; disappointed after enjoying it as a child.
Poor attitude and work ethic,Poor attitude and work ethicMacDonalds in Chapel St South Yarra in my opinion the staff couldn’t care less about customer service. As for being diligent about making the place a clean and comfortable place to eat forget it. On a freezing Thursday night at 10pm (hardly a busy time) the rubbish bins overflowing rubbish left on tables and benches and tables that obviously hadn’t been wiped clean. The four or so staff seemed to be having a good time behind the counter oblivious or seemingly not care less about the mess all around customer area.,Wilf P.,5mo,88,negative,Staff Behavior | Cleanliness,poor attitude | overflowing rubbish | uncleaned tables | indifferent staff,Staff showed no care for cleanliness; rubbish overflowed and tables were dirty.
McDonald Roxburgh (Melbourne) stole my money. I left with embarrassment,"McDonald Roxburgh (Melbourne) stole my money. I left with embarrassmentOn 28th July, I ordered through the McDonald App around 4pm. I chose to pick it up through the Drive-Thur and the app gave me the code to say at the booth. I told the person at the booth the code and was told to drive to the next counter. Then I was told to move to the pick-up. But the staff didnt know what I have ordered. It was apparently not in the system. I showed them the invoice attached. And also my account where the money had been deducted. The staff asked the manag... Read moreer at that time of what they should do. The manager told him to have me pay again. I went to the counter. Told another staff about the situation. The same manager told this staff to input my code again because my order was not in system. Instead of dealing with this issue the manager pretty much ignored my situation and kept on telling the new staff to handle this situation. After awhile the manager spoke to me from far loudly that my payment is pending and that's why it was not in the system. Felt pretty embarrassed at having being said that with dozens of people around. Again, not sure why she didn't try to solve this issue herself and make the new staff deal with this despite them asking her for her assistance. I was told to pay again so they can give me refund? Though they didn't know how to give me the special price for my menu as I have used special code for one of my order. This was going nowhere since it took around 30 minutes. I left the place since they said the payment is just pending so I wont be charged. But guess what? I was charged. Even in the statement it now says ""posted"" instead of ""pending"". So I was robbed from this store. And left the venue without my order. Only embarrassment. Very disappointing at this. Not sure whether the app was faulty or there was some issue with Roxburgh McDonalds' system. But at the end of the day I lost money. I chose to order elsewhere at the end since spending over 30 minutes at a fast food chain is ridiculous. You can check the camera in the Drive-thru and the counter between 4pm and 4:35pm where I left empty handed.",Noman,5mo,89,negative,Order Accuracy | Drive-Thru Experience | Staff Behavior,double charged | order not in system | 30-minute wait | poor manager communication,"Order wasn't in system, customer was charged twice, left empty-handed after 30 minutes."
Shocking maccas experience,"Shocking maccas experienceJust had a delivery and one 3 of 10 items delivered when reported they they told me to reorder. When I pushed them the first person hung up,Then I rang back the second person hung up and then the tired person did stay on the phone but just refunded me supposedly and told me the best option was as to reorder after 2 hours.When I asked to send me an email with the correspondence I got told it needed to be from their manager so I am not expecting much due to my interactions.The worst experience I have ever had with a customer service representative or representatives:Shocking in this day and age to be hung up on and I was not abusive very specific only",Joe d,5mo,90,negative,Order Accuracy | Delivery Service | Staff Behavior,only 3 of 10 items delivered | hung up multiple times | poor customer service | refund offered,Delivery order arrived incomplete; staff repeatedly hung up and refused proper resolution.
Just disgusting food,Just disgusting foodI can’t believe how disgusting this food is. I cannot believe how McDonald’s franchise is still open the way they serve the food. I just don’t understand. I mean I ordered the McChicken meal with a spicy chicken. Absolutely disgusting absolutely disappointed how you run your business. I regret spending a sense in this store. 22 bucks waste of money and like I just ate rubbish. I will be 10 times happier if I throw that $22 out of the window. I would never recommend to anyone.,davidrea.davaa,5mo,91,negative,Food Quality | Price Value,disgusting food | McChicken meal inedible | $22 wasted | rubbish quality,Food quality was extremely poor; customer regrets the $22 purchase.
30 mins for a nugget meal? Joke,30 mins for a nugget meal? JokeWaiting 30 minutes for a simple 6 nugget meal at Noarlunga. No rush or urgency behind the counter whatsoever. Worst service ever.,Samuel R.,6mo,92,negative,Service Speed,30 minutes for nugget meal | no urgency | simple order delayed,30-minute wait for a simple nugget meal with no staff urgency.
KFC my new favorite fast food!,KFC my new favorite fast food!It's disappointing when multiple locations were unable to serve customers. Restaurant & drive were open in 3 different location all within 5km of each other with no signage stating they were closed. Staff were very rude and very unfriendly saying we will need to wait upto 40min. Multiple customer walking out very frustrated.. So much for fast food!!,gsm w.,6mo,93,negative,Staff Behavior | Service Speed,multiple locations closed without signage | rude staff | 40-minute wait | customers frustrated,Multiple KFC locations were unexpectedly closed; staff were rude and wait times excessive.
Rubbish lid on takeaway coffee,Rubbish lid on takeaway coffeeUsing a cardboard lid instead of plastic for takeaway cuppacino is rubbish it goes soggy and tastes terrible and to take it off is nearly impossible,Jennifer,6mo,94,negative,Equipment Availability,cardboard lid soggy | poor lid quality | difficult to remove | coffee lid issue,Cardboard takeaway coffee lid becomes soggy and is difficult to remove.
Not opening 24/7,Not opening 24/7MacDonald should say 23 hours open.I went to three different MacDonalds in Uber all of them saying can’t take orders by this time of the night system update.If you claim 24/7 should serve the customer 24/7 not 23Or change your time 23/7,B. Singh,6mo,95,negative,Service Speed | Order Accuracy,not truly 24/7 open | system update denials | false advertising | three locations,McDonald's claims 24/7 but refuses orders due to system updates; misleading hours.
Value confusion,"Value confusionI wanted a quick breakfast, so Maccas was close by. I ordered a sausage muffin and was charged $5.50Later I saw an ad for a McSmart meal (2 burgers +fries + drink) for $6.95. I don't understand the price differential, is the muffin a rip off?",Jan Davidse,6mo,96,negative,Price Value,sausage muffin $5.50 | McSmart meal $6.95 | price confusion | perceived rip-off,Sausage muffin pricing ($5.50) seems overpriced compared to McSmart meal ($6.95).
Worst restaurant literally ever,Worst restaurant literally everSo sick to death of paying for extras like bacon or whatever it may be to NOT get it. 8 times out of 10 you don't get what you've paid for. I cant understand what the constant problem is with staff nit being able to get it right. On top of that you allays have to remake your burger due to the lazy uncarring nature it's just literally thrown together. It's pathetic. For one of the world's biggest fast food company one would think they would have higher standards as opposed to blatantly obvious zero standards they currently have. I forever ask myself why I actually bother wasting my time and money comming to this massive dissapointment that we call MacDonalds.,Travis U.,6mo,97,negative,Order Accuracy | Food Quality | Staff Behavior,paid extras missing 8 of 10 times | burgers remade | lazy staff | low standards,Order accuracy and food quality consistently poor; extras frequently missing despite payment.
Ripped off again,Ripped off againMcDonald’s is one big ripoffAlways crap missing from my ordersThey only get it right 10% of the timeWhy can’t you train you staff to do there job rightMCDONALDS GET YOUR CRAP TOGETHERYOU MUST SAVE MILLIONS RIPPING US OFFTHANKS ANDY B,andras,6mo,98,negative,Order Accuracy | Staff Behavior,ripped off repeatedly | missing items constantly | only 10% success rate | staff training issue,Orders consistently incomplete; staff fail to fulfill orders correctly 90% of the time.
staff dont give a rats about custermers,"staff dont give a rats about custermersPortland vic.3305 ,Lady in front waiting to be surved over 10 minutes and walked out, I waited 15 minutes and walked out,staff dont care and i wont be back, went down the other shop, my friends will go there also.",Bob M.,6mo,99,negative,Service Speed | Staff Behavior,10-15 minute wait | staff indifferent | customer walked out | poor service,Excessive wait times and indifferent staff caused customer to leave without service.
Ripped of with my orders,Ripped of with my ordersWhy does McDonald’s rip you off at their drive thru and take away service? Who checks the bags before they are handed to the customer? Why do we need to come back in or drive back when it’s wrong? How much money are you making on not giving customers what they ordered? You need to pick up your service especially your Eagle Vale and Woodbine stores,Sonia J.,6mo,100,negative,Order Accuracy | Drive-Thru Experience | Service Speed,ripped off | wrong orders | missing items | poor service,Customer reports consistent order errors at drive-thru and inadequate service recovery.
"Disgusting food, disgusting service, order wrong","Disgusting food, disgusting service, order wrongConstantly ripping people off. Complaints team don’t take complaints seriously. The Food is disgusting, never made properly. Cheeseburger meant to have pickle and onion. (Only does if the teenager feels like putting it on it) but you pay for the full price. Nuggets pack always missing nuggets, Ask for soy milk. Pay for soy milk but get full cream that makes you sick. Costs a fortune, staff are rude, management are rude and shout at customers. They don’t serve the elderly, they ignore them until t... Read morehey can figure out the self serve or walk out. They just don’t care like they used to. I won’t be back. Maccas is boycotted in my house. Given them so many chances to improve. But they just don’t take the service and food preparation seriously.",M J.,6mo,101,negative,Food Quality | Order Accuracy | Staff Behavior | Price Value,wrong orders | missing ingredients | rude staff | poor food preparation | charges not matched,"Multiple complaints about incorrect orders, poor food quality, rude staff, and unfair pricing."
Rocklea Qld store,"Rocklea Qld storeRocklea store needs to get their staff trained and actualy serve customers in a timely manner, on Sunday 22/6/24 we walked in to dine in and was served by a young lady, we orderd our meal, noticing another customer seemigly getting adgitated waiting for her order. We sat down to waited for our number 195 to be called, and 25 minutes had passed with waiting, with the staff calling out numbers in the 200's, and about 12 custoemrs standing near counter waiting for their orders, One maccas staff an asian young guy was at the foo... Read mored burger shoot, shoving burgers in bags, and then dumping them near the fries/ hash brown oven, another young lady, an employee was contstantly sneezing over everything and wiping her nose with her hand, common manager get your staff sorted, the lady who was seeminlgy waiting prior to us arriving in store, spoke to htem anager and still had to wait anohter 10 or so minutes, we demanded a refudn and walked out, toast and a cuppa at home is cheaper and easier. Funny though, when we demanded our money back, oh but your order is ready, yeh no, not with your workers snot all over it.",Paula,6mo,102,negative,Service Speed | Cleanliness | Staff Behavior,slow service | 25-minute wait | unhygienic staff | poor management,"Extreme wait times, unhygienic food handling, and poor staff conduct led to refund demand."
Big Fail for a Big Mac. In Bendigo,Big Fail for a Big Mac. In BendigoPlease look at the pictures. It is a total disgrace in every way in regards to a Big Mac from Strath Village Bendigo. Look how thin the patties are in the pics. Is there any kind of quality control at McDonalds Strath Village? I doubt it. Tiny cold disgrace how can you call this a burger in any way? It was a total rip off. Seriously are Big Macs like that now? I will never order from this place again.,Gbanger,6mo,103,negative,Food Quality | Food Temperature | Price Value,thin patties | cold burger | poor quality control | expensive,"Big Mac had thin patties and was served cold, perceived as overpriced for quality offered."
SHOCKING CONTEMPT FOR THEIR CUSTOMERS,"SHOCKING CONTEMPT FOR THEIR CUSTOMERSI would have provided a negative 100 stars rating if this were an option.I purchased two separate coffees from two separate McDonald's drive throughs over the course of a couple of weeks.In BOTH instances, the bottom of the coffee cups split at the base, and hot coffee poured all over my silk clothing, car interior and in the second instance, my antique persian rug.I emailed McDonald's photographic evidence of this in the second instance, and asked what they would do to compensate me.Thus ensued th... Read moree most maddening, disrespectful and arduous email exchange I have encountered perhaps in my lifetime, now over one month long. To make a long story short, they couldn't give a toss about any of it, they keep passing the buck, telling me they will ""investigate with suppliers"" (why? This isn't CSI, I've sent evidence of the split McDonald's cup. That's all you need), they keep asking me circular questions, they fail to respond for days or weeks at a time, while I always respond promptly. This is a level of contempt for their customers that is beyond shocking and unacceptable for a multinational corporation. Get your act together, McDonald's.",Truth Bombs,6mo,104,negative,Equipment Availability,defective cups | spilled coffee | property damage | poor complaint handling,Faulty coffee cups caused damage; company showed contempt in handling compensation complaint.
"No bacon in egg and bacon McMuffin, just ham?","No bacon in egg and bacon McMuffin, just ham?Just had a egg and bacon McMuffin with a piece of ham instead of bacon, what ever happened to value for money, should be re named, 'don't give a damn McMuffin', just give me your money!",Julie reason,6mo,105,negative,Order Accuracy | Price Value,ham instead of bacon | missing ingredient | no value for money,Egg and bacon McMuffin contained ham instead of bacon despite full price charge.
Quick and heated,Quick and heatedQuick. And hot takeoutNew menu limited timeNight shift crew,Sarah D.,6mo,106,positive,Service Speed | Food Temperature,quick service | hot food | night shift crew,"Quick service with hot takeout items, positive note about night shift crew."
McDonald's restaurant customer service going downhill at fast pace,"McDonald's restaurant customer service going downhill at fast paceI have noticed that in the last 10 months the quality of service at several McDonald's Restaurants has gone down from 6 to 1. The operators are incompetent as they get the order right 4 out of 10 times so you have to ask them to change it and some times they change it to more wrong rather than right, and then the people who are completing the order they get it wrong 8 out of 10 times. In addition to the fact that they get the order wrong through the whole processing channels, the... Read morey lie about it, they become rude and offensive trying to blame you for them getting the wrong order. However, the most ridiculous things are when they cannot find what you want on their computer and their response has always been we run out of it. A typical example of a stupidity that has gone way beyond imagination is when you order a long black in a small cup. The first question is :""what size would you like?"" and the second most interesting question is : ""what type of milk would you like?"". This has happened on at least 7 occasions in the last 6 weeks. Don't bother to ask for a sweetener if you are diabetic because the answer has been 9 out of 10 times :""What was that? or ""We run out of it"". On 8 out of 10 times, the operator could not find the right button to press and the answer was ""I will tell them to do it"" but this never happens. Don't bother to check your order by asking them if they have done what you ordered as they lie 10 out of 10 times. The most offending locations are Arndell Park and Glenmore Park, and to less extent Westmead. People, get more training, learn the key words that you need for your job, be honest (don't lie), listen while the customer is speaking to you because if you speak on top of the customer you can't hear what they are ordering, be respectful (don't be rude and offensive especially if you are wrong) and most importantly don't hang up on the customers as they trying to help you get the order right.",Nicolaki,6mo,107,negative,Order Accuracy | Staff Behavior | Service Speed,frequent order errors | rude staff | staff incompetence | poor training,"Persistent order mistakes, rude staff responses, and poor training across multiple locations."
Terrible,TerribleWe went in to use the ladies toilets and there was puke in them so we told a worker and no one went to clean it all up even while we were eating our meals in fact the tables all had rubbish left on them and spills all over floorGO TO A DIFFERENT STORE,Jasmine S.,6mo,108,negative,Cleanliness | Staff Behavior,dirty toilets | vomit | uncleaned tables | poor maintenance,Unhygienic facilities with vomit in toilets and dirty tables; staff failed to clean.
Last time,Last timeGot cold fries and burger. Asked to replace fries. They replaced with a more cold fries. Went back to counter. No apology.,Simon T,6mo,109,negative,Food Temperature | Order Accuracy | Staff Behavior,cold fries | cold burger | replacement failed | no apology,Cold food replacement was also cold; staff provided no apology or resolution.
Inedible fries,Inedible friesThe quality of McDonald's is just getting worse & worse just ordered 2 quater pounder meals though Menulog as usual these days the burgers were just slapped together like a 1 year old kid made them & the fries were obviously left over from the previous days shift stone cold & dry like they were swept up of the floor we ordered just when the breakfast menu closed & our order was delivered quickly so the fries should have been fresh for that days shift we couldn't eat them no one did.,Michael,6mo,110,negative,Food Quality | Food Temperature | Order Accuracy,inedible fries | stone cold and dry | burgers slapped together | leftover from previous shift,"Fries were stale and cold, burgers poorly assembled despite quick delivery timing."
not very good,"not very goodwent to McDonalds in Ingleburn , went to the gents toilet and had seen no toilet paper and it was very dirty and hand dryer was all so very dirty then the front Counter was not clean and all so table's need cleaning all so the floor and some seat, other that that the food was ok and the coffee was good",Henk,6mo,111,negative,Cleanliness | Staff Behavior,no toilet paper | very dirty bathroom | dirty hand dryer | uncleaned counter and tables,Bathroom and front counter extremely dirty; food and coffee were acceptable.
Wetheril park macs is terriableservice,Wetheril park macs is terriableserviceCouldn't wait any longer to be served. Very very disappointing.,jenniferlynncairncross,6mo,112,negative,Service Speed,couldn't wait to be served | very disappointing | long wait,Excessive wait time made service experience very disappointing.
It’s not fair service,"It’s not fair serviceWe ordered three chicken nuggets a cheese burger and three m&m mcflurries one was fine the other two were lucky to be half filled so I took them back in & was told that head office said they were on,y to be three quarters filled I said that was not fair value so the lady made another two & gave them to me & yep three quarters full barely. This not the first time this has happened as once before we had ordered mcflurries & didn’t check them until after we left & found that they weren’t even half full & as we had left the premises we felt we couldn’t return them. The next time we come to Yarrawonga we won’t be going there.",margaret727,7mo,113,negative,Portion Size | Price Value,mcflurries half filled | not fair value | three quarters full | recurring issue,McFlurries consistently underfilled; management refused fair portion correction.
Bathroom Praise,"Bathroom PraiseHeatherbrae Maccas,cleanest bathroom ever on 19/6/24.Well done, thank you for the care taken",Karen ross,7mo,114,positive,Cleanliness,cleanest bathroom ever | care taken | well done,Bathroom was exceptionally clean and well-maintained.
Why bother when we know the outcome at maccas,"Why bother when we know the outcome at maccasI’ve just been to Maccas at Vaughn st l, Berela. I get that maccas is a convenience food but this was arguably a zero star rating. The only positive was the water bottle. It’s hard to screw that up. Ordered a double fillet meal and a cheeseburger drive through and attempted to consume the food in the car within 2 minutes of getting it. The fillet was 2 soggy bits of bread with a couple of drops of sauce. Tasted like days old fish, cheeseburger was worse and the chips must have sat there for hours bef... Read moreore being sold.ate a couple of the fries and threw the rest out. I dont care about the size or the supposedly premium food quality, as we all know by the pictures it’s all marketing fluff but the food needs to at least be edible and hot. Never again!",JPK,7mo,115,negative,Food Quality | Food Temperature | Order Accuracy,soggy bread | tasted like days old fish | cold food | inedible,"Food was cold, stale, and inedible despite being served within minutes."
Sorry,"SorryI’m sorry McDonald’s, I’m one with your food I got a bit angry when my driver ate my Mc nuggets, please keep making me burgers",Sally P.,7mo,116,mixed,Order Accuracy,driver ate mcnuggets | apologizing | still enjoys burgers,Customer blames delivery driver for eating order but remains loyal to McDonald's.
NO EXTRA PATTY... NO EXTRA CHEESE,"NO EXTRA PATTY... NO EXTRA CHEESEDrive through...I ordered Extra Meat Patty and Extra Cheese... Got home...NO EXTRA PATTY...NO EXTRA CHEESE...AGAIN... HAPPENS EVERY TIME... STOP GOING TO MACCAS ROCKDALE!!!Why can Maccas Rockdale Plaza, Bexley and other Maccas get it right....",John_Young,7mo,117,negative,Order Accuracy,no extra patty | no extra cheese | happens every time | recurring problem,Extra meat and cheese ordered but consistently not included despite multiple visits.
Getting smaller and smaller,Getting smaller and smallerI give it a 3* but only because I like their burgers. However the size of everything is shrinking except the prices! I remember when a big Mac was exactly that - BIG! But not anymore. Their burgers and fries are getting smaller and smaller. But their prices are increasing. Their ice-cream is also funky tasting these days. MacDonald's really needs to wake up before they lose even more customers and have to go out of business!,Jen X.,7mo,118,negative,Portion Size | Price Value | Food Quality,getting smaller | prices increasing | shrinking portions | funky ice-cream taste,Portions shrinking while prices rise; quality declining across menu items.
Stupid people,Stupid peopleIt’s not good advertising to show people who buy macdonalds are stupid. Shame on you Macdonalds.,Rustynail,7mo,119,negative,,stupid advertising | poor representation | shameful,McDonald's advertising portrays customers negatively as stupid.
Waited 30 mins for fries,"Waited 30 mins for friesThe worst Mcdonald's franchise ever in my opinion, is Maccas Mooroolbark. Just don't bother going. People wait for 30 mins without being served.",Cielo L.,7mo,120,negative,Service Speed,waited 30 minutes | not served | worst franchise,Customers waited 30 minutes without being served at this McDonald's location.
Traumatic experience,Traumatic experienceConsistently bad dine in experience.Long waiting times.Order items missing.Spoon missing (was told to use a fork for ice cream Sundae).Order machines always out of paper and does not display your order number longer than a microsecond.Disrespectful staff.,AHL,7mo,121,negative,Service Speed | Order Accuracy | Staff Behavior | Equipment Availability,long waiting times | missing items | disrespectful staff | order machines broken,"Consistently poor dine-in experience with long waits, missing items, broken machines, and disrespectful staff."
Very disappointing,Very disappointingOrdered a barbecue Angus burger. It was so disgusting I threw it in the bin. It was dry and the bacon was like leather and there was no cheese. The chips were cold and limp and inedible. As a long time customer I will refrain from purchasing again.,Gail D,7mo,122,negative,Food Quality | Food Temperature,dry burger | leather bacon | no cheese | cold limp chips,Burger was dry and inedible with missing cheese; chips were cold and limp.
Review,ReviewThey are friendly and are always making sure you got what you wanted,Charlotte O.,7mo,123,positive,Staff Behavior,friendly staff | ensuring customer satisfaction,Staff are friendly and ensure customers received their correct orders.
Unprofessional crew member at breakfast,Unprofessional crew member at breakfastThis is my 4th review I placed online for McDonalds in Ellenbrook Promenade. When breakfast muffins are wrapped no care is given either not wrapped now today the crew member didn’t bother placing the top of the muffin as per attached photo. The OJ again diluted just handing out orange water.,Susan,7mo,124,negative,Order Accuracy | Staff Behavior,breakfast muffin not wrapped properly | diluted orange juice | unprofessional crew,Muffin improperly wrapped and orange juice diluted due to unprofessional crew member.
The worst Maccas,"The worst MaccasThis review is for McDonalds Templestowe Lower. If @Jeff thinks Morley's Maccas is bad, wait till he comes to Melbourne and experience the utter rubbish Templestowe Lower dishes out on a consistent basis. The amount of time food has been left off my order is astonishing and it almost seems like the staff there either cannot read, can't be bothered, or both. Ask any Uber driver and they will tell you this outlet is slow and most staff members are rude.",Matthew L.,7mo,125,negative,Order Accuracy | Service Speed | Staff Behavior,missing items from orders | slow service | rude staff,Consistently slow service with missing items and rude staff members.
beautifullllll,beautifullllllThe other day i was served by a wonderful girl by the name of Leah she is an amazing employee and gave our food cooked perfectly and deserves a raise!! and deserves extra shifts super friendly worker,Alexis P.,7mo,126,positive,Food Quality | Staff Behavior,wonderful employee Leah | perfectly cooked food | super friendly,Employee Leah provided perfect food service with excellent friendliness and care.
Un hygienic,Un hygienicCold stale chips. unwrapped wraps so all the stuffing fell out. Toilets very dirty and the table tops too. Staff on mobile phone near food preparing station. At Modbury SA,Rosanna V.,7mo,127,negative,Food Quality | Cleanliness | Food Temperature,cold stale chips | unwrapped wraps | dirty toilets | unhygienic staff behavior,"Cold stale chips, unwrapped wraps, dirty facilities, and unhygienic staff practices."
McSpicy not upto the mark,McSpicy not upto the markFiesty McSpicy burger just had hot chilli sauce in it rather than the chicken cooked in hot spices,Bensheba D,7mo,128,negative,Food Quality | Special Items,McSpicy inadequate | only chilli sauce | not properly spiced,McSpicy burger had only hot chilli sauce instead of properly spiced chicken.
"Thin, dry almost tasteless beef patties","Thin, dry almost tasteless beef pattiesWhether it's a big mac or a grand big mac as I had today the biggest problem is how thin the beef patties are. They are so thin these days that they come out dry and almost tasteless. Big mac patties used to be thick and juicy with loads of delicious flavour that you couldn't wait until your next one. Now they are just mediocre because all McDonald's are thinking about is profits and how quickly they can cook these thin patties without realising we would all prefer thicker, juicier better tasting patties. ... Read moreUnfortunately this attitude will be their downfall in the future as there are so many other places to get a ""decent"" burger nowadays. I used to love eating McDonald's but it's just so disappointing now. If these new thin patties are their standard now I really don't see the point eating Mcdonalds anymore, in fact I won't be unless they revert back to thick juicy patties. I can't imagine this ever happening so I won't be coming back again",John,7mo,129,negative,Food Quality | Price Value,thin dry beef patties | tasteless | quality decline | no longer juicy,"Beef patties are too thin and dry, lacking the flavor and quality of past versions."
Morley Perth,Morley PerthMorley PerthI have been a few times to this way understaffed storeThe level of apathy is ridiculous.Is this the worst store in au to carry the banner.The apathy comes from managers and the franchise owner .It is in a commercially active area but I would really like to see the dog owners go bankrupt for the lowest standard of food providence and the highest level of apathy to the customer.McDonald’s have taken the title of lowest standard fast food with no care for the consumer .I hope the business suffers under f... Read moreood standards but we are in Straya. The capital of crappery . McDonald’s symbolises the lowest standard of food production and just reflects where Australians are mentally .. In the gutter at the lowest common denominator. Thankyou McDonald’s Morley,Jeff,8mo,130,negative,Food Quality | Staff Behavior,understaffed store | apathy from managers | lowest standard food | no customer care,"Severely disappointed with understaffed location, managerial apathy, and poor food standards."
"Poor , very robotic","Poor , very roboticMy wife and myself ordered classic Angus meals, the burgers were Luke warm to cold. I ordered a salad, was just lettuce and cucumber, no tomatoes were included. Again there was no paper in the epfos console. The chocolate m flurries were half full",Allen10,8mo,131,negative,Food Quality | Food Temperature | Order Accuracy,lukewarm burgers | incomplete salad | half-full flurries | missing paper in console,"Multiple issues: cold burgers, incomplete salad, half-filled drinks, and missing console paper."
RIP OFF,"RIP OFFtoo expensive, you paying $20 for the worst meal on the planet, go to a pub and pay 24-28 for a parma and chips",thorax999,8mo,132,negative,Price Value | Food Quality,too expensive | worst meal | $20 price | poor value,Overpriced meal quality compared to better value pub alternatives at similar cost.
Absolutely disgusted,"Absolutely disgustedI wouldnt even give one star. I ordered dinner through Uber Eats for $60. I received a third of my order, no fries in any meals. 3 happy meals missing sauces and fries and big Mac meal had no drink or fries. Big Mac was small instead of grand. I was told by maccas if I reordered something then they'd replace the missing items. What a joke. Stay away from this store, it sucks your money away, leaves u without dinner and then won't rectify the problem. NEVER AGAIN.",Kylie,8mo,133,negative,Order Accuracy | Delivery Service,third of order missing | no fries included | missing sauces | refused replacement,"Delivery order severely incomplete; missing fries, sauces, and drinks; store refused to rectify."
Airlie Beach Maccas is awesome,"Airlie Beach Maccas is awesomeAirlie Beach McDonalds was clean, quick and yummy. The staff were wonderful. An elderly European couple came in and the girl helped them with the order board, she was so polite and patient with them. When we ordered the girl had a beautiful smile and was so pleasant and helpful. I can't recommend enough, not like the nightmare McDonalds Childers - but that's another review",Lisa,8mo,134,positive,Cleanliness | Service Speed | Staff Behavior | Food Quality,clean restaurant | quick service | polite staff | yummy food | pleasant smile,"Excellent experience with clean venue, fast service, and exceptionally helpful, friendly staff."
Allow Customers Recite The Big Mac Jingle,"Allow Customers Recite The Big Mac JingleThe latest Big Mac promotion by McDonald's is nothing short of disappointing and deceptive. Their TV commercial presents an enticing offer: recite the Big Mac ingredients jingle in 4 seconds at a McDonald's restaurant, and receive a complimentary small fries and Coke. As someone who has had the jingle memorized since the 1970s, I was eager to participate after half a century of anticipation.However, my excitement quickly turned to disillusionment upon further investigation. Instead of the expected inte... Read moreraction at the counter, I discovered that the promotion is entirely app-based. Rather than verbally reciting the jingle, customers are presented with a digital puzzle where they must rearrange text boxes representing the jingle in the correct order within a mere 4 seconds. This not only eliminates any human interaction but also feels like a deliberate attempt to mislead customers. McDonald's has essentially stripped away the essence of the promotion, denying customers the opportunity to engage in the nostalgic act of reciting the jingle aloud. It's baffling that in this age of advanced technology, they couldn't incorporate a simple recording feature into their app to allow customers to verbally participate. In essence, this promotion feels like a facade, promising one thing but delivering another entirely. McDonald's owes its customers transparency and authenticity, neither of which are present in this misleading campaign. It's a shame to see such a beloved brand resort to such tactics, tarnishing the fond memories many of us have associated with the Big Mac jingle.",Jath789,8mo,135,negative,Special Items,misleading promotion | app-based puzzle | false advertisement | no human interaction,Big Mac jingle promotion advertised as verbal recitation but actually requires app-based text puzzle.
Poor management,"Poor managementByford McDonald's have very poor management skills for all employees, I was given a position at there establishment which I was very happy about, but now I'm very disappointed in the service and treatment I lve been given, I have been ignored for weeks i have been asking when I would get shifts but no answer, it is utterly disrespectful towards people who are trying their hardest to find a job.",Guess,8mo,136,negative,Staff Behavior,poor management | no shift scheduling | ignored for weeks | disrespectful treatment,New employee received no communication about shifts and ignored by management for weeks.
This location need to smarten up,"This location need to smarten upWe recently stopped at McDonalds at Enfield SA after a long drive.We were going to have a quick breakfast.We both ordered pancakes with extra butter and two coffees.The restaurant wasn’t that busy seeing it was a week day.When our order arrived, I could hardly believe it. Not only were the pancakes cold but one of them was still frozen!!I took them to the counter and the girl said she would reheat them!!!There was no extra butter as requested!No apology.Then the coffee came and they were also cold!I sa... Read moreid to the attendant - what was happening? It wasn’t even busy! She apologised and said she would reheat to coffee. REHEAT / not make another one. This is the third time I have been to this particular outlet and the third time I have had inferior service. Most of the time the team members stand around joking with each other, and the customer is someone who spoils their conversation. I am not sure who the owner of this outlet is but they should know that this behaviour and product isn’t giving his business a very good name. I generally go to Collinswood in SA and have never had a problem there.",Isabelle Dabrowski,8mo,137,negative,Food Quality | Food Temperature | Order Accuracy | Staff Behavior,frozen pancakes | cold coffee | missing butter | no apology | staff inattentive,"Cold pancakes (one frozen), cold coffee, missing butter, poor staff attentiveness, no apologies."
Very very upset and out of $31.00,Very very upset and out of $31.00Contacted head office and they could not care. Contacted the store and a machine says I cannot leave a message. So store is uncontactable...........The MacDonalds operator was from the Philippines. I had to keep repeating myself....,benson420077,8mo,138,negative,Staff Behavior,lost money | uncontactable store | head office unhelpful | communication barrier,"Lost $31, store unreachable, head office unresponsive, language barrier with operator."
Customer service lacked any effort,"Customer service lacked any effortWent to kingsway maccas drive thru and was informed at 2.13am Tuesday that there was a system update meaning we couldnt be served. Asked if girrawheen also would be updating they didnt know and didnt even say anything to help turns out girrawheen does automatically at the same time, girrawheen staff mentions they arent sure about malaga ??",Keti S.,8mo,139,negative,Drive-Thru Experience | Equipment Availability | Staff Behavior,system update downtime | no service available | staff uninformed | late night closure,Drive-thru closed at 2:13am due to system update; staff uninformed and unhelpful.
it was a great sibling bond!,"it was a great sibling bond!This was the first ever time me and my girlfriend went to McDonalds together... I was scared don't get me wrong, if today was the day that i was avoiding i would like it to not be that bad. I shuffled up at the line begging my girlfriend to tell me what she wants, so i can order it for her. Once I stepped up front, about to order, I felt goosebumps on my neck...i was cold...really cold. i quickly went to my girlfriend and gave her my jumper. ''the heater...its off are you okay?'' ''I'm okay sweetie don't worry!'' I w... Read moreent up to the line again and ordered. I was scared my girlfriend had never tried McDonalds I wanted it to be the best thing she has ever tried...she deserves it. ''31'' the employ called out to me looking at me...staring like i was a monkey in a zoo jail. I walked up to the counter and placed my hand on the bag where my food was... i opened the bag scared for what I was about to see... the bag was opened, and my girlfriend looked over into the bag. the burger was great. we had an amazing sibling bond that day! 5/5",Kool bf in Alabama,9mo,140,positive,Food Quality,great burger | amazing sibling bond | first time together | best experience,Customer had a positive first McDonald's visit with girlfriend and praised the burger quality.
Honestly shocking,"Honestly shockingTaste weird, weird texture too.. were very cold.. don't recommend.. felt sick after",fischl4you,9mo,141,negative,Food Quality | Food Temperature,taste weird | weird texture | very cold | felt sick,"Food tasted and felt odd, was cold, and made customer sick."
Ripped off,Ripped offI bought the 24 nugget pack for $9.95 .when i got home their was 22 in pack not 24 i rang McDonalds and they did apologize and said i could come and get the 2 missing nuggets. But to do this it would cost me more in fuel ($2.32) to go back so i didn't go back this has happened before and i wonder if this has happens to other customers,Andy R.,9mo,142,negative,Order Accuracy,missing nuggets | 22 instead of 24 | happened before | extra fuel cost,24-nugget pack contained only 22 nuggets; customer not compensated for correction cost.
Mc long wait Mc hungry Mc no food,Mc long wait Mc hungry Mc no foodWe waited for an hour at Albion Maccas and did not get fed with 4 hungry children and did not get our order. We ended up late for an important event and left without receiving our food.I provided feedback using the official Maccas channels and got told i would hear in 3-4 days. Over a month latter and after weekly calls and being told the Albion team would call me i have still not heard from the company.When I approached the counter about the wait and having no food I was told i can either have part of the ord... Read moreer and wait for the rest or get a refund and leave. As were were already late and could not wait I asked if we could get what was ready and refunded the rest and was told it was one or the other. We left after over an hr in the store with no food and 4 hungry and disappointed children.,Gavin,9mo,143,negative,Service Speed | Order Accuracy | Staff Behavior,one hour wait | no food received | four hungry children | no follow-up,"Customer waited over an hour, never received food, and got no response to complaints afterward."
Ice coffee,Ice coffeeI've been getting my long black here 6 days a week before work. The last month the coffee has been cold/warm at best. I've told them and nothing changes. The same today! Your not suppose to be able to skul a coffee ! I don't think they give a damn. Time to move I think.,John Payne,9mo,144,negative,Food Temperature,cold coffee | month of cold drinks | long black | nothing changes,Coffee consistently served cold despite multiple complaints to staff.
Worst Hamburgers ever,"Worst Hamburgers everMc Donald's at Glen Innes (NSW) provided the worst hamburgers and drinks and chips we have had.Sloppy hamburgers of low quality, cold chips and a terrible hot chocolate.This is our last Hamburger at Mc Donald's",jerry,9mo,145,negative,Food Quality,worst hamburgers | low quality | cold chips | terrible hot chocolate,"Food quality was poor including sloppy burgers, cold chips, and bad hot chocolate."
My burger was empty...... totally just the bun,"My burger was empty...... totally just the bunI visited MacDonalds Bass Hill a few weeks ago to grab dinner on my way home. I ordered a Big Mac Meal ($13.60). When I got home I settled in to have dinner and found an empty Big Mac...... yes empty. All it had was 1 meat patty (see below pictures). I rang the store to and asked to speak with the manager, the young lady that answered said that she was the manager, when I explained my issue she said that she would put me onto the manager....... again I explained my issue and he said that he wou... Read moreld have to make a phone call to the manager......... seriously how many managers are there. Anyway their only solution was for me to drive back and get another meal (14km round trip). I asked for a Macdelivery to deliver another meal, they said no that was impossible. All they could do was put my name in a book and next time I came I could get a free Big Mac........ I rang Macdonalds Head Office and was told that as my order was not done via the app (as I went through the drive thru), they couldn't refund me and I was best to go back to the store. I may have become a little upset at this point and told them that they needed to fix it. The young lady asked for proof of purchase and she would arrange for a voucher to be sent to me. I sent her the information she requested immediately. 4 days later I received another email (still on the same email thread complete with the proof of purchase that I had sent 4 days earlier) asking me for proof of purchase. I pointed out that it was attached from the last email and was still included in this thread. Another 5 days pass and I receive a voucher for $10. Again I replied to the original email thread telling MacDonalds that I was not only disgusted with their store and Head Office service, but was also insulted at the $10 voucher which did not even cover the cost of the meal. About 20 mins later I received another email from MacDonalds telling me that additional vouchers had been put in the mail to me today. Seriously this is Head Office and I fear that they wouldn't know if their butts were on fire. To little to late MacDonalds. I gave the voucher to an older man at the train station who was in need of a meal and am now getting my $13.60 worth in advertising for MacDonalds. Keeps your eyes peels on all the product review sights, I'm dropping this in now. FYI, the burgers are really better at Hungry Jacks.",Deb,9mo,146,negative,Order Accuracy | Staff Behavior,empty Big Mac | one patty only | poor customer service | inadequate compensation,Big Mac was empty with only one patty; store and head office provided inadequate resolution.
Worst experience,"Worst experienceMc Donald’s In manning is the dirtiest restaurant I’ve ever been in .. I visited 10 th April at 6.45 pm and the floor was dirty , tables filthy and rubbish all over the floor . I asked the young girl to get it cleaned and she rolled her eyes at me and the manager was next to her and I said how can you be a manager and let you’re restaurant be so unhygienic. All she said was I’ll get someone to clean it .",Terri,9mo,147,negative,Cleanliness | Staff Behavior,dirtiest restaurant | filthy tables | dirty floor | manager indifference,Restaurant was extremely dirty with filthy floors and tables; manager showed no concern.
Overcharged on App repeatedly - will never use app again,"Overcharged on App repeatedly - will never use app againCustomer service ATROCIOUS. Don’t use the app - offload it and instead pay in cash at the counter. Multiple times now I have been charged the wrong price AND bonus points have not been awarded via the app. Even though McDonalds can see all of this in their own records, I have to forward them screenshots at the time from their own app to prove it? So they can amend and carry out the correct pricing and add bonus points as per their scheme as advertised?! ACCC needs to be involved here.",zurizuri,9mo,148,negative,Price Value,overcharged repeatedly | bonus points not awarded | poor customer service | app issues,Customer repeatedly overcharged on app with bonus points not awarded; customer service unhelpful.
Terrible,TerribleAttended rosebud mcdonalds I waited 20 minutes for 3 meals inside restaurant when I inquired about the length of time I was told the numbers don't mean you will.get your meal.after the proceeding number. It's the order they are paid. Then I was told we are busy. Also staff behind counter dancing and the person making the hamburgers throwing them together no care taken. Line in restaurant long and no one attending to them..menu log driver upset waited 10 minutes for order sitting on counter. Drive through out on road. Staff talking and... Read more yelling at each other I.E where is that mcrispy? Not professional. No manager in sight. The computers not issuing receipts numbers. The toilets disgusting. Tables not clean. Very dissatisfied My husbands burger looked terrible everything falling out over mayonnaise. Chips cold. Terrible service,Jenni S.,9mo,149,negative,Service Speed | Food Quality | Cleanliness | Staff Behavior,20 minute wait | cold chips | unprofessional staff | dirty toilets | messy burger,"Long wait, cold food, filthy conditions, unprofessional staff behavior, and poor order quality."
The burgers are bigger at hungry Jack's,"The burgers are bigger at hungry Jack'sShrinkage not impressed with the small Burger's especially fish burger,only eat at ma Donald's once a year to appreciate the burgers I get from Hungry Jack's.",Rick,9mo,150,negative,Portion Size | Food Quality,small burgers | shrinkage | fish burger | portion disappointment,Burgers are too small compared to competitors; disappointed with portion sizes.
Disgusting Customer Service at McDonalds,Disgusting Customer Service at McDonaldsWhat a cheat. Purchased 3 large fries and paid for it. The fries did not have the sticker peel to win promo. I asked the staff and tbey told me promo is over. Promo states end 9th April. Manager [Name Removed] took my fries back and refunded me. They take my money immediately but cant refund me immediately. What kind of service is this. Definitely takes my love for McDonalds away.,Aaron A.,9mo,151,negative,Staff Behavior | Order Accuracy,missing promo stickers | poor refund process | staff dismissive | slow refund,Staff refused refund for missing promotional stickers and slow processing damaged customer loyalty.
Never buy if you care about your health,Never buy if you care about your healthSo bad and not clean be aware to go there,shaima a.,9mo,152,negative,Cleanliness | Food Quality,not clean | bad food | health concerns,Poor food quality and cleanliness concerns deter customers from returning.
Wasn't impressed with the food,Wasn't impressed with the foodI ordered the 4 burger fest and got it delivered and once it arrived the burgers were cold and dried out the chips were soggy and the coffee was cold the garden salad was disgusting just Lettuce and Tomato's the only thing that was nice was the salted Caramel frappe and the Coke paid $56.60 and we only took 1 bite from the burgers and ate 1 chip each and didn't even eat the garden Salad as the Lettuce was brown throw every thing out we should get a refund not happy at all,Donna,9mo,153,negative,Food Quality | Food Temperature | Delivery Service,cold burgers | soggy chips | cold coffee | brown lettuce,Delivered food arrived cold and poor quality; only salted caramel frappe was acceptable.
Question : What's the best thing about Macdonalds? Answer : A Hungry Jack's next door,"Question : What's the best thing about Macdonalds? Answer : A Hungry Jack's next doorPathetic, pathetic, pathetic. The Campbelltown store, next to Campbelltown Mall, advertises a 24 hour drive through. Been there three times in the past 12 months at approximately 2.30am. The first two times they could not serve me as they were doing end of day on the cash register so could not serve for half an hour. They said try another store. Narellan and Rosemeadow stores happened to be doing their registers also. Doesn't take too much brains to communicat... Read moree with each other and only close one store at a time, even though I don't know of any other store in any industry that closes for business to balance their registers. Tonight I went to the Campbelltown store at 2.30am. They couldn't serve me because they were expecting a delivery truck. There was no truck in sight. Why would they need to close the entire store because a truck will be arriving sometime? Absolutely ridiculous. I know they employ children, maybe they need to close because all the child labour staff want to go look at the big truck; something to tell their mummies about. What will be next, will the store be closed because it is story time? or maybe nap time? I think the best thing about Macdonalds is the Hungry Jacks next door.",John G.,9mo,154,negative,Drive-Thru Experience | Service Speed,24-hour false claim | register closing | unreasonable closures | poor communication,Drive-thru repeatedly closed at advertised hours for register balancing and deliveries.
Green eggs & ham !,"Green eggs & ham !Green eggs ...and ham , undercooked bacon , overcooked eggs , and cheese disintegrated into nothing . Obviously microwaved ....discussing!!",Fiona,9mo,155,negative,Food Quality | Food Temperature,undercooked bacon | overcooked eggs | microwaved | disintegrated cheese,Breakfast items poorly prepared with undercooked bacon and overcooked eggs.
Terrible food ordering machine,Terrible food ordering machineTried to buy 2 burgers at the airport in Melbourne and couldn't pay for the food with my credit card. So I went to another food vendor and purchased $40 for dinner. I won't be back or recommend your food ording machine. It's crap. The other food machine was very easy to use.,Paul M.,9mo,156,negative,Equipment Availability,payment machine failed | credit card rejected | food ordering machine | poor functionality,"Self-ordering machine malfunctioned, unable to accept credit card payment."
"Trying to let McDonalds know just what your Restaurant's in some of your stores, are like","Trying to let McDonalds know just what your Restaurant's in some of your stores, are likeWe went to Mandurah Forum McDonalds this morning for breakfast, trusting that it may well be okay this morning..hoping. I ordered a coffee, a Hash Brown, and a plain cheese toastie. The Coffee came..fine, and a hot Hash Brown. Waited 10 minutes for Mt Toastie. When it arrived, I unwrapped it to find that it hadn't been toasted at all! A cheese sandwich. So I took it back, and the girl asked ,'what is wrong with it'? I said..' You tell me'. She then said..... Read morenot toasted. I replied..exactly. I waited another 10 mins for my Toastie to arrive, but when it did, it was still just a cheese sandwich..not toasted. I did get angry at this point, and asked them what they were about? The Manager, a young girl, came over and said..' Don't speak to my staff like that!' Well the absolute cheek of the young silly girl! I asked for my money back, because I was not going to wait any longer, I knew it was no use. The money was given, grudgingly, and this stupid girl said..' Take a photo of it'!!!! Trust me, she couldn't care less. I'm not going there ever again. It did cost me $1500, and to be honest, I think McDonalds are pretty shameful.",S.Ryan,9mo,157,negative,Food Quality | Staff Behavior | Service Speed,not toasted | slow service | rude manager | untoasted sandwich,Toastie served untoasted twice; manager was dismissive and unhelpful.
rewards rip off,"rewards rip offrewards points rip off. i get a large coffee at maccas every morning before work and look forward to getting my free large coffee once i have earned 2500 points. wrong they have now changed the rewards to that you can only get a small or medium coffee for free. there are times i get a bacon and egg meal instead of a coffee. within 2 days the reward points for this are removed due to an ""error"" these days with the cost of everything going sky high you get very little reward for being a loyal customer. i know it seems trivial complaining about a free coffee but its the principle of the matter.",Annette S.,10mo,158,negative,Price Value,rewards downgraded | small coffee instead of large | points removed | loyalty devalued,Rewards program changed unfavorably; free coffee reduced from large to small size.
McDonalds Plumpton Order wrong 95% of the time,"McDonalds Plumpton Order wrong 95% of the timeThey need to hire more responsible people , that get my order wrong 95% of the time. Ordered a strawberry thick shake , it was white instead of pink and had no flavour , we got the wrong salad dressing and my hamburger was missing pickles , That's a tri-fector.",Fade,10mo,159,negative,Order Accuracy | Food Quality,wrong order 95% | no flavor shake | wrong dressing | missing pickles,"Frequent order errors including wrong shake color, missing toppings, and incorrect dressing."
Dissatisfaction of customer service,"Dissatisfaction of customer serviceI ordered a frozen coke zero through the app to be pickup at Southlands, Willetton, WA at 18/March/2024 9.40am. At pickup I was told the machine wasn't working and I was given a choice of frozen coke with sugar or coke zero drink. As a diabetic, I chose the drink with no sugar. Then the customer service assistant came back and said the manager didn't approve the swap because of the price.Why does MacDonald staff give the choice of the swap and then inconvenience the customer with the rejection and refund.Such a time waster this MacDonald at Southlands.",Yit Thye Y.,10mo,160,negative,Order Accuracy | Staff Behavior,frozen coke machine broken | swap rejected by manager | time waster | poor communication,"Staff offered a substitute for broken machine, then manager rejected swap, wasting customer time."
Bad service,Bad serviceItems missing from orders and the feedback site is broken. Why pay so much for bad service. Also no receipt was provided with my order,Jason,10mo,161,negative,Order Accuracy,missing items | broken feedback site | no receipt | bad service,"Order had missing items, feedback site broken, and no receipt provided."
Disappointed rip off,Disappointed rip offI used to buy a soft serve in a plastic lid due to gluten intolerance. It never really was equal to the soft serve on a cone but now that it is served in a paper cup I am receiving a microscopic amount . Not value for what I pay. I will not going back to McDonald's again.,Cristina,10mo,162,negative,Portion Size | Price Value,microscopic portion | paper cup change | poor value | gluten intolerance,"Soft serve portion reduced significantly in new paper cup, poor value for price."
Poor value for money,Poor value for moneyOmg shrinking Burgers. Being gaslit by a restaurant. I would be embarrassed to sell these,birmansunnye,10mo,163,negative,Portion Size | Food Quality | Price Value,shrinking burgers | gaslit by restaurant | poor value | embarrassed to sell,"Burgers are noticeably smaller, offering poor value for money."
Poorly made food,Poorly made foodThe food is good but I am gluten free so I need to order my burger without a bun and 9 times out of 10 my cheese is stuck in the bottom of the box melted and I have to scrape it off with my fingers and it’s not that hard to put my cheese on top and between the patties surely,Hollie S.,10mo,164,negative,Order Accuracy | Food Quality,gluten free | cheese melted in box | cheese placement | poor assembly,Gluten-free burger orders consistently have cheese melted at bottom of box.
Hot Cross bun,"Hot Cross bunThe choc chip hot cross bun is rubbish, looks nothing like the picture and tastes awful.",Kenneth M.,10mo,165,negative,Food Quality,choc chip hot cross bun | rubbish | looks nothing like picture | tastes awful,Chocolate chip hot cross bun tastes awful and looks nothing like advertised picture.
Terrible service on the McDonald's at m4 westbound,"Terrible service on the McDonald's at m4 westboundI went on a drive thru at McDonald's on the m4 motorway westbound near Reservoir Rd on 8/03/24 about 8.30pm.It took 17 minutes from placing my order to getting to the window where you pick your order. When I eventually got there first thing I asked fur the manager. The lady manager approached the window and I asked her why she couldn't make the car infront go wait at the waiting bay while their food is being prepared. She straight away said we are understaffed. I said this is not a good reaso... Read moren and that that was poor management skills. She then said what do you want me to do we are about to shut-down. I said you are the manger why are you asking me what to do....I said you tell ppl to go wait at the waiting bay and you close the drive thru if you cannot manage it.... she immediately slamed the sliding windows shut and walked away... another young man approached the window and handed me a meal and I said that's not what I ordered and he said what did you order I said look at the screen and he said in a loud tone mate if you don't know what you ordered then go....I said I ordered a frozen coke.... In the whole process not one of the McDonald's team apologised for the delay or the bad service provided... The crew that was working at McDonald's on the M4 westbound on 8/03/24 cutting the evening shift should all be pulled in and retrained. As for the manager, well nothing will fix her bad attitude so I wouldn't bother with her.... McDonald's if you wish contact me",Roby,10mo,166,negative,Drive-Thru Experience | Service Speed | Staff Behavior | Order Accuracy,17 minute wait | understaffed excuse | manager slammed window | wrong order | no apology,"17-minute drive-thru wait, rude manager, wrong order received, no apologies given."
Pathetic staff,Pathetic staffPathetic service from incompetent ignorant bottom of the barrel staff at Clifton Hill Mc Donald’s Melbourne. Training of the entire team would go a long way. Their replacement with touchscreens is possibly a good thing.,Dan,10mo,167,negative,Staff Behavior,pathetic service | incompetent staff | ignorant | poor training,"Staff described as pathetic, incompetent, and poorly trained; in need of retraining."
"How far is McDonalds planning on taking poor food quality, and total absence of customer service?","How far is McDonalds planning on taking poor food quality, and total absence of customer service?CONSISTENTLY BAD SERVICE AND THEY SEEM TO MAKE A SPORT OUT OF HAVING ITEMS AVAILABLE FOR SALE ON THE MENU BUT WHEN THEY ORDER IS PREPARED, THE ITEM ISN’T AVAILABLE AND ALL THEY HAVE TO OFFER YOU IS AN INFERIOR SUBSTITUTE OR A HEADACHE OF A REFUND PROCESS.That’s just on the product side. On the service side, McDonalds St Marys often don’t know the difference between an iced coffee, an iced chocolate and a frappe,McDonalds Minchinbury will give you... Read more an entire family meal with 4 or 6 drinks, and no cup trays, and when you ask for cup trays they look at you like you’ve offended their entire bloodline. McDonalds on the westbound side of the M4, their staff have their own standard of utter rudeness. Ask for a sundae and the sauce will mostly be on the outside of the cup, order a meal with 3 drinks, they will slide it to you across the counter and again, “cup tray” must be an offensive term in their world, especially when most humans only have two hands, and most McDonalds humans have barely have the ability to use either of their two hands. I have also personally witnessed two of their staff abuse and ridicule a customer who was showing them his receipt on which he had ordered a Big Mac and got a completely different burger altogether and was asking them for the right burger, and the two McDonalds staff were verbally abusing him using some of the most offensive 4 letter words you can think of. I had to check myself to make sure I wasn’t dreaming, when it happened. I watched the customer leave without his order. I called up customer service and asked them to watch their own surveillance footage and deal with this, however the two staff members are still working there, easily identifiable by their blonde hair and oversize eyelashes. When did buying food from a now subpar fast food place, become an activity where you get abused and basically robbed by a bunch of people without any basic manners or care for customers?",Dee,10mo,168,negative,Food Quality | Staff Behavior | Order Accuracy | Equipment Availability,consistently bad service | items unavailable | staff rudeness | drink confusion | verbal abuse | no cup trays,"Multiple locations consistently fail to provide ordered items, staff show rudeness and poor knowledge."
WONDER WHY YOUR NOT GETTING POINTS,"WONDER WHY YOUR NOT GETTING POINTSI contacted customer service about not getting points in th ap. After a merry go round of providing bank proof etc they point out that you max out at 30,000 pts. They supplied the section of the overwhelming t&c's that state this, that we know most people don't read. The scummy bit is that there is no advice in the point history stating this is why no points given. To me that is an intentional more to scum people out of points.",Markyj,10mo,169,negative,Price Value,"points not credited | 30,000 point cap | no notification | terms and conditions | intentional scam","Points program maxes out at 30,000 with no notification, customers unaware points stopped accruing."
Give this Mac Donald’s a miss,Give this Mac Donald’s a missThis is the second time I have purchased from the Melville st Hobart site. Both times service and product have been very slack and disappointing. The first time it took over 25 mins in the waiting bay for cold food and yesterday I ordered inside and got home to find I had been short changed 2 burgers. They got the price right but forgot 2 burgers. This is disgusting for a national chain. The shop is dirty and the staff are coming and going behind the counter out of uniform. It was hard to tell who were staff and who were customers. One even changing the tape on a computer in jeans and teeshirt. Won’t go back again. They need a complete overhaul on service professionalism and cleanliness. Really disappointing,Jean Muller,10mo,170,negative,Order Accuracy | Food Temperature | Cleanliness | Staff Behavior | Service Speed,cold food after 25 mins | missing 2 burgers | dirty shop | staff out of uniform,"Multiple visits with cold food, missing items, dirty conditions, and unprofessional staff."
Poor service and dirty restaurant,Poor service and dirty restaurantRestaurant was filthy and wait time was 30 min. No communication from staff,Tanya,10mo,171,negative,Cleanliness | Service Speed | Staff Behavior,filthy restaurant | 30 min wait | no staff communication,Dirty restaurant with long wait times and poor staff communication.
No longer the McDonald we knew,"No longer the McDonald we knewMcDonald's disappointing customer service reflects poorly on its brand. Inconsistent and often subpar, the service fails to meet basic expectations. Moreover, frequent malfunctions of essential equipment, such as the frappe machine, frustrate customers and hinder their experience. The declining quality of food exacerbates the issue, with inconsistent taste and presentation leaving much to be desired. Overall, McDonald's struggles with customer service, malfunctioning facilities, and substandard food quality, indicating a need for significant improvement to uphold its reputation and satisfy patrons.",Evelene S.,10mo,172,negative,Staff Behavior | Equipment Availability | Food Quality,poor customer service | frappe machine malfunction | inconsistent food quality | subpar presentation,"Inconsistent service, broken equipment, and declining food quality throughout."
'The coffee machine is closed...',"'The coffee machine is closed...'I used to find it easy to buy a coffee at Maccas Blacktown II (Third Ave); however, the new female supervisory staff member always tells me: 'the coffee machine is closed '. This often happens when she is on duty. I submitted some complaints to Maccas HQ, but didn't receive a follow-up response, which again is poor customer feedback, and makes me much more unlikely to visit Maccas Blacktown II.",- -.,10mo,173,negative,Equipment Availability | Staff Behavior,coffee machine frequently closed | supervisory staff issue | no HQ follow-up,Coffee machine often closed by supervisor with unresolved customer complaints to headquarters.
Mcdonald's,"Mcdonald'sThe McDonald's in Woodhaven, MI no longer has the best customer service. The orders are no longer correct, food is no longer at a good temperature, and some staff are not friendly. We don't eat out much but when we do, we use to go to this McDonald's and call it our grandson McDonald's, guess what no more. Totally disappointed.",Disappointed,10mo,174,negative,Order Accuracy | Food Temperature | Staff Behavior,incorrect orders | cold food | unfriendly staff | poor customer service,"Orders incorrect, food cold, and staff unfriendly; no longer visits."
Issue with chicken over cooked,"Issue with chicken over cookedEven shared the form to Mc Donald team, about the food issue but they replied with again filling a survey form rather than sorting the issue. Ordered mc spicy chicken burger, it was so over cooked, couldn't even but through it. The meat was so thin and over cooked.",Milan N.,11mo,175,negative,Food Quality,chicken overcooked | thin meat | inedible | poor complaint response,Spicy chicken burger severely overcooked and inedible; complaint dismissed with survey form.
A Different Lunch,"A Different LunchI am not one to frequent fast food chains but today I was out in the heat starving hungry and short on cash so I went into my local McDonald’s.I ignored all of the machines to place my order and opted for the human interaction of the girl on the counter,she was very pleasant.All of the staff were pleasant.The food was as I expected for the money I had paid…not fantastic..but certainly not terrible..The burger did have a slight resemblance of the photoshopped version I see on their posters…the chips were lukewarm…but I ate all of it.The chocolate sundae was the star of the show.Would I go back?…yes,but maybe just for a sundae.It might be just me but the store did not appear overly clean to me",Opinions Matter.,11mo,176,mixed,Staff Behavior | Food Quality | Cleanliness | Price Value,pleasant staff | lukewarm chips | good sundae | store not very clean,"Pleasant staff and decent value, but chips lukewarm and cleanliness questionable."
Laziness,"LazinessAfter being alerted to icecream being spilt on floor a young female staff person came to look around 5 or so minutes later, she then went outside to geeet her friend came back in glanced at mess on floor and went back to kitchen area. A further 5 minutes ir so and the young staff member came out with food for a part area. Glanced at the floor again and kept going. A good 45 minutes until we left and mess still on floor",On Time always,11mo,177,negative,Cleanliness | Staff Behavior,spilled ice cream on floor | staff laziness | 45 minutes uncleaned | poor response,Staff ignored spilled ice cream on floor for 45 minutes despite multiple opportunities to clean.
Worst chicken Caesar salad ever,Worst chicken Caesar salad everPayed over 11 dollars for this chicken Caesar salad and it had few iceberg leaves two slices of bacon and few slices of chicken in burger box. I drove home to eat but still had to make dinner it countered maybe as entree meal. At least my kid was happy with his meal.,palmi,11mo,178,negative,Portion Size | Price Value,overpriced salad | minimal contents | few lettuce leaves | inadequate portions,Overpriced chicken Caesar salad with minimal ingredients insufficient for a meal.
Ordered drive through EHills McDonald's,"Ordered drive through EHills McDonald'sJust ordered a wrap happy meal with apple juice and a pack of pineapple fritter.... arrived home and got the wrap, 2 pack of chips and 3 chicken nuggets pack... what the???? Is there a quality/quantity check?..Very disappointed..",Chantal,11mo,179,negative,Order Accuracy | Drive-Thru Experience,wrong items received | missing wrap happy meal | extra chips | no quality check,Drive-thru order significantly incorrect with wrong items and missing requested meal.
Cleanliness,CleanlinessMcDonald’s in Leppington is always dirty and no seems to cleaning. No one cleans or mops the floors.,Dexter Onato,11mo,180,negative,Cleanliness,always dirty | no cleaning | floors not mopped,Store is consistently dirty with inadequate floor cleaning and maintenance.
long time waiting,long time waitingwent into Ingleburn store waited about 7mins at the counter then ordered 1 cheeseburger & 1 small cappuccino with 1 sugar & and also 1 Raisin toast with 1 orange juice. time of order was 9.38.59. Received the order at 9.54. the coffee was a med size not a small and it had no sugar in it,Henk,11mo,181,negative,Service Speed | Order Accuracy,7 minutes wait | 16 minute fulfillment | wrong size coffee | no sugar added,Long wait time and incorrect order items delivered.
What on earth is happening to Mcdonalds?,"What on earth is happening to Mcdonalds?Ok, so there used to be a time i would frequently pull up at a Maccas and get some brekky or lunch, but as of now Maccas is banned in our family. I cant seem to ever get correct order consistency or quality product. It just seems to be constant and thats regardless to which restaurant branch I go to. Theres nothing more frustrating than getting home with your order and finding a family member wont get fed, and to go through the rigmarol of driving back wasting your pricey petrol for a happy meal... and if... Read more the order is complete, the burgers always look like roadkill. Why am I wasting top dollar for sh!t? Maybe throw some more pennies towards your enslaved staff so theyll up the service. Mcdonalds isnt poor right? Anyway, I'm done with Maccas. The burgers really are better at Hungry Jacks....",Spearzy78,11mo,182,negative,Food Quality | Order Accuracy | Price Value,incorrect orders | poor quality burgers | inconsistent across branches | wasted petrol,Persistent order inaccuracy and poor food quality across multiple locations.
Meeting room cannot be booked,Meeting room cannot be bookedI tried to book the meeting room at the Eagleby branch. The website is not working so that you cannot put times in. I was told it would be fixed by Monday (today) but it is still not working. Nor are the Beenleigh and holmview branches working. I was told they have not been working for some time ( almost a month). Not sure when and if they will be fixed up.,Jacqueline dobson,11mo,183,negative,Equipment Availability,booking system broken | website not working | unfixed for a month,Meeting room booking website non-functional for multiple branches.
McDonalds Refused to serve Mobility Scooter,"McDonalds Refused to serve Mobility ScooterHaving tried to get the mobility scooter through the narrow front door, and finding it wouldn't fit as the turn angle was too tight, the obvious alternative was to use the drive through (as the scooter is a registered vehicle and insured for Queensland roads, with a licence plate). The manager in no uncertain terms, stated that the drive through was not for mobility scooters, and they would not serve people on them, in the drive through area. After explaining that the scooter couldn't get through their door, his rude reply was ""well we're not going to widen the door"". So is the home of the Happy Meal saying that disabled or mobility impaired people are not allowed any of that happiness ??",Tony G,11mo,184,negative,Staff Behavior | Drive-Thru Experience,refused service | mobility scooter | rude manager | inaccessible,Manager refused to serve customer on mobility scooter at drive-through.
Dirty store,"Dirty storeArrived at McDonald Pheasants Nest Friday morning 19th January, at about 10am, I purchased a large coffee & banana bread, also like other complainers NO receipt issued from machine.Food was great, coffee very hot and banana bread delicious.My complaint was finding a clean table.After eating and using restroom I spoke to Store Manager about the state of tables and also overflowing trash in, her response ‘I’m doing the best I can’. Unfortunately it wasn’t enough in my opinion.",Gloria,11mo,185,mixed,Cleanliness | Food Quality,great food | very hot coffee | dirty tables | overflowing trash,Excellent food quality but poor cleanliness and table maintenance.
Less of a burger,Less of a burgerMy Filet of fish burger had a quarter (if lucky) of a slice of plastic cheese on it with the smallest amount of tartare sauce..,Flash G.,11mo,186,negative,Food Quality | Portion Size,minimal cheese | sparse tartare sauce | inadequate portions,Fish burger severely under-portioned with minimal cheese and sauce.
Not Really Loving It,"Not Really Loving ItFirst time here at Cardiff McDonald’s , my order consisted of fries etc , however the fries were beyond crispy actually too well done and somewhat crunchy",Kaage,12mo,187,negative,Food Quality,fries over-cooked | too crispy | crunchy,Fries excessively cooked and too crispy.
Disgusting food,"Disgusting foodOrdered the new Aussie Angas Beef Deluxe on Saturday, got chicken nuggets. Rang to complain, very apologetic and offered a replacement order. Went in on Sunday to pick the order up, No Aussie Angas Deluxe, some digusting burgers with some meat, very dry bacon and BBQ sauce. Was very sick with food poisoning afterwards. Never order from McDonalds again.",louise.spencer,12mo,188,negative,Order Accuracy | Food Quality,wrong item delivered | dry bacon | food poisoning | replacement failed,"Wrong order delivered, replacement order also poor quality, resulted in food poisoning."
Delivery,DeliveryOne of the biggest takeaway company’s on the Sunshine Coast but yet the only take away company that doesn’t deliver in Bli Bli,Trish,12mo,189,negative,Delivery Service,no delivery available | Bli Bli area | limited service area,Delivery service unavailable in Bli Bli area despite company size.
Yarrawonga McDonalds the most filthy dirty and disgusting restaurant,"Yarrawonga McDonalds the most filthy dirty and disgusting restaurantI took my grand children there yesterday- it was absolutely disgusting- the whole restaurant was putrid - tables dirty, floors just disgusting, bins overflowing, behind the counter filthy and this is where they prepare the food! Toilets just awful but to top all that off the children’s play area was just disgusting. There is just no excuse - shut the store and clean it!",Di,12mo,190,negative,Cleanliness,filthy restaurant | dirty tables and floors | overflowing bins | filthy food preparation area | disgusting play area,"Restaurant was extremely dirty with filthy tables, floors, bins, food preparation area, and play area."
Toxic environment,"Toxic environmentThe worst place for a teenager to start their working career. With a daughter working at 3 different McDonalds in Brisbane, it's very clear this company has an issue with favouritism and toxicity related to poor management and training of its young ""managers"" who shouldn't be in charge of themselves let alone anyone else's children. Advice being, don't allow your young children to work here! It breeds terrible work ethic along with total misguidance on how management are expected to manage whilst guiding our children's entry into the workforce....Biggest mistake we ever made was allowing this to happen!",R.Mz,12mo,191,negative,Staff Behavior,toxic work environment | poor management | favouritism | inadequate training | unsuitable young managers,"McDonald's exhibits toxicity, favouritism, and poor management practices affecting teenage employees."
Disappointed,DisappointedWent to Maccas on Stebonheath Road Eyre to get 2 Ice cream Sundaes and they didn’t have any they had advertised on the board. Took ages to get served to walk out with nothing. Anyone wanting anything go elsewhere as it takes ages to get served then they only give you part of your order and have to wait to get the rest. In the meantime your order is getting cold. Won’t be back.,Barb,12mo,192,negative,Equipment Availability | Service Speed | Order Accuracy,advertised items unavailable | long wait times | slow service | incomplete orders | food getting cold,"Long wait times, unavailable advertised items, and incomplete orders resulted in cold food."
McFlurry,McFlurryBought two Tim tam McFlurrys $4.50 each and they were both half full what a waste of money,Brian,12mo,193,negative,Portion Size | Price Value,Tim tam McFlurry | half full | poor value | waste of money,"McFlurrys were half full for $4.50 each, representing poor value for money."
Support the supporters,"Support the supportersI'm a support worker and I often take my clients to McDonald's for coffee or a snack or meal because it's easy, because it's a fun environment and because the clients like it. It's a treat. However in my profession we need receipts to be able to claim tax on and to show accountability for what the client has bought with their own money. So many family restaurants I've visited lately In the Melbourne and Geelong area, and I presume It is the same All around the world, have seen the installation of the automated system wher... Read moree the customers order and payment can be taken at a screen. So many times I've found that the receipts are not available because they've run out in these machines. Why are they not being replaced. Also I can tell you that these screens are too high for someone in the wheelchair. I can tell you if I can't get a receipt I am less likely to visit as I'm trying to keep my own costs down. In the disability sector you will find an abundance of disposable income which will be taken elsewhere if the support workers are not comfortable in your environment. Please address this.",Karen N.,12mo,194,mixed,Equipment Availability | Cleanliness,automated ordering screens | missing receipts | wheelchair accessibility | disability inclusion,Enjoys McDonald's as a treat venue but frustrated by unavailable receipts in automated systems and poor wheelchair accessibility.
Sercive is dismal,"Sercive is dismalMooroolbark McDonalds has to be the worst store I have ever been in. It has taken me a while to get to writing this review but enough is enough. The staff is rude and the orders are always either mixed up or missing items. I went in and ordered a Big Mac meal to eat in and got a number, sat at my table and they called my number. When I showed them my number, the girl there looked so annoyed that she had to walk four feet to give the order, and it was in a bag, not on a tray as normal. so many people I have talked to have had th... Read moree same experience and refuse to go back. This store needs to be looked into. Seriously, Mooroolbark Mcdonald's needs someone there to keep the staff members in line and improve the service. Last time I will go there.",Cathy,12mo,195,negative,Staff Behavior | Order Accuracy | Service Speed,rude staff | mixed up orders | missing items | annoyed employees | poor service,Staff were rude and dismissive while consistently providing incorrect or incomplete orders.
Mac crispy burger for monopoly maccas gone wrong,"Mac crispy burger for monopoly maccas gone wrongSame sit. as some lady before last yr. The burger was a bit tiny & little flavour.wrong spot.like folk alike the monopoly on the fries it was too late.can I claimly?pretty sure I’ll be in draw bonusly by Mac Donald’s.speaking of potato fries had lack of salt was soggy & terrible.I’d regard other options.poor maccas, please count on it!wouldn’t spend over other times.photo inclusive acts as a sampled template, eg split imaged only!",dan the man,12mo,196,negative,Food Quality | Portion Size | Special Items,tiny burger | little flavour | soggy fries | lack of salt | poor quality,Burger was tiny with little flavour; fries were soggy and undersalted.
McDonalds Goodna Qld worst crew in history!,"McDonalds Goodna Qld worst crew in history!I have ordered Double Big Mac & got normal Big Mac. I ordered 2 Happy Meals & only got one drink.I never get the extra sauce in the bag if I purchase a condiment on the side. I have waited 20 minutes for an order and it wasn't busy. I have been refused a refund cos I didn't have a receipt, which the kiosk didn't print out so how do I keep a physical receipt. And finally the rudest people behind the counter.This makes McDonalds Goodna Qld the worst store in history!",Gavin P.,12mo,197,negative,Order Accuracy | Staff Behavior | Service Speed,wrong items received | missing items | long wait times | refused refund | rude staff,"Multiple order errors, long wait times, rude staff, and refusal to refund without receipt."
Fillet o fish disappointment,"Fillet o fish disappointmentOrdered a fillet o fish double today and what a terrible disappointment it was.Fries were great and salty. Drink was good. But what have they done to the fillet o fish, it was tiny and dry. The last fish I had a few years ago were large and flakey. What I got today were hard, thin and tasteless.Today marks the last day I'll ever order this from any mcdonald's ever again.Shrinkflation is also evident here with the burger being so tiny while I paid over $16 for this. I'm looking for traditional burger shops again where you got real burgers.",Thomas,12mo,198,negative,Food Quality | Portion Size | Price Value,tiny fillet | dry fish | hard and tasteless | shrinkflation | overpriced,"Fillet O Fish was tiny, dry, and tasteless; priced over $16 despite evident shrinkflation."
No cones,No conesWas told after ordering that there was no cones only for the ice cream to come out in lid cups and half full. Then to be given a fork to eat the ice cream was very disappointing there was also bits of black flakes in the ice cream.,Maddy,12mo,199,negative,Equipment Availability | Portion Size | Cleanliness,no cones available | lid cup instead | half full ice cream | black flakes | given fork,"No cones available, ice cream served half full in cup with black flakes and a fork."
Worst company and customer service to deal with,"Worst company and customer service to deal withI spend over $18 to qualify for the 1750 points for $17.50 spend. I followed the correct steps but never got any points. This was back in early December. I waited few days and reached out but no response for a while. And after asking for update , all of sudden they respond on Boxing Day with same steps. I replied the same day and again keep chasing them since then. It’s over a month since I am wasting my time with them and already quite fed up.",Muhammad Yousuf,12mo,200,negative,Special Items,loyalty points not credited | no response | one month chase | poor communication,Customer spent $18 for promotion but never received promised points despite multiple follow-ups.
Bad attitude,"Bad attitudeI drove thru Bunbury forum McDonalds and ordered a small cappachino. Extra froth when I received it I took the lid off to check the froth as the coffee felt very full. There was a tiny skin of froth on top so I took it back and asked nicely could they pls add some more froth the barista woman replied no we can't make you another coffee I replied that's ok just some more froth from the jug, the manager then proceeded to enter the discussion by adamantly stating they would not make another coffee I once again replied I'm only as... Read moreking for extra froth He then stated I know she put extra froth in the coffee coz I gave it to you thru the drive thru I asked him did you take the lid off and check he glared at me and replied no but I saw her put extra froth in. I replied no buts all I'm asking for is a little more froth which he told me no we are not going to do that. I could not believe the rudeness of both the store manager and the barista to me. In the end I told them forget your coffee and walked out leaving the coffee behind. I've been buying from Macca in bunbury forum for 20 years and have always had great customer service until last evening. And all over a little extra froth, how easy and what good customer service to just have poured a little more from the milk jug into my cup",Anna,12mo,201,negative,Staff Behavior | Drive-Thru Experience,rude manager | defensive attitude | poor froth quality | unwilling to help | 20-year customer,"Manager and barista refused reasonable request for extra froth on cappuccino, displaying rudeness."
Service,ServiceWaiting in line at felt like for ever the chips were cold half filled and dry the burger tasted dry aswell and no sauce,Raven,12mo,202,negative,Food Quality | Portion Size | Service Speed,long wait | cold chips | half-filled | dry burger | no sauce,"Long wait resulted in cold, dry food with inadequate portions and missing condiments."
Worst salad ever!,"Worst salad ever!Ordered a Ceaser Chicken Salad. Came with no Ceaser dressing, no Parmesan cheese and the coffee didn't have the Splendour sweetener added.",Reeve,12mo,203,negative,Order Accuracy | Food Quality,missing Caesar dressing | no Parmesan cheese | missing sweetener | incomplete order,"Caesar Chicken Salad arrived missing dressing, cheese, and coffee missing requested sweetener."
Not worth buying anymore,"Not worth buying anymoreThe prices for McDonald’s in Australia is a joke. For the sub standard quality you receive, you may as well purchase from a local fish & chip / burger place for a better meal at approximately the same price!And if you order a burger without a bun, seriously how difficult is it for the staff to place the meat on the bottom rather than chucking the cheese & sauce onto the cardboard container & throwing the meat on top of that?! Surely if the staff are that mentally challenged with such a simple request, then the company c... Read morean train them better. Also don’t understand how one location the burgers can be relatively acceptable yet other locations are either bone dry or doused in oil to the point their crappy cardboard containers are dripping oil everywhere……surely there’s meant to be a standard way to cook for consistency across the business? Time to ditch this horrid chain & start being more discerning with your money!",Jaime,12mo,204,negative,Price Value | Food Quality | Order Accuracy,overpriced | poor quality | inconsistent burgers | incorrect special orders | dry or oily,High prices paired with poor quality and inconsistent food preparation; burger without bun order mishandled.
Unhygienic,"UnhygienicAspley Mcdonalds is filthyThe first thing you notice are the flies everywhere and the bins that are overflowing, this creates maggots that are creating these flies in there family restaurant because the staff doesn’t believe in the simple things like taking the rubbish out and wiping down tables and seats.I have tested this place a few times and the same thing, so me and my family aren’t going in there anymore I suggest no one does because whenever a fly lands it automatically leaves germsAlso terrible customer service never... Read more got any of my orders right Staff are lazy and I put this down to management too, so i would sack them all for not keeping to health regulations and get the big wigs in there to see for themselves or send in a health inspector You only got one star but if I could give none I would.",Tony Potter,12mo,205,negative,Cleanliness | Staff Behavior | Order Accuracy,flies everywhere | overflowing bins | maggots | tables not wiped | wrong orders,Location extremely unhygienic with flies and maggots; staff lazy and orders consistently incorrect.
McDonalds Aspley ripped me off for $15.15,"McDonalds Aspley ripped me off for $15.151. Ordered a medium Crispy Chicken Delux Meal2. Got home , in bag, Cheeseburger (opened rapper), Fish Burger, half eaten chips.3. Rang store, but after getting the Manager she hanged up.4. Drove to store, Manager refuses to give correct order.5. So having returned product, I didn't order, GOT no food , McDonalds basically robbed me of $15.15.6. Made complaint to Head Office, but as history tells, McDonalds will let the 10-12 days they say they need to get back and I will have to chase and chase.7. McDonalds Aspley seem to be in a complete mess, and with the Manger I encountered, it's no wonder.8. As for putting an Invoice number below, McDonalds don't give an Invoice?",John Woods,12mo,206,negative,Order Accuracy | Staff Behavior,wrong order received | half-eaten chips | manager hung up | refusal to help | no resolution,"Received completely wrong meal, manager refused to correct it or provide refund after follow-up."
No quality control,No quality controlMcDonald's these days is pathetic the burgers are just thrown together with no care at all who ever puts these burgers together needs retraining.There are plenty of burgers places around like Carl's Jr who take pridevin the burgers with fresh salad ingredients & put together with care l just ate a Angus classic from McDonald's it was like a 2 year put it together itvwas absolute rubbish.,Michael,12mo,207,negative,Food Quality,burgers poorly assembled | no care taken | needs retraining | inferior quality | careless preparation,Burgers hastily thrown together with no care; quality significantly inferior to competitors.
Incredibly salty food.  What have you done maccas. . Bk is far superior,"Incredibly salty food. What have you done maccas. . Bk is far superiorBig macs yuck and very salty, think I'll go with bk",Trevor & Theresa B.,1y,208,negative,Food Quality,incredibly salty | Big Mac inedible | superior competitor | poor taste,Food excessively salty; customer switching to competitor for better quality.
Mcdonalds Monopoly Scam !!!,"Mcdonalds Monopoly Scam !!!I tried using my McDonalds Monopoly -""Virtual Room Sydney"" ""FREE"" voucher, but Virtual Room Sydney said at least two people are needed for each session and thus I would need to find someone and then pay $49 for their session. Crap!!!! So I found a friend who also had a Virtual Room Sydney voucher and rang back. Virtual Room Sydney said one of us would have to pay $49 as its only one voucher per group. So there is no such thing as a free session. YOU HAVE TO PAY $49 ONE WAY OR ANOTHER!!!! Another McDonalds sca... Read morem!!! Its the same with Timezone. Mate of mine won a timezone voucher and took his daugher there to play after her operation. Timezone said McDonalds voucher did **NOT** allow any free games on the newer fun games as those colour games werent included in the McDonalds voucher and that she could only play Yellow and Red (I think) colour games. They also said she couldnt get any tickets from the machines to claim a prize later on as McDonalds voucher didnt include ticket machines Tickets!!!! In the end he felt so embarrased and bad he ended up paying top dollar for a card that allowed her to play all the machines. Its bad enough McDonalds cheats us and everyone I talked to about them underserving fries everytime we order French Fries by giving us only half the advertised amount of fries. And selling us chicken wraps that look nothing like the advertised wraps (ie they look skinnier, shorter, with about 1//2 the amount of salad and chicken. It shows to me how low mcdonalds sank compared to other restaurants, But really.....telling everyone about the great free monopoly prizes to entice customers back and then wasting their time on prizes load with crap conditions is pathetic!!!!",Jacinta from NZ,1y,209,negative,Special Items | Price Value,false free voucher claims | hidden costs | misleading promotion | inadequate fries portions | misrepresented wraps,Monopoly promotion vouchers falsely advertised as free but require mandatory paid add-ons.
Missing,MissingMissing food and too salty. How many mistakes do they make. Its not an excuse to tell busy,landscape f.,1y,210,negative,Food Quality | Order Accuracy,missing food | too salty | multiple mistakes | busy excuse,Order was incomplete and overly salty with repeated mistakes despite busy conditions.
Macdonalds  Sallys Corner is trash!,"Macdonalds Sallys Corner is trash!This have consistently been the worst macdonalds I have been too. Wrong orders, badly made burgers unfriendly staff dirty bathrooms, no toilet paper, broken hand dryer. Stop somewhere else!!",Judi T,1y,211,negative,Order Accuracy | Food Quality | Staff Behavior | Cleanliness,worst location | wrong orders | poorly made burgers | unfriendly staff | dirty bathrooms,"Consistently poor experience with wrong orders, bad food, rude staff, and filthy facilities."
"Sundaes up in price, down in value","Sundaes up in price, down in valueWent and bought two sundaes when looking at Christmas lights, had my 2 rescue dogs with me and that is their treat. One plain sundae, only half filled at a cost of $3.50 in their new paper cups. The chocolate sundae cost $5.50. What ever happened to value for money. Well, they were only half filled, don’t be so skimpy",Debbie,1y,212,negative,Portion Size | Price Value,sundaes half filled | price increase | poor value | skimpy portions,Sundaes undersized at high prices with significantly reduced value for money.
increase in prices that are unrealistic,"increase in prices that are unrealisticjust went into mcdonalds to buy a family meal for four, was 28 dollars, now 37. total ripoff for what youre getting. value for money at maccas doesnt exist, food decreases and price skyrockets.",lolliedog324,1y,213,negative,Price Value | Food Quality,unrealistic price increase | family meal cost | total ripoff | decreasing quality,Family meal price jumped nine dollars with declining food quality and poor value.
First time I  have spat out food in a restaurant,"First time I have spat out food in a restaurantMy son wanted McDonalds We went to the one at Gilles Plains. The food was terrible, the so called chips were cold and tasted bad I actually had to spit them out. The burger was cold and the sundae was half melted $34 for crap we left uneaten. We have been to other McDonalds, never good but this was disgusting!",Graeme Brown,1y,214,negative,Food Temperature | Food Quality | Portion Size,spat out food | cold chips | cold burger | half melted sundae | inedible meal,"Cold, poorly prepared food at all levels made the entire thirty-four dollar meal inedible."
You need to update how u package your burgers right now and put less in them,You need to update how u package your burgers right now and put less in themMc donalds update it now and pckage it in some paoer then put it in the container and not put so much in the burgers so people can actualy grab the burger,Lennon G.,1y,215,negative,Order Accuracy,burger packaging issue | too much filling | difficult to grab burger,Burger packaging overstuffed making burgers difficult to handle and eat properly.
Job application,"Job applicationI have applied to this company for multiple positions over the past few months and feel compelled to share my experience. Unfortunately, it has been a frustrating and disheartening process. Despite putting considerable effort into tailoring my applications, updating my resume, and expressing genuine interest in the company, I have not received any positive responses.",xoxo,1y,216,negative,,job application | no responses | frustrating process | disheartening,Multiple tailored job applications received no positive responses despite genuine interest.
Mac Donald’s food,Mac Donald’s foodHad an Angus burger and it was smothered in mayonnaise the lettuce was big chunks of the backbone and didn’t look like anything in the picture. Albany creek get your act together as I’m sure I’m not the only one who ain’t coming back,Mo,1y,217,negative,Food Quality | Order Accuracy,excessive mayonnaise | big lettuce chunks | doesn't match picture | Albany Creek,Angus burger smothered in mayo with oversized lettuce chunks differing from advertised picture.
Murdered mc rib deluxe,Murdered mc rib deluxeMate took 25 mins to get my order didn’t look seam taste any think like a McDonald’s rib deluxe was totally murdered by sauce and cold will not buy anything from cliff gardens Toowoomba seen them on tv shame shame shame dirty burger didn’t take photo as I wanted to throw it at the 13 yr old cooks,Daryle Stephens,1y,218,negative,Service Speed | Food Quality | Food Temperature,25 minute wait | drowned in sauce | cold | murdered | dirty burger,"Twenty-five minute wait for rib deluxe that was oversauced, cold, and badly prepared."
Incredible in-competence or No Care Attitude,"Incredible in-competence or No Care AttitudeHave ordered 5 Caesar Salads at the Mandurah Lakelands outlet over the past 3 weeks and been disappointed in the quality of the product and attention to detail. It'll be the last. We check the contents each time and 100% of the time there is always one or two items missing. Today they put the salad into a box 1/2 the size, tried to charge me the same and also forgot the cheese and crotons. Said I wanted a discount and to make the order correct. They found the correct box, made up a new salad and added in cheese but had run out of crotons. Got home and the sauce container was 1/2 full and had been watered down...seriously!!",3chrtrk,1y,219,negative,Order Accuracy | Food Quality | Portion Size,missing items consistently | quality disappointment | wrong box size | diluted sauce | missing components,"Caesar salads consistently missing items, undersized portions, and watered-down sauce over three weeks."
Unclean,"UncleanWe do not go to maccas on a regular basis, but more likely if we are out n about n need a snack or drink. Over the past year it has been evident across many McDonald's stores (ie dapto, east wollongong, stacey st bankstown, Perth, south nowra) that are unclean, with unemptied bins, floors not swept, tables not wiped down, toilets uncleaned are all prevalent within these stores. This does not give a healthy expectation of what is not seen within the kitchen area. Also young staff who are more interested in having a good time behind the co... Read moreunter than servicing their customers! McDonald's used to be a leader in the takeaway industry - my how their standards have dropped!!! Where is management of these stores & the training which used to be legendary with the brand?!",Kerrie,1y,220,negative,Cleanliness | Staff Behavior,unemptied bins | floors not swept | tables not wiped | uncleaned toilets | staff distracted | standards dropped,"Multiple McDonald's locations show poor cleanliness and staff disengagement, raising concerns about kitchen hygiene."
What a load of rubbish,What a load of rubbishAfter not having slack mac's for over 20 years I tried your cheese burger today it had no taste and was squashed out of all proportions you should be ashamed for selling such rubbish it was discussing,Gravel,1y,221,negative,Food Quality,no taste | squashed | poor quality | twenty year gap,"Cheeseburger was tasteless and poorly prepared, disappointing after two decades away."
DISAPPOINTING!,DISAPPOINTING!Burgers have ALL shrunk! They all used to be bigger & cheaper DISAPPOINTING!,Elena A.,1y,222,negative,Portion Size | Price Value,burgers shrunk | smaller portions | more expensive | disappointing,"Burger sizes have decreased while prices increased, making the value poor."
TV ads to good to be true,TV ads to good to be trueI seen the ad for the new Creme Brulee on TV & decided to try it. It didn't have a coffee taste & was like drinking milk with cream on top sprinkled with Brulee.,Suzanne Pinnington,1y,223,negative,Special Items | Food Quality,Creme Brulee | no coffee taste | like milk and cream | misleading ad,Creme Brulee dessert lacked advertised coffee taste and tasted like milk with cream.
Ice cream cone,Ice cream cone30 cent to 1.10 cone. Can management please train the staffs. Is really so much not worthed to go to mcdonald anymore. Food taste also been gone down compared to before,Victor T,1y,224,negative,Price Value | Food Quality | Staff Behavior,ice cream cone price increase | staff training lacking | food quality declined | not worthed,Ice cream cone price tripled while food quality declined and staff training is poor.
Missing food,Missing foodWorst McDonald’s never get my whole order always only get half a order and the store never answer their phone,Bel,1y,225,negative,Order Accuracy | Service Speed,missing food | incomplete orders | phone unanswered | worst experience,Consistently receives only half the ordered food and the store doesn't answer phones.
Missing items from delivery,Missing items from deliveryLike the delivery service but this is second time items missing from order and no way to report it the site says contact delivery driver it’s not his fault the order wasn’t fulfilled.,Mackenzie,1y,226,mixed,Delivery Service | Order Accuracy,likes delivery service | items missing | second occurrence | no reporting mechanism,Likes delivery service but items missing twice with no way to report the issue.
Do you call that a salad?,Do you call that a salad?From Port Macquarie ordered burgers for 2 including a salad,Mishi,1y,227,negative,Food Quality,questionable salad | Port Macquarie | complaint about salad,Review questions quality of salad ordered from Port Macquarie location.
Never seen anything like it,"Never seen anything like itPicked up our grandchildren and decided to take them to the Burwood McDonalds . I should have known as soon as we entered, wet areas around the bins not cleaned up just had a wet sign placed there, the bins were that full you had to push your rubbish in probably that's the reason patrons had left food wrappings and drink containers on the tables which the staff were oblivious to obviously thinking that was acceptable along with food and chips all over the floor under nearly every table.The food was very slow but ok except the order was wrong.Looks like McDonalds have bypassed having someone responsible at their stores for there did not seem to have anyone in charge.Would we go back No Way",George,1y,228,negative,Cleanliness | Order Accuracy | Service Speed | Staff Behavior,wet areas uncleaned | overflowing bins | food wrappers on tables | chips on floor | wrong order | no management,"Severe cleanliness issues, staff negligence, slow service, and wrong order at Burwood location."
Quarter Pounder,Quarter PounderI have already had a refund. I bought a quarter Pounder medium meal and had to phone Macca's Woodridge but the meal was replaced today 5th December very salty and uneatable. Replacement . again the Quarter Pounder was horrible the rest of the meal was okay. The Manager needs to keep an eye on how these meals are put together. Sorry but no more quarter Pounders for me. Obviously some are not concentrating on how much salt goes these meals. No good for the blood. There Orio McFlurry needs to be full as well not half full. What does the Manager do. Zero,Rae,1y,229,negative,Food Quality | Order Accuracy,Quarter Pounder too salty | uneatable | required refund | McFlurry half full | poor management oversight,Quarter Pounder was excessively salty and inedible twice; McFlurry inadequately filled.
Not healthy,Not healthyWorst food to eat to put in stomach cooked with oil millions times,Dan K.,1y,230,negative,Food Quality,unhealthy | cooked with oil repeatedly | worst food,Reviewer criticizes food as unhealthy and cooked excessively in oil.
North tamworth nsw,"North tamworth nswWaited 20 mins got my order of 1 happy meal and 2 mcchicken burger mealsMake it worse I was the only one in the storeI know they had drive through but I shouldn’t have to wait that longChips were cold, no ice in my drinks and only once I got told our meal is being Prepared and we got the meal 10 mins after that",Han,1y,231,negative,Service Speed | Food Temperature | Order Accuracy,20 minute wait | only customer | cold chips | no ice in drinks,Long wait despite being only customer; cold chips and missing ice in drinks.
MacDonald food,"MacDonald food$40 for delivery of food and it was disgusting. Cold raw chips, thick shake was like milk",Susan,1y,232,negative,Delivery Service | Food Quality | Food Temperature,$40 delivery | disgusting | cold raw chips | shake like milk,Expensive delivery resulted in disgusting cold chips and poor quality thick shake.
Not like it used to be!!,"Not like it used to be!!Burgers have ALL shrunk! They all used to be bigger & cheaper NOW there smaller & dearer! DISAPPOINTING! I can’t believe they offer either a small sundae or small fries or small cheeseburger for free on your birthday! Hungry Jacks offer is a LARGE whopper (and it’s BIG), well worth it! Nevertheless, they should at least offer you a small meal! And condiments like sauces should be for free! I can’t even tell you almost every time I order sauces, and I pay for them & they FORGET to put them in the bag! SO ANNOYING! They sh... Read moreould just put them for FREE in the bag with every meal you purchased. What next, there gonna charge for straws & napkins?? It’s getting ridiculous McDonalds. We should be enjoying your meals for what there worth but your just down-sizing with unhappy customers! Lift your game so I can give you 5 stars and walk away with good things to say about you!",Zak,1y,233,negative,Price Value | Order Accuracy,burgers shrunk | prices increased | poor birthday offer | forgotten sauces,Burgers smaller and more expensive; birthday offer inadequate; sauces frequently forgotten.
love Maccas over KFC,love Maccas over KFCI prefer going to Maccas over KFC as their staff is nice and friendly and you get served they don't hide out the back talking and dont serve you which KFC did in Young NSW. I go to Maccas in Riverina NSW and they are great the food is good I can't fault it.,MEM,1y,234,positive,Staff Behavior | Food Quality,nice and friendly staff | good food | better than KFC | well served,Friendly staff and good food make McDonald's preferable to competitor locations.
Crispy AND soft,"Crispy AND softI was hungry for some lunch on the run so decided to try a McDonald's McCrispy.The bun was delicious and soft, the chicken was crispy, juicy and not what I expected.I really should have ordered the deluxe which had tomato and cheese.I did enjoy the McCrispy, but it was definitely missing something sweet. The tomato would have done the trick.",Gloria O.,1y,235,mixed,Food Quality,crispy chicken | soft bun | juicy | missing something sweet | needed tomato,McCrispy had crispy chicken and soft bun but lacked sweetness and cheese.
Burgers have got smaller,Burgers have got smallerOver the years all McDonald’s burgers have got smaller I now call Big Macs little macs not good value for money anymore,trevor m.,1y,236,negative,Portion Size | Price Value,burgers smaller over time | poor value for money | Big Mac now little mac,McDonald's burgers have reduced in size making them poor value for money.
Rotten drive thru Service No communication,"Rotten drive thru Service No communicationWe arrived at Warilla Maccas for a early brekky , gave our order, proceeded round the corner to pay, there were 2 vehicles in front one awaiting to pay there order, and one in front of them awaiting there purchase, we waited 9 minutes before we could pay, no one came to let us know that it was going to be awhile or why or anything, we actualky turned our engine and lights off and watched the clock, and finally when the girl came to the window to take our money, my partner was annoyed by then at such ... Read morelack of communication, he asked whats the hold up?? The response was given in a rude sarcastic unclear manner, something to the reply of, """"Busy making your breakfast""!!!! , no apology what so ever. Then we drive to the last window and wait again for a further 3minutes for our small order of 2 brekky meals. On arrival at approx 4 .12 am there was no one inside the shop. We left the drive thru at 4.24. Very poor service with nil communication, we thought that time of the morning with limited customers it would be fairly prompt?? Obviously not to be!",Wendy,1y,237,negative,Drive-Thru Experience | Service Speed | Staff Behavior,9 minute wait | no communication | rude response | poor service,Long drive-thru wait with no communication; staff responded rudely to customer.
Got food poisoning,"Got food poisoningAte a large triple chsbg meal and had a stomach ache, progressed into throwing up into a bowl.",IAmNotHappy,1y,238,negative,Food Quality,food poisoning | stomach ache | vomiting | triple cheeseburger meal,Reviewer experienced food poisoning after eating triple cheeseburger meal.
Wendouree store,Wendouree storeWorst service Friday 24 th November waited 35 mins not all in bag made a $6 profit wont be back,Unhappy,1y,239,negative,Service Speed | Order Accuracy,35 minute wait | order incomplete | poor service,35-minute wait with incomplete order; reviewer will not return.
Disgusting,"DisgustingStaff nasty, slammed food down, Sundae melted, chips half empty.",Disappointed,1y,240,negative,Staff Behavior | Food Quality | Portion Size | Food Temperature,nasty staff | slammed food down | melted sundae | half empty chips,"Staff was rude, food was mishandled, and portions were inadequate."
Great coffee and cookies,Great coffee and cookiesIf you are busy and need a quick good coffee with all the milk alternatives you need and a good quality cookie. Just visit any maccas,Joe,1y,241,positive,Food Quality | Special Items,great coffee | quality cookies | milk alternatives | quick service,Excellent coffee and cookies with good milk alternative options available.
False advertising,False advertisingWendouree maccas signed as 24 has yet does not provide said service. I regularly come into Wendouree after midnight and 3 of the last 4 times eg: 2.15 am 20th November 2023.... and was told I cannot be served!!! 24hrs what a lie. I would love to be rewarded for being lazy can I have a job with your Wendouree store? Seems u don't have to provide service to get paid.,Sammi,1y,242,negative,Service Speed,false 24 hour claim | refused service after midnight | poor availability,Location advertises 24-hour service but refuses customers after midnight.
"Melts quickly, impossible to travel with and can't put in fridge - SUBSTANDARD compared to old","Melts quickly, impossible to travel with and can't put in fridge - SUBSTANDARD compared to oldI'm all for saving the environment, but there's no point virtue-signalling about getting rid of all 'single use plastic' if you destroy the value of the product.McDonalds will CERTAINLY cut down on waste: because they will lose sales!The new sundaes come in a cardboard box and the result is:1. It melts VERY quickly. I have quite a few times managed to get a Sundae home and about 70% of it hasn't melted. Then if you want you can even put it in the fr... Read moreidge. This useless thing was MUSH by the time I got home and you CAN'T put it in the fridge or it will get the fridgey smell. 2. It was very messy to travel with this thing. I have a McDonalds near a regular transport hub I use. I buy one and if the bus comes, I eat it on the bus. In this case, getting off the bus, I literally had to rest it on the flat surface near the driver to organise myself to get off. This thing is no longer an enjoyable useful product. I doubt I will bother in future.",oz_consumer,1y,243,negative,Food Quality | Food Temperature,melts very quickly | cardboard box packaging | becomes mush | messy to travel,New cardboard sundae packaging causes product to melt rapidly and become unusable.
Supposed to be 24 hr,"Supposed to be 24 hrI am writing this on behalf of my grandson and in his re-telling of the incident. The time is 2 a.m, went to the door of McDonalds Parkes only to find it was closed, supposed to be 24 hr. A staff member came to the door and very rudely said, "" what do you want"", I replied that it was not a nice way to speak to a customer only to be told "" go to the drive thru"". I told the boy, if I could have gone through the drive thru I would have and that if I did there wouldn't be any drive thru left as my B double was 23 mts long and 4 ... Read moremts high. His reply was ""go to the service station"". Would it have been so hard to serve me. No wonder the company has such bad ratings when they have people working for them that don't give a s*#!. Needless to say the comments that came out of my mouth left much to be desired but he deserved it.",Jenny H,1y,244,negative,Staff Behavior | Service Speed,closed despite 24 hour claim | rude staff | hostile service | refused customer,Staff was rude and refused service at supposedly 24-hour location after midnight.
No customer service,"No customer serviceMcDonalds seems to be pushing customers to self service ordering. Not for me , McDonalds has lost me as a customer untill they go back to all front counter ordering from a staff member",Chris,1y,245,negative,Staff Behavior,no counter service | self-service ordering push | poor customer service,Customer lost due to McDonald's emphasis on self-service over staff interactions.
Pick up your customers rubbish,"Pick up your customers rubbishI don’t eat macdonalds or any take aways, but how do I know every time the monopoly game is on there’s always floods of rubbish in the streets. You the merchant should be charged for littering.",thatsbabyx,1y,246,negative,Cleanliness,litter in streets | monopoly promotion | rubbish cleanup responsibility,McDonald's promotions result in street litter that merchants should clean up.
Failing in every way!,"Failing in every way!Visited a Macdonalds Outlet, in Southwest Sydney looking for lunch for my wife and myself. Boldly displayed on the screen behind the counter was a deal including a Small Quarter Pounder Meal plus a Cheeseburger for $6.50Asked for that deal and was informed bluntly that the deal was only for APP users.I explained we did not use apps but presenting at the counter was not good enough, so we were refused the deal and if we wanted to eat there would have to pay nearly double the amount of money for the same order. I explained ... Read moreour small data plan allowance could not accomodate apps knowing McDonald’s app burns a lot of data. Unfortunately our well put reasoning was not acceptable to the manager whom told us everyone has to have the app. I explained that hundreds of thousands of Australians cannot afford lots of data smart phone plans. Bad luck for us or apparently anyone else that does not meet the Macdonalds preferred customer profile. So we left the McDonald’s without a meal understanding that they are in command and can serve whoever they choose. Having experienced poor service, dirty tables, cold food and undersized meals many times at McDonald’s it seems it’s a one way street, their way or the Highway!",Hope this helps you,1y,247,negative,Price Value | Order Accuracy | Staff Behavior | Food Quality | Portion Size,app-only deals | refused non-app customers | cold food | undersized portions | discriminatory pricing,Store denied advertised deal to non-app customers and offered poor service overall.
"Bad, false advertisement","Bad, false advertisementThis small business is shockingly overpriced and I have no clue how it is in business. My food was ROTTEN with RATS and someones [Content Removed] hair in it.",aquafy is bad,1y,248,negative,Food Quality | Price Value,rotten food | rats | contamination | overpriced,Food was contaminated with rats and contained foreign matter.
Shocking,ShockingDeniliquin store every table was filthy Staff not busy young boy staff fooling aroundService was terrible too,Heather Shaw,1y,249,negative,Cleanliness | Staff Behavior | Service Speed,filthy tables | staff not focused | terrible service | poor cleanliness,"Filthy tables, unfocused staff, and poor service quality throughout."
Small Mc Crispy meal,"Small Mc Crispy mealLocation - Cnr. Wellington & Springvale Roads.Time - 1pm 11.11.2023am1. Girl serving was not trained adequately and therefore made a mistake with the order.2. The frys were sad, soggy looking (check KFC frys).3. The Mc Crispy chicken - the patty was fine, but the bun was soggy and swimming in mayonnaise.",Vasili K.,1y,250,negative,Order Accuracy | Food Quality | Food Temperature | Staff Behavior,untrained staff | soggy fries | soggy bun | excessive mayonnaise,"Order mistake, soggy fries and bun with excess mayonnaise ruined the meal."
Burgers seem downgraded,Burgers seem downgradedI find that the burgers have been tasteless & the buns are stale & fall apart. Also the buns are way to small to hold the burger in place. Very disappointed.,Dee Neilson,1y,251,negative,Food Quality,tasteless burgers | stale buns | small buns | fall apart,"Burgers taste bland with stale, small buns that fall apart easily."
Missing items,"Missing itemsI'm so over going to Macca's on Forestdale always get products missing,you go to the counter to pickup your meals and ask is everything in there and you get the YES,so friggin annoying when U get home and it's not in the bag,always stuffing up these people and then they don't give you your receipt so U can't tell them what your order number is,and ther s no number to ring on the receipt so it even more frustrating,and I was going to work so couldn't be bothered going back.NOT HAPPY and just expressing my frustration.Check people's orders before U give it to them.",Linda,1y,252,negative,Order Accuracy,missing items | incomplete orders | no receipt | poor checking,Frequent missing items from orders with no receipt provided to resolve issues.
This is Good,This is GoodI find the customer service team more than excellent & Very taste foods.,Julia,1y,253,positive,Staff Behavior | Food Quality,excellent service | tasty food | good experience,Excellent customer service and delicious food provided positive dining experience.
Time off food served,"Time off food servedI live close to this McDonalds and therefore, I do drive through purchase to take home and eat. Many occasions I have been served with very old burgers, fries and wraps. I will never go back to this McDonalds again.",Mamata,1y,254,negative,Food Temperature | Drive-Thru Experience,old food served | cold burgers | stale fries | stale wraps,"Frequently served old, cold burgers, fries, and wraps making location unreliable."
this is great,this is greati love this place men i just love all the grease and how it smells it gets me going. god i think i could kill for a couple triple cheese burgers with the big mac sauce. if it was up to me mackie d's would be around every corner so i don't have to wait any longer anyway lucky i got my own personal assistant to help me and deliver big macs for me.,Keith Andy McGuinnen,1y,255,positive,,loves the place | enjoys grease and smell | personal delivery assistance,"Customer enthusiastically loves the food, atmosphere, and has delivery support."
Cold Burgers,"Cold BurgersIs it possible to buy a hot hamburger in McDonalds. Everytime i order a big mac, it is lukewarm at best. Tonight at Camperdown, i had to take my 2 Big Mac back twice because they replaced the lukewarm/cold Big Macs with more of the same. They really are the best example of North American rip off ethos in Australia. Couldnt give a toss about the quality of the slops they serve.",Pal,1y,256,negative,Food Temperature,cold burgers | lukewarm big mac | poor quality | replacement failed,"Big Macs consistently served cold or lukewarm, even after replacements."
Filled  of fish,Filled of fishI bought 2 fillets of fish I was ABSOLUTELY disgusted the size of them omg they have srunk and 13.05 for two I will never ever buy them again,David Ross,1y,257,negative,Portion Size | Price Value,small fish fillets | shrunk | expensive | poor value,Fish fillets were tiny and overpriced at thirteen dollars for two.
Genocide,GenocideEach burger is a bullet that kills palestinians. Do not buy this junk.,sam,1y,258,negative,,political statement | refuses to buy,Customer expresses political objection to purchasing McDonald's products.
ABSOLUTE FILTH,"ABSOLUTE FILTHI made an order on the online kiosk in the Macca's at North Parramatta. 30 minutes later I still hadn't received my food, neither had about 8 other customers in the store.Then... The most DISGUSTING thing I've ever seen... The young man behind the counter was taking lettuce out of the bin and putting it on people's burgers he was making!!!!You can not be serious!!!",Dee,1y,259,negative,Service Speed | Cleanliness | Food Quality,long wait thirty minutes | lettuce from bin | unhygienic | disgusting,Thirty-minute wait followed by witnessing staff placing bin lettuce on burgers.
Boycott for supporting israel to kill civilian Palestinian,Boycott for supporting israel to kill civilian PalestinianBoycott for supporting israel to kill civilian Palestinian not buying any more,omar k.,1y,260,negative,,political stance | boycott | no longer purchasing,Customer boycotting due to perceived political/corporate stance.
REVEIW ON THE NEW HAPPY MEAL TOY 10/23,"REVEIW ON THE NEW HAPPY MEAL TOY 10/23I was on my way home and went threw the drive-thru at McDonald's to get a happy meal, I was surprised to see the new toy being a book called""Little people big dreams I stand for change""(With activities)I just want to say MCDONALD'S I AM ABSOLUTELY SO PROUD OF YOUR BUSINESS RIGHT NOW!I LITERALLY AM SO OVERWHELMED WITH HAPPINESS and I never right Google reviews at all really but I could not not do a review.What a great time in society right now to include such an inspiraing interesting motivation... Read moreal and beautiful example of how people of today's society should be . These books are perfect for the childten to read and understand human rights and all different little stories that are easy for kids to read and I also love the 'explanation of big words that you included in the back of the book's WELL DONE MCDONALD'S 10/10 thank you for taking such a big step, such a bold move and it's brilliant your business and franchises are setting a clear example that you are for the people, and equal rights, human rights. Good job Macca's !!!",Jasmine,1y,261,positive,Special Items,new Happy Meal toy | inspiring book | human rights education | proud of business,Customer extremely impressed with new inspirational Happy Meal toy book promoting human rights and equality.
Not Acceptable,Not AcceptableService nice and quick. Cleanliness was quite good except for the ladies toilet!!!!! Main issue was the manager/supervisor yelling out at the top of her voice about anything and everything...shame,Chris,1y,262,mixed,Service Speed | Cleanliness | Staff Behavior,quick service | dirty ladies toilet | manager yelling loudly,"Quick, clean service undermined by manager's loud, aggressive behavior and poor restroom cleanliness."
Disgusted,"DisgustedWent to dapto maccas drive thru at lunch time & had a two monopoly free items I ordered theses plus extras and was told to give them to the staff member at the window only to be told by her they don’t accept them you have to download the app and use that way , funny because I used one yesterday for my disabled husband no problemI’m so sorry I didn’t demand she get me the manager and keep the very busy line waiting. What disgusting service",Sue,1y,263,negative,Order Accuracy | Staff Behavior,Monopoly promotion confusion | staff refused items | inconsistent policy application,Staff member rejected valid promotional Monopoly items despite accepting same items previously.
New large sundae is a ripoff,New large sundae is a ripoffJust bought the large sundae in that rubbish new cup . What an absolute con. My wife got a small and the large holds the same amount of you fill it with water .Who thought up that cup? What an annoying thing to try and eat out of. If the ice cream melts you can’t even drink the liquid .You got me this time but I’ll just buy a small from now on as it’s exactly the same amount .,Bruno Pessan,1y,264,negative,Portion Size | Price Value,large sundae ripoff | new cup design | same portion as small | poor cup design,Large sundae holds same portion as small but costs more; new cup design is impractical.
New Maccas Mccrispy burger,New Maccas Mccrispy burgerOrdinary. Not very tasty. Certainly did not look like the advert. The lettuce was soo minimal and I don’t think of the same variety advertised. The chicken patty was nice and thick. But I couldn’t see it as a chicken breast. Reluctant to get it again.,Cheryl W.,1y,265,negative,Food Quality | Order Accuracy,McCrispy burger ordinary | minimal lettuce | doesn't match advertisement | poor presentation,McCrispy burger tastes ordinary and looks nothing like advertisement with insufficient lettuce.
No coffee available,"No coffee availableHad a 4 hour drive ahead, and no coffee available. Stuck in drive through & can’t exit. Swan Hill grhhh!",Lisa F,1y,266,negative,Equipment Availability,no coffee available | drive-thru only | long drive ahead | stuck,Coffee unavailable during long drive; customer unable to exit drive-thru.
McCrappy not McCrispy,McCrappy not McCrispyMcCrispy tiny thin bun with thick watery chicken patties with sprinkle of lettuce & mayo.,Kim,1y,267,negative,Food Quality,McCrispy poor quality | thin bun | watery chicken | minimal lettuce,"McCrispy burger criticized for thin bun, watery chicken patty, and minimal toppings."
Chicken McCrispy deluxe,Chicken McCrispy deluxeThis burger looked great in the advertisement so tried one.Everything was good apart from the thick chicken Patti that appears to be made by grinding up a mix of chicken meat. It had a mix hard gristle and tender parts . Very dissatisfied.,Brad,1y,268,negative,Food Quality | Order Accuracy,thick chicken patty | gristle in meat | doesn't match advertisement | ground chicken,McCrispy Deluxe chicken patty contains hard gristle and doesn't match advertised appearance.
Filthy dirty burleigh heads,Filthy dirty burleigh headsNotified a staff member that there was poo on the ground in the park it had been there since the day before when we visited no one cleaned it up I was totally ignored the tables had not been wiped discussing I will never take my grandson there again,Debra,1y,269,negative,Cleanliness | Staff Behavior,filthy park area | feces on ground | staff ignored complaint | unwashed tables,Unsanitary outdoor area with feces left for days; staff ignored complaint and didn't wipe tables.
Amazing,AmazingHello can I get a free sample thanks for your time,Aiden J.,1y,270,positive,,free sample request | polite | gratitude,Customer politely requests a free sample and thanks staff.
"Mc crispy is crap, bring back the CRISPY CHICKEN DELUXE BURGER mc crispy taste like crap","Mc crispy is crap, bring back the CRISPY CHICKEN DELUXE BURGER mc crispy taste like crapIt tastes like crap and a waste of money ,never again",Troy,1y,271,negative,Food Quality | Price Value,McRispy tastes bad | not crispy | waste of money | wants old burger back,McRispy burger tastes terrible and is a waste of money.
Over priced food go to your local takeaway instead,Over priced food go to your local takeaway insteadI just pulled in to McDonald’s thinking of just getting 2 hash browns but for $5.75 I drove home and had toast . Prices are getting out of control so I won’t buy that food again it’s not a cheap meal anymore.,Len,1y,272,negative,Price Value,overpriced hash browns | $5.75 | prices out of control | not cheap anymore,McDonald's prices are too high; customer left without buying.
The place where memories go to die,"The place where memories go to dieWhat happened to McDonalds I remember playing there as a kid having a special meal and having the best time ever. Now it's more depressing than a middle aged accountant... The playground is pathetic the materials used with all the lines/bumps are painful and the kids can barely climb it. I tried to take my 3 for a special time out (we rarely have McDonald's). Ordered on a machine, asked for table service but had to get it myself whole holding the baby and watching two toddlers. Not even sure if there was staff. Not even a toy worth keeping.",Aimee,1y,273,negative,Staff Behavior,sad atmosphere | broken playground | no table service | no staff visible | poor toy quality,Restaurant is depressing with broken playground and poor service despite family outing.
Ratatouille chef,Ratatouille chefi found a rat in my food. i checked the kitchen and saw Ratatouille cooking his rat brothers instead of the patty. I got a coke and it had mentos in it. It exploded my mouth. Great Experience,MCDONALDS FIRE,1y,274,negative,Food Quality | Cleanliness,found rat in food | mentos in drink | exploded | kitchen concerns,Customer claims to have found rat in food and mentos in drink.
Rubbish,RubbishBig money for rubbish no more mc crap for me,Mc crap,1y,275,negative,Price Value | Food Quality,rubbish food | overpriced | won't return,Food quality is poor and prices are too high.
NO ICE CREAM,NO ICE CREAMFFS. T RD. G D W R. HG S S S,Rylan Edwards,1y,276,negative,Equipment Availability,no ice cream available | frustration,Ice cream was not available at this location.
not mclovin it bro,"not mclovin it brofirstly I ordered a medium chicken wrap meal, the chips had NO SALT, the wrap was even worse, it was basically just bread, a TINY piece of chicken and a SPRINKLE of lettuce. Second of all there was half a piece of cheese on the quarter pounder burger and the drink was half empty. Also customer service was appalling, I will NOT be going back to the Richmond store again. In conclusion I am not mclovin it.",Misn,1y,277,negative,Food Quality | Portion Size | Order Accuracy | Staff Behavior,no salt chips | tiny chicken piece | half empty drink | poor customer service | Richmond store,"Multiple order errors including underseasoned chips, insufficient fillings, and poor service."
Absolutely disgusting,Absolutely disgustingArrived at Macca's Wangaratta yesterday at 3-00 no tables cleaned rubbish bins overflowing and rubbish all other the floor food fine rest terrible,John,1y,278,negative,Cleanliness,no clean tables | overflowing bins | rubbish on floor | poor cleanliness,"Restaurant had uncleaned tables, overflowing bins, and litter everywhere."
Rubbish large sundae,Rubbish large sundaeThe large sundae was a ripoff. The cup was not even full and would be worth $2. I used to buy sundaes a few years ago and it was in a large plastic cup which was very worth it. I am highly unsatisfied with large Sundae bought from McDonald Clyde North.,Sam,1y,279,negative,Portion Size | Price Value,large sundae ripoff | cup not full | poor value | smaller portions than before,Large sundae cup was not full and offers poor value compared to previous years.
Let's dance,Let's danceGreat to see most staff working but why should they carry the other staff members who dance and talk while customers wait to long for their orders. 10 min for a shake and that's after I had to ask where it was,Troy G.,1y,280,negative,Service Speed | Staff Behavior,staff dancing and talking | long wait for shake | 10 minutes | had to ask for order,Staff distracted while customers waited excessively long for a shake.
Stone cold food,"Stone cold foodOrdered my grand daughter a happy meal through door dash. Waited an hour for the order which had sat there the whole time. Disgusting service from mcdonalds and doordash, offering a $3.00 refund!",Tracey,1y,281,negative,Delivery Service | Food Temperature | Service Speed,one hour wait | cold food | sat there whole time | inadequate refund,Hour-long delivery resulted in stone cold food with insufficient compensation.
MCDONALDS SUCKS,"MCDONALDS SUCKSI wouldve rated it zero stars if i could. The Burger was flat and disgusting, chips were unsalted and dry. they even scammed me and said I won a free iPhone, so i downloaded the app and followed exactly what the staff said, and after 30 minutes they said i needed to buy more chips. They don't care at all about the quality of the food, they just want money! Would far rather have gone to kfc or something. I HATE MCDONALDS.!! IM NEVER GOING THERE AGAIN. ITS A RIGGED, GREEDY COMPANY JUST WANTS TO BRAINWASH PEOPLE!! WHO KNOWS IF THE BURGERS ARE EVEN REAL MEAT!",I HATE MACCAS,1y,282,negative,Food Quality | Price Value,flat disgusting burger | unsalted dry chips | deceptive promotion | poor quality,"Poor food quality, dry ingredients, and misleading promotional offer ruined experience."
"Healthy food choices, what happened?","Healthy food choices, what happened?What happened to the healthy food choices at McDonald's, salads, yoghurt & sandwiches and even fresh cakes? The experiences with McDonald's restaurants are getting worse, not only the lack of healthier foods, but fresh food. They are regularly serving cold food including chips which when sent back are a loss to the business. The higene needs to be addressed as most toilets are disgusting and have build up of filth due to lack of regular cleaning. The tables and floors are not much better. The stores need to be inspected regularly, and possibly a change of management in some of these restaurants might make a difference.",Annette,1y,283,negative,Food Quality | Food Temperature | Cleanliness,lack of healthy options | cold food regularly served | disgusting toilets | poor hygiene,"Removed healthy menu items, cold food served regularly, and inadequate cleanliness standards."
Terrible service and state of the restaurant,"Terrible service and state of the restaurantI normally wouldn't bother but this was such a terrible experience.I knew two guys a few years back one owned two stores another three stores, they would have been horrified if this was one of their stores.I have left this feedback twice for McDonalds and I have yet to hear from someone!My wife and I had taken our grandchildren to see the giants on Monday 17th July and they wanted Macca's for lunch. We went to the Mandurah Forum 11 restaurant around 2 pm for a late lunch.1. Firstly, the sani... Read moretiser dispenser at the main door was empty which is not a big issue on its own. However, I had to walk around to find one that had sanitiser in it. I wouldn't have bothered mentioning it, however, it was part of a very disappointing experience. We eat at McDonalds reasonably often I especially like the coffee. We normally eat at the Midvale restaurant. 2. We ordered our meals order number 112. We sat down and waited for our number to be called out, people who came in after us got their orders and left or sat down to eat it, delivery drivers came in and left with their orders. After about 15 minutes waiting. I heard number 119 called out, so I went to the counter and asked if I had missed our order? The person went and checked and said no because it was a big order, (2 adults 3 children is not a big order) they had to wait for someone to serve the drinks. I stood and waited another five minutes and eventually I was served. 3. When I opened the bag, the contents had basically been thrown in, the fries' containers were either on their side or upside down we ended up with at least half the fries at the bottom of the bag. 4. One of the fraps was the wrong flavour. 5. We sorted out the mess in the bag and realised a burger was missing a large Bacon Angus, which was for me. I originally wasn't going to have anything but, on the board, it looked quite appetising. So back to the counter to get the missing burger another few minutes’ wait. When I ate it, it looked nothing like the picture on the board it was so dry it was difficult to eat, each mouthful had to be helped down with a mouthful of drink. 6. The tables around us were dirty they had rubbish left behind by previous customers. There was drink spilled on the table we sat at I had to wipe it up with napkins. we were there for about 40 minutes and during that time no staff member came out to clean the tables. 7. I went to the toilet and there was no toilet paper. 8. When we left, I put our rubbish in the bin and that was overflowing. This would have been hands down the worst experience I have ever had at a Macca's restaurant. We spent $70.55 which as a retired person is quite a lot especially when the service was so bad. I don't usually complain but this was so bad, I felt McDonalds management need to know so they can address these issues. We normally go to the Midland or Midvale restaurants, which has always been a pleasant experience.",Steve777,1y,284,negative,Service Speed | Order Accuracy | Food Quality | Cleanliness | Staff Behavior,15 minute wait | wrong frappe flavor | missing burger | dirty tables | no toilet paper,"Multiple failures including long wait, order errors, missing items, dirty facilities, and poor presentation."
no counter service is no service to count on,"no counter service is no service to count onSo angry and disappointed to discover there is no counter service at the MacDonald's, BP, north bound on the Geelong bypass. first i arrived at 10pm Friday 25th August, hungry and looking forward to a fish-burger, chips and drink. The kitchen was a busy place with about 7 young women rushing hither and thither. i approached the long stainless-steel counter and began to wait. Ok they were busy. So i waited some more.then i felt i was being ignored. not one person showed the courtesy to acknowledge my ... Read morepresence. Ageism maybe i thought. I'm 70 plus and not too pretty after a day's labour at my daughter's house. So i started to wave politely to get attention. ""Hey"" i said, to magically make myself reappear. finally, i am hurriedly admonished by a young officious lady juggling burgers and bacon and less concerned with a real living customer. she curtly told me to order at the self-serve screens. i waved my card and said, ""I don't want to use a screen, I'm old school and why can't i order here?"" (the counter) ""she said something about not being able to take a payment at the counter which i didn't fully hear and was gone again in the fumes and clatter of burgers burning and buns abounding. I was livid at the impertinence of what MacDonalds call service and furious that their marketing pitch is such a fake charade. tossing my hands in the air, i thanked the young lady and walked out. At the next big servo i found a hungry jacks. I found a real salesman and courteous service with a smile. i swiped my card at the counter. the meal came within 2 minutes. it was a comforting experience start to finish. In an age of fast food and fast bucks, good old-fashioned salesmanship still wins. i worked in retail as a teen and my boss taught me two things. 1. the customer is always right. 2. speak to the customer, speak to the customer, speak to the customer. If the salesman smiles, you smile, it's a win, win. reading all the protests on this topic before i wrote this review, tells me many customers are not happy with the new MacDonalds model. if anyone in the organization reads this, don't brush it off as a nutter's grizzle. bigger companies went broke for the same reasons. Take Washington Mutual, Lehman Bros. and Enron for starters.",malcolm,1y,285,negative,Staff Behavior | Service Speed,no counter service | ignored by staff | rudely redirected to screen | no acknowledgment,Customer ignored at counter and rudely directed to self-serve despite requesting traditional ordering.
Raisin toast,Raisin toastCHEWY!!! Very ordinary poor quality raisin toast not toasted enough Order186,Bob A.,1y,286,negative,Food Quality,chewy raisin toast | not toasted enough | poor quality | ordinary,"Raisin toast was chewy and poorly toasted, lacking quality standards."
"Best customer service,","Best customer service,I would love to praise the night shift crew at North Mackay Mac Donald's for there out standing service . I buy a coffee every morning going to work at 4am. The staff greet you as a friend and know my name and order off by heart. Keep it up ladies you are amazing ❤",Paula M.,1y,287,positive,Staff Behavior | Service Speed,night shift crew outstanding | greeted as friend | knew order by heart | amazing staff,Night shift staff provide exceptional service with genuine warmth and personal attention.
What has happened to McDonalds,"What has happened to McDonaldsMcDonald’s in the past was well known for hiring and training staff and as a hiring manager. A perspective employee who had McDonald’s on their resume was very well regarded! Not any more. I can’t remember the last time I’ve been to any McDonald’s and they have actually got it right. Either incorrect order, or cold food. There always seems to be something. Tonight I actually waited 40 minutes for my order only to be told the thick shake machine was broken. I asked for a full refund from the range store in Toowoomb... Read morea and the manager took a look at the machine again only to find that the machine in fact was not turned on!!! He then made me the thick shake with incorrect flavour and the staff member gave me the food that had been prepared 30mins earlier, so stone cold and the incorrect flavoured thick shake. I couldn’t believe it! I then refused the meal and refused for them to cook it again and had to wait a further 10 minutes for the manager to return my money. I have been getting fed up with McDonald’s for quite a while and tonight is the night that no McDonald’s will ever get one more cent from me! What a joke McDonald’s. I have not been to one store in Toowoomba that I would be happy to go back to. Does the franchisee actually know what’s going on in his stores or does he make to much money to even care!!!! So disappointing!!",Colin Oakley,1y,288,negative,Service Speed | Order Accuracy | Food Temperature | Equipment Availability,40 minute wait | machine not turned on | wrong flavor shake | stone cold food,"Long wait, equipment failure causing wrong order, cold food, and refund delay."
Never again,Never againMy daughter got me a Angus burger today .the pattie was black and dry.part of meal deal.never again,Phil w,1y,289,negative,Food Quality,patty black and dry | poor quality burger | meal deal,"Angus burger patty was black, dry, and unacceptable quality."
Crap food Crap Service. Thats Mcdonalds,"Crap food Crap Service. Thats McdonaldsNormal stuff for these idiots, wrong food, rude and no we dont do refunds. Australian consumer law says yes and they say no. Please everyone pay cash and ask for a refund see what happens. They do not adhere to consumer law, just their own. What consumer law go away. call head office. See how long it takes to get an answer from that lot.",Steve,1y,290,negative,Food Quality | Staff Behavior | Order Accuracy,wrong food | rude staff | no refunds | consumer law ignored,"Wrong food, rude staff, and refusal to honor consumer law protections."
"Why pay for extra sundae topping, when they can't even deliver the regular volume?","Why pay for extra sundae topping, when they can't even deliver the regular volume?I've taken to paying for extra topping on the small Sundaes as watching staff prepare it at our Warragul store, they don't even deliver one full pump. So by paying for extra, you get a full pump of fudge.Well not today!! After waiting 20+minutes in drive through (it was post school rush) I was astounded to see the kids Sundaes so short changed. And yes in the past, I have asked the staff member to top it up, but you get sent to bay (when don't you get sent to bay in warragul??!) And we'd already donated enough time to Maccas today.It really is appalling. I am sure there is a company mandate on the volume to deliver, and this is not it.",Warragul Mum,1y,291,negative,Portion Size | Service Speed | Staff Behavior,insufficient topping | long drive-thru wait | underfilled sundaes | staff shortchanging,Sundaes consistently underfilled and long waits despite paying for extra toppings.
Frapes,FrapesHow come McDonalds always park you for frapes? We went last year and orders 2 and got parked for like 20 minutes and sane just then for them to come out and tell us they don’t do frapes??,Annie,1y,292,negative,Order Accuracy | Service Speed,frapes unavailable | long parking wait | inconsistent menu,Customers parked long for frapes that store claims they don't actually serve.
"Slow,  rude and unprofessional","Slow, rude and unprofessionalJust to get a soft drink took 20 minutesYoung staff being disciplined in front of customersStuff yelling across the other side of the store at each otherRunning around like headless, chooks, clearly not enough room to work, yet. There were two members off the clock known by wearing shirts over their work shirts, just standing behind the counter, talking, taking up room.",Bell,1y,293,negative,Service Speed | Staff Behavior,20-minute soft drink wait | rude young staff | poor coordination | unprofessional,"Extremely slow service, rude staff, and chaotic unprofessional operations throughout."
Unclean tables,Unclean tablesWarrnambool east McDonald’s tables are not clean. All of them are disgusting we had to clean our on tables. It doesn’t take much to wipe them down.Another lady in front of me with three kids asked them to open the kids play area and was told No because we have enough trouble keeping the rest of the place clean.What a crap setup this place is.,GLENN,1y,294,negative,Cleanliness,dirty tables | poor hygiene | no maintenance | closed kids area,Tables filthy and uncleaned; kids play area closed due to cleanliness neglect.
Tuggerah Store on Anzac - the worst of them all,"Tuggerah Store on Anzac - the worst of them allStaff have no idea, if you are not sitting in the waiting bay for 10 minutes, and then still having to go in because they get it wrong...everytime, you are dealing with staff who obviously hate what they do by the sheer tone you hear on the other end. I almost apologised for disturbing them by ordering food!I'm the crazy person who has actually done this on numerous occasions. It's obviously never going to change.",Kerry Reynolds,1y,295,negative,Order Accuracy | Staff Behavior | Service Speed,consistent wrong orders | dismissive staff tone | long waits | no improvement,"Consistently wrong orders with dismissive, unhappy staff showing no regard for customers."
"McDonald's giving the wrong order, yhan not apologising or accepting their mistake","McDonald's giving the wrong order, yhan not apologising or accepting their mistakeGave us completely the wrong order through Menulog.Then when we called to explain that they gave us the wrong order, they had the decency to raise their voice at us over the phone and blame menulog for their mistake.Not accepting their mistake with the store that packs the mealsThen to tell us if we want to come and recieve the correct order. Their is a reason we ordered through menulog, why resolve the issue by us driving to pick up the correct order.That McDonald's got wrong and won't accept their mistake, nit even a sorry",Graeme,1y,296,negative,Order Accuracy | Staff Behavior,wrong order | no apology | blamed menulog | dismissive response,Wrong delivery order blamed on third party without apology or willingness to resolve.
Food undercooked,Food undercookedFirst order was incorrect. Returned and ask to have it corrected. New order was uncooked.,Collin Scholtz,1y,297,negative,Food Quality | Order Accuracy,uncooked food | incorrect first order | quality issues,"First order wrong, replacement was uncooked instead of corrected properly."
Drive thru order wrong AGAIN!,Drive thru order wrong AGAIN!Seriously? Broadmeadow McDonalds Newcastle is the worst. 9/10 they get it wrong or something is completely missing. Ordered sausage and egg got bacon. No tomato in toastie. How hard is it?,KelC,1y,298,negative,Order Accuracy | Drive-Thru Experience,wrong items | missing ingredients | consistent errors | bacon instead of sausage,Consistent order errors with wrong ingredients or missing items nine out of ten times.
The burger are excuses for burgers,The burger are excuses for burgersThe burgers are kinda bad but it’s cheap and the nuggy’s are okay and the coffe is apparently not that good,Ajax,1y,299,mixed,Food Quality,poor burgers | decent nuggets | cheap pricing | mediocre coffee,Burgers disappointing but nuggets acceptable; affordable though quality is inconsistent.
Didn’t deliver what was ordered,Didn’t deliver what was orderedOrdered food and drinks. Didn’t deliver drinks. Refused to send another delivery. Offered to refund on drinks but not the delivery they failed to perform to the level required. I wanted the drinks I had kids without drinks McDonald’s refused to deliver and refused a refund of delivery fee for a delivery they failed to appropriately fulfill. Disgraceful from my experience with other companies if they haven’t delivered something they send it out as a separate delivery but not McDonald’s they charge for a service they don’t properly fulfill.,Todd,1y,300,negative,Delivery Service | Order Accuracy,missing drinks | refused refund | failed delivery | delivery fee charged,Delivery service failed to include drinks; refused to resend or refund delivery fee.
Complete incompetence Wendouree Ballarat,"Complete incompetence Wendouree BallaratFirst order, Frozen pancakes and missing syrup and hash browns. Second time we went our order my wrap was crispy not grilled and items were missing. Third time we were missing 2 orders of chips, a coke, the cream on my iced chocolate, my grilled chicken wrap was crispy again, instead of grilled, and my sons frozen mix drink was half a cup of froth. After the girl had to fix our order up twice she decided not to come back with the rest of our replacements and I had to go searching for her. Apparently she disappeared and didn’t want to deal with it. Maybe McDonalds should stop having children run their businesses. Unbelievable!",Kate T.,1y,301,negative,Order Accuracy | Food Quality | Staff Behavior,frozen pancakes | missing items | crispy not grilled | staff disappeared,"Multiple visits with missing items, wrong food preparation, and unhelpful staff response."
I had to wait 30 minutes for hashbrowns,I had to wait 30 minutes for hashbrownsI had to wait 30 mins for my food and they gave all the hash browns to the drive thru and they only waited 1 minute,This website is a scam,1y,302,negative,Service Speed | Drive-Thru Experience,30 minute wait | hash browns given to drive-thru | priority disparity,Long wait for hash browns while drive-thru customers received priority service.
Overcharged and no refund,"Overcharged and no refundNot only has the food quality gone down the last few years, was overcharged using the app and customer service transferred me to the US, now not even hearing back from anyone, straight up Theft, its not alot but its the principle.",Phillip Heather,1y,303,negative,Price Value | Food Quality,overcharged | no refund | food quality declined | poor customer service,Overcharged via app with poor customer service response and declining food quality.
Can’t hear your drive through staff with masks on,Can’t hear your drive through staff with masks onRosny branch the drive through staff all have masks on can’t hear a word they say it not acceptable,Christopher Rowlands,1y,304,negative,Drive-Thru Experience,masks on staff | can't hear | communication issue,Drive-thru staff with masks make it impossible to hear orders.
Cheesy chicken burger is the most disgusting and tasteless food I have ever eaten!,Cheesy chicken burger is the most disgusting and tasteless food I have ever eaten!The only taste in cheesy chicken burger I’ll get Is salty. There is no other taste in its SMS it is simply disgusting to eat!!,MaM,1y,305,negative,Food Quality,disgusting | tasteless | salty only | cheesy chicken burger,Cheesy chicken burger tastes only salty and is extremely unpalatable.
why I love this food,why I love this foodThis food is 10 outer 10 differently recommend for a dirty bulk other wise don't have a lot of it.,Hamish,1y,306,positive,,10 out of 10 | would recommend | good for dirty bulk,Highly rates the food as ten out of ten and recommends it.
i do not condone going to mcdonalds,"i do not condone going to mcdonaldsso i went there and it was chill until i found out when i had gotten home that they left my DOUBLE cheesburger out of my meal, the literal main component of my meal even so i thank god that oliver (the worker) did not forget my apple pie in my other order. so i had to drive back and ask them for it it was chill because they said yes but they didin't even offer and free stuff oh and i also saw them looking at my pyjamas weird. and my bare foot. now my friends chips are cold because we had to drive back. #dontea... Read moretanddrive #dontgowonoonamaccas #doyojob thankyou also i reccomend equired and professional training at how to make a hof fudge sundae correctly, #dontbestingywiththesauceee THANKYOU BYE - Grace de silva",grack,1y,307,negative,Order Accuracy | Staff Behavior,missing double cheeseburger | had to return | no compensation | cold chips,Missing main item from order required return trip; no compensation offered and food went cold.
I do not compute!,"I do not compute!Just saying! Please bring back the humans! Cannot do these ridiculous screens anymore! You took away the freindly McDonalds ""welcome, may I take your order"" with a smile that you built your company on. Please destroy these nuisance machines and bring the humans back. We are people, not dollar signs walking into your establishment, we want human interactions. Its so strange to now walk into any McDonalds and be completly ignored if you attempt to walk up to the counter and order, the staff look annoyed because drive through is their priority and even customers look at you funny for not using your machines. I still know alot of people who feel the way I feel, they just deal with it!",yak eemmik,1y,308,negative,Staff Behavior,self-order screens | no human interaction | staff ignore customers | lost friendly service,"Self-order screens replaced human service, eliminating friendly interaction and customer attention."
Mcdonalds food safety training,Mcdonalds food safety trainingI think it's extremely sad that a person training a new person is telling her what to write as the answers on training tests while sitting and having a coffee in the restaurant in qld. No wonder so many issues and complaints made . They won't get it and learn it if you tell them the answers . Let them have a go so you can see what help they need with to get them to understand it . That would be better then giving them the answers so you Can hurry up and look good. Very sad indeed the way the training is completed,Davcare,1y,309,negative,,poor training methods | answers given to trainees | food safety concerns | inadequate learning,Training supervisors give answers to trainees rather than encouraging proper learning.
McDonalds Beacon Hill NSW,"McDonalds Beacon Hill NSWThe most consistent McDonalds I visit. And by consistent, I mean they consistently STUFF UP ORDERS! Plus the assembly of a burger looks like it was achieved at throwing range.Time and time again I get home only to find a missed item or wrong item! Not that difficult a task but the staff at Beacon Hill seem to have a special knack.Imagine opening the box of the burger only to find the layers of your burger are anything but aligned. The meat, salads, sauce and cheese are often found up the side of the box and someti... Read moremes hanging outside. The best they can do is put your name down to supply you a replacement if what you ordered in the first place next time you visit. Not much use if you actually need the item to feed yourself! Tip for McDonalds management: SORT THIS ATROCIOUS SERVICE !",Just Browsing,1y,310,negative,Order Accuracy | Food Quality,consistently stuffed up orders | misaligned burger layers | missed items | poor assembly,Orders frequently wrong with poorly assembled burgers and missing items.
yeah bah i love this joint,"yeah bah i love this jointyeah bah this place gives me the energy I need to go to the gym ya dog. it gives me lots of carbs for my gym session ya dog, i typically have 6 large big macs, 4 fish burgers, about 5 quarter pounder if im feeling lucky, then i have a couple apple pies, 5 mcflurrys, oreo of course, 6 carmel sundaes, and 3 cones. i then have 3 large diet cokes to settle it all out, i reccomend this place they have beautiful food and the staff is very nice.",JACOB GRAY,1y,311,positive,Food Quality | Staff Behavior,gives energy for gym | beautiful food | nice staff | carbs for workout,Great place for gym fuel with beautiful food and nice staff.
Crown maccas slowest on the planet,Crown maccas slowest on the planetWaited 20mins for a cold happy meal at 1130pm on a monday,Louise W.,1y,312,negative,Service Speed | Food Temperature,slowest on planet | 20 minute wait | cold happy meal | late night service,Extremely slow service with cold meal delivered after long wait.
Cold and uncooked,Cold and uncookedWent through drive way at Bulleen MacDonalds to be given under cooked pale tepid chips. One packed stacked upside down touching the chip packet underneath. Chips dropped out over the other packet. Chips were tasteless and cold. Walked back in to be given no apology. Just a “ Do you want new chips?”Went to eat burgers to find that they were also cold and chewy. Awful food. Gave up. Will definitely not go back to that store again. No one wants cold chips and cold burgers.,Viv,1y,313,negative,Food Temperature | Food Quality | Staff Behavior,undercooked pale chips | cold and chewy burgers | no apology | tasteless,Cold undercooked chips and burgers received with dismissive staff response.
Cold Fries,Cold FriesThe burgers were hot and although sauce on bottom instead of top was hot and chips were not even cool had to thriw them out,Dave M.,1y,314,mixed,Food Temperature,hot burgers | cold chips | sauce placement | threw them out,Burgers hot but chips cold and inedible; sauce placement incorrect.
Classic Comfort at McDonald's,"Classic Comfort at McDonald'sAs a frequenter of McDonald's, I find their meals to be consistently satisfying. Maccas continues to maintain its reputation for serving up fast, affordable, and tasty comfort food. Their iconic Big Mac remains a standout, delivering a timeless taste that has endeared generations. The fries, crispy on the outside and soft on the inside, have a signature flavor that pairs perfectly with any meal.Moreover, McDonald's has made commendable strides in introducing healthier and more diverse options. Their salads are surprisingly fresh and flavorful, while their smoothies and wraps make for a great quick, lighter meal.",Ethan M.,1y,315,positive,Food Quality | Price Value,consistently satisfying | crispy fries | iconic Big Mac | healthier options,Consistently satisfying comfort food with fresh salads and signature tasty items.
Watered down products,"Watered down productsPurchased breakfast from McDonalds, we ordered orange juice (what we got was a cup of water with a dash of orange juice in it)We haven’t bought from McDonalds for a long time due to previous bad experiences.Won’t be going back again, that’s for sure",Disappointed,1y,316,negative,Food Quality | Price Value,watered down juice | cup of water | bad experiences | won't return,Orange juice was mostly water; avoiding McDonald's due to poor quality.
Smaller servers and higher price!!!,Smaller servers and higher price!!!Everything seems to be getting smaller serves and higher prices. Coffee still weak and bloody ordinary flavour. Definitely not Australia’s favourite!!!,Brian B,1y,317,negative,Portion Size | Price Value | Food Quality,smaller serves | higher prices | weak coffee | ordinary flavour,Portion sizes shrinking while prices increase; coffee weak and mediocre.
Dissatisfaction with good reason,"Dissatisfaction with good reason24 hour window frame and two stores.Evening service, first store.Yes it is winter in Australia.But.I expect hot food. Drive thru.2nd store. 15 hours later.3 McHappy Meals. 2 with cheeseburger and other with 3 chicken nuggets.Queried price upon payment at drive thru.And yes. This has happened at this particular store before.... Read more Drive thru does not state the price for ordered goods when actually ordering. Asked assistant for explanation of costs. I understood this as up selling, in my opinion. 6 nuggets not required. Assistant wished me a good day but was not responsive to my request to advise management of my displeasure as what I saw as up selling and why/how. Received only 2 of the 3 servings of hot chips. I did not check til I got home. ? Was this payback or just my bad luck? Thornton and East Maitland/GreenHills stores. Not happy.",Kate,1y,318,negative,Food Temperature | Service Speed | Order Accuracy,cold food | upselling concerns | missing chips | unclear pricing,"Cold food, incomplete orders, unclear pricing, and unresponsive staff to complaints."
I can't live without this place,"I can't live without this placeflynn white from townsville again i just can't get over how much i love this place my order normally consists of having two 24 nugget meals, 3 double big mac meals, two large fries, 4 large mountain dews, 2 diet cokes (these are to balance). And for dessert i have 3 chocolate sundaes, 2 apple pies, one cold and one hot, 5 ice cream cones, (with a flake obviously), 4 mcflurrys, all flavours. This has been my daily order ever since I could remember. This is more of a morning tea type of meal but it doesnt matter. For my normal lunch i have a bit of kfc but that review is for another day. I think i could also work as a professional food critic for stricly only fast food restaurants. Flynn white out.",flynn w.,1y,319,positive,Food Quality,can't live without | daily order | love this place | fast food critic,Dedicated customer loves the place as daily go-to with consistent quality.
Uncooked,UncookedMy chips were as hard as a rock and not cooked at all,Mandie Dobson,1y,320,negative,Food Quality,hard chips | uncooked | rock-like texture,Chips were hard and uncooked.
Talking about conservation and waste management,Talking about conservation and waste managementMy accurate fact is that Maccas could go 1 step further and ASK customers if they want their order in a paper bag or not.,Russ d.,1y,321,negative,,paper bag option | waste management | conservation,McDonald's should ask customers if they want paper bags instead of other packaging.
Wish they’d listen,"Wish they’d listenOrdered medium cheeseburger meal with a bottle of water, apple turnover and a Diet Coke. Received no turnover until we asked - the bottle of water was a cup of what turned out to be soda water",Merrilyn Kelly,2y,322,negative,Order Accuracy,missing turnover | wrong drink | soda water instead of water,Order was incomplete and contained wrong items—no turnover and soda water instead of water.
Overcharged and management don't care,"Overcharged and management don't careOvercharged twice on app ,now 11 days no refund still,told to wait longer,,then told by Golden Grove manager not her problem, worst McDonald's in S.A, absolute joke, don't buy, told again I have to wait 7 business days for refund now, customer service at Golden Grove is appalling, 11 days and told possibly 7 more days, McDonald's is a worldwide scammer,then says it's a Third party issue,I bought from McDonald's not Third party..",Shane,2y,323,negative,Price Value,overcharged | no refund | poor management response,Overcharged twice with 11+ days without refund and unhelpful management.
Last visit - ever,"Last visit - everWent to McDonalds, Bay St Port Macquarie, after a late medical procedure and seeking a fast dinner. What a mistake. I was the only customer at the time (there will have been drive throughs) and it took about 12 minutes to serve me with 2 hot chips, 1 big Mac and a medium chocolate thickshake, There were about 8 people visible in the work area, all talking and skivving off. The chips were soggy and lukewarm, the burger was at least 10 minurtes past cooking and again was only lukewarm. Ate the food - what else could I do? Left ... Read moremy wrappings on the bench because every bin was full to overflowing. All takle yops were dirty, had grease and food crumbs and the floor was both slippery in parts and dirty all over. Felt like calling the Council health inspectors on them.",Chris,2y,324,negative,Service Speed | Food Temperature | Cleanliness,12 minutes wait | soggy lukewarm chips | dirty bins and surfaces,"Slow service, cold soggy food, and filthy restaurant with overflowing bins and greasy surfaces."
Spot the Fries Shaker,"Spot the Fries ShakerOn the odd occasion that I eat junk food, I try to minimise the risk of harm by insisting the fries in Maccas are shaken well immediately after being removed from the fryer. The staff are supposed to shake them 11 times I once read? They often lift the basket and leave it without shaking ,which gives that carcinogenic oil a good chance to soak in.. sometimes they give the basket a gentle shake once or twice. It’s rare to see anyone shake the basket according to the Macca’s guidelines or just adequately. The risk of cance... Read morer for people who eat a lot of junk food is over 30% higher. Likely the worst culprit in Maccas is the excess oil left on the chips. Be ethical Maccas, insist your staff shake those fries 11 times and don’t allow them to sit the basket without first shaking that excess carcinogenic oil off; for goodness sake.",sharene,2y,325,negative,Food Quality,fries not shaken properly | excess oil | carcinogenic risk,"Staff fail to shake fries adequately after cooking, leaving excess carcinogenic oil."
McFeast Meal Deal,"McFeast Meal DealWent through drive through today at Thornton NSW & asked to order the McFeast Meal Deal for $5.95. Was told I could not get it unless I ordered it through the app there is nothing on the TV ad stating this. They refused to sell it to me unless I ordered it through the app, complained to the Manager but no joy. Very disappointing customer service",La La,2y,326,negative,Staff Behavior,restricted deal to app only | refused service | misleading ad,Staff refused to sell advertised meal deal unless ordered through app.
Useless,"UselessWent through the drive through. So glad I stopped in the car park to eat. My meal was cold. Not fresh. Chips were soggy/cold. I paid $24 for my meal. Two extra cheese burgers. Cold. This is nonsense MacDonalds. I took it back, was served a fresh meal. Sat in my car. Opened the bag. No napkins. Sort your crap out.",Zippy,2y,327,mixed,Food Temperature | Order Accuracy,cold meal initially | soggy chips | replacement provided | missing napkins,First meal was cold and soggy; replacement was fresh but lacked napkins.
Don’t go there,"Don’t go thereI purchased a egg & bacon Mc muffin meal from Currimundi Macdonalds Qld I got a dried rubber everything and also purchased a sausage Mc muffin crunchy & dry too I have learned my lesson at this store had bad service for lunch menu too, store dirty, toilets dirty, I’ll give it a miss and use Caloundra Macdonalds no comparison between the two.",chez,2y,328,negative,Food Quality | Cleanliness | Staff Behavior,dried rubber food | crunchy dry items | dirty store and toilets,"Poor food quality, dirty store and toilets, and bad service."
"Misleading FALSE self service ads & coffee ads, environmental alert & size scam","Misleading FALSE self service ads & coffee ads, environmental alert & size scamOrdered coffee as shown in picture glass cup for environmental reasons.And got a much smaller throw away papercup",J L,2y,329,negative,Special Items | Price Value,smaller cup received | misleading environmental ad | false glass cup promise,Advertised glass environmental cup was actually a smaller disposable paper cup.
Memory loss at McDonalds,Memory loss at McDonaldsWent to McDonald's Woodcroft NSW today...went in the drive Thu...gave my order...went to the pay window and was asked what was my order...told her again. They now have a tap machine on the wall...I asked for a receipt...was told you'll get it at the next window.Went to the next window but no one was there...about 2 mins a girl came and said...what was your order...must have bad memory's here...I said I'd like a receipt and was told it'll be in the bag but there's a 5 min wait for fry's...sounds familiar.Waited in th... Read moree waiting bay for about 8 mins (must have been pealing the potatoes)...a girl comes out with my order and says...what was your order...what a joke. Got home opened the bag...no bloody receipt...got me thinking is mcdonalds now charging people a fee to use a card. I wish we had a Hungry Jacks near us.,Disappointed,2y,330,negative,Order Accuracy | Staff Behavior | Drive-Thru Experience,staff asked order multiple times | no receipt provided | long wait times | poor memory,Staff repeatedly asked for order details and failed to provide receipt despite multiple requests.
Apple crumble muffin,"Apple crumble muffinOrdered a small flat white, bacon and egg burger and a apple crumble muffine at Mosman McDonald's.Service was good.Picked up order to sit down and eat.Coffee was fine, burger was good.Apple crumble muffin was frozen straight out of the fridge/ freezer.Went back and asked it it could be warmes up as it was cold and frozen.The girl face me a look and questioned me.You want the muffin warmed up?I repeated that it was frozen and yes heated would be better.I got it back and it was still half cold and some warm.... Read more I would think they would have a process for this as.theu do with everything else. So I took it home.to warm up again and have with another coffee. Check your muffin if u like it hit and not frozen.",john c.,2y,331,mixed,Food Quality | Food Temperature | Staff Behavior,frozen muffin | staff questioned customer | inadequate warming | good coffee and burger,"Good service and food overall, but frozen muffin was not properly heated when returned."
Cleanliness and unhygienic stores and  average service,Cleanliness and unhygienic stores and average serviceMcDonald’s is no longer the sore it used to be.,Lynne,2y,332,negative,Cleanliness | Staff Behavior,cleanliness declined | unhygienic | average service,Store is unhygienic with declining cleanliness and average service quality.
Disgusting,"DisgustingI went to McDonald’s today and got a burger plus orange juice, I tasted the orange juice it was putrid & made me feel rather unwell, I took it back to the counter & told them, the assistant reply was Oh! It was the end of the juice we have run out. That’s all no apology or anything, I feel like having a stomach pump, unbelievable reaction from staff about it I mean they must have seen the liquid when they poured the drink.It’s got a lid so you can’t see the inside.Not recommended.",mich,2y,333,negative,Food Quality | Staff Behavior,putrid orange juice | made customer unwell | no apology | poor staff response,Orange juice was spoiled and made customer ill; staff showed no concern or apology.
Horrible  - Mcdonald's Frankston Victoria Australia,"Horrible - Mcdonald's Frankston Victoria AustraliaBacon & egg burgers served cold, weak tasteless coffee, pigeons flying and walking inside leaving messages, automatic entry door that doesn't close & and spilled slimy water of the floor.Not hygienic or safe. Don't go there !!!",Michael,2y,334,negative,Food Temperature | Cleanliness | Equipment Availability,cold burgers | weak tasteless coffee | pigeons inside | spilled water | broken door,"Cold food, unhygienic conditions with pigeons, broken door, and unsafe spilled water on floor."
Worst Tea ever,"Worst Tea everI ordered a Milk tea in ermington McDonald's, But it was just water and a teabag. Never had a water tea which looks white. It is my first and last buy from McDonald's.",Joan,2y,335,negative,Food Quality,milk tea was just water | teabag only | poor quality,Milk tea was essentially just water and a teabag with no proper preparation.
OMG costs more than a servo,OMG costs more than a servo$4.45 for a bottle of water wth yeah right. $15 for a small burger meal with a poptop water. Let's not forget this is a fast food chain not a cafe lol. The small chips had 9 chips in the packet no care taken with wrapping placing in bag by a 14 yo girl on her phone. Then when I asked for what I paid for I was fobbed off . Disgusting Gunghalin store. Last chance last time.,Daniel,2y,336,negative,Price Value | Portion Size | Order Accuracy | Staff Behavior,overpriced water | expensive meal | minimal chips | inattentive staff | dismissive response,"Overpriced items, minimal portions, staff on phone, and dismissive response to complaints."
Worst cappuccino,"Worst cappuccinoOrdered 2 cappuccinos from Hampton Park Mc donalds, it tasted like dish water or even worse. If u charge $4.05 per cup at least make it in a professional manner. Very disappointing.",Pri,2y,337,negative,Food Quality | Price Value,cappuccino tasted like dishwater | poor quality | overpriced,Cappuccino tasted like dishwater despite high price and lack of professional preparation.
Small burger,Small burgerJust purchased a chicken deluxe burger but I think it should be re named the chicken mini burger. What a rip off,peter f.,2y,338,negative,Portion Size | Price Value,chicken deluxe too small | mini burger | rip-off,Chicken deluxe burger was too small and felt like poor value for money.
Maccas Coffs Harbour Filthy & Terrible Service,"Maccas Coffs Harbour Filthy & Terrible ServiceCalled into Coffs Harbour McDonald’s at 10 pm on Friday 2 June to find there’s no menu board any more, no service and a filthy counter area, both on the floor and counter!I realise they are doing everything possible to force you to work for them and order your own meals, fire the kiosk, but they have taken things way too far!16-year-old staff were wearing their own Hoody’s, and I waited 15 minutes for two large fries, only to find that they were cold when they came out!Whoever owns the Coffs Harbour franchise should go to Disneyland and see what cleanliness and customer service is all about! Absolutely disgusting.",John,2y,339,negative,Cleanliness | Staff Behavior | Service Speed | Equipment Availability,filthy counter | dirty floor | no menu board | 15-minute wait | cold fries | unprofessional staff,"Filthy store, missing menu board, slow service, cold fries, and unprofessional underdressed staff."
Very poor,"Very poorMcCafe was closed ( 9.30 am), our meal was greasy and floors and tables were dirty. Bin was overflowing. Staff were lovely.",Heather,2y,340,mixed,Cleanliness | Staff Behavior | Equipment Availability,McCafe closed at 9:30am | greasy meal | dirty floors and tables | overflowing bin | lovely staff,"Poor cleanliness and closed McCafe, but staff were kind."
Service is worse than the food,"Service is worse than the foodWe lined up in drive through to collect an app order for drinks. As usual, the store didn't have what we wanted, and repeatedly offered an unsuitable alternative. We asked for an alternative and were told we would need to go back around through drive through. I ended up getting a refund, and my kids went in store to order. They came out upset because the rude drive thru staff & trainer were standing at the counter talking crap about me in front of customers. When I went in to ask about this and speak to a manager,... Read more the same 2 employees were still standing there smirking and giggling in my direction. When the manager asked them to apologise, they rolled their eyes and one literally could not get the words out as she was still snickering. Professionalism is obviously not part of their training.",Time to go to HJs,2y,341,negative,Order Accuracy | Staff Behavior | Service Speed,app order not available | unsuitable alternatives | rude drive-thru staff | unprofessional behavior | mocking customers,Rude staff mocked customer after order issues and poor service recovery.
Poor service,Poor serviceWalked in to Caboolture North McDonald’s 5 staff on stand there by myself waiting to be served for 5 minutes. No luck staff just look at you and go about there business. This is one on the McDonald’s stores that I normally refuse to use as the food is cold and old.,Brent Andrew,2y,342,negative,Service Speed | Food Temperature | Staff Behavior,five staff ignored customer | waited five minutes | cold and old food | poor attention,Staff ignored waiting customer and food was cold and old.
South Nowra McDonalds rarely misses,South Nowra McDonalds rarely missesAlways good to pop in for a lunchtime Cheeseburger. Yum!,Matthew B.,2y,343,positive,Food Quality,always good | lunchtime cheeseburger | rarely misses,Consistently good cheeseburgers at this location.
Fraud and false advertising to achieve illegal gains,"Fraud and false advertising to achieve illegal gains24 x 7 service which is false and misleading though this store (Preston - St Georges Rd Victoria) advertises 24 x 7 service. Very poor customer service considering this is one of the busiest stores in Melbourne.On Wed 4/1/23 at 2:30am - 3:00am no service was available through drive thru nor from the front counter as their computer systems were rebooting with a wait time of 15 minutes but others advise they had already waited 15 minutes with no success. I asked the manager how often this hap... Read morepens and he advised each day. I waited a further 10 minutes, gave up and left. Under consumer law it is false and misleading advertising to advertise you are open 24 hours for service if service is unavailable regardless on a regular basis. This behaviour seems very strange and is not customer service focused. If this is a regular thing, shouldn't it be advised / advertised by law (on the premises at least) and do other McDonalds do this as well? Update 7/5/23 4:45am Once again McDonalds repeats the practice of no service was available through drive thru nor from the front counter as their computer systems were rebooting with a wait time of 15 minutes but I waited 20 minutes and it was still rebooting (I don't think so). I advised months ago that under consumer law it is false and misleading advertising to advertise you are open 24 hours for service if service is unavailable regardless on a regular basis but McDonalds have ignored this so I have now reported this illegal and fraudulent practice to the relevant authorities. Hopefully criminal charges and applicable fines will be the result.",David,2y,344,negative,Service Speed | Equipment Availability,false 24/7 advertising | computer systems rebooting | no service available | regular occurrence | misleading,Store advertises 24/7 service but regularly unavailable due to system issues.
"Food served minutes apart so cold, Team member wonderful","Food served minutes apart so cold, Team member wonderfulBuying a meal at a local Bellbird Park QLD McDonald's (only cause kids wanted I think plastic frozen food), The prices have gone up, but what my gripe is. The team member at collection wondow tried to give me HOT cakes and then asked me to park and wait for rest of order. I said I would rather all at same time as do not want COLD cakes. Oh no she said they will not go cold. Well we waited many minutes , many cars came in, went through drive thru, lined up and got their orders. by the time ... Read more[Name Removed] came to my car mine was freezing, I had a hissy spoilt little brat attack at her, I was so annoyed. I did not care waiting for ALL order to be delivered hot together, it was getting half minutes earlier for it to be cold then the rest to be hot, Another words we can not sit have hot brekky together, as mine was not good. I was a mystery shopper for decades and you look for good and bad, this store had one of each. The team should not hand out half an order minutes early for it to go cold, should be all brought out same time. Then [Name Removed], she could not apologise enough, she offered to make a replacement, she explained that she would let the team know, she was beautiful, her infectious smile and beautiful caring about the customers made your store look far better and I thanked her dearly for calming me down. Yes the hot cakes got eaten by the birds and dog",milko-fats,2y,345,mixed,Food Temperature | Order Accuracy | Staff Behavior,partial order served early | food went cold | wonderful team member | infectious smile | split delivery problem,"Partial order delivered early causing cold food, but staff member's kindness and apology improved experience."
"McDonalds food tasted like slop & didnt match the advertisements, French Fries half empty, and staff come across rude","McDonalds food tasted like slop & didnt match the advertisements, French Fries half empty, and staff come across rudeOur work crew hit the town to celebrate a friends management promotion.We’ve all been watching out waistlines, yada, yada, yada so we unleashed our bad girl personas by making the mistake of starting the night off with crappy McDonalds Junk food. What were we thinking! The quality of the burgers and coffee is now so soooooo bad Im humiliated being seen eating McDonalds food.McDonalds…. if your reading this, your Big Macs are... Read more advertised with lettuce, so how about putting at least half of what your advertised pictures show, instead of the measly few shreds of lettuce we receive, ….. and don’t get me started on how the staff always skimp on French Fries servings!!!!!!!!!!! We paid for “large” French fries but received less than a medium serving, seeing that happens literally every time we order fries its false advertising, and it’s very illegal. Also more times than I care to admit then fries are stale. Also some teenager twirp telling us they get in trouble by their manager if they give customers the correct amount of fries advertised is pathetic!!!! and illustrates mcdonalds know they are skimping on fries. And just so you know the coffee, well lets just say what you call coffee tasted very watery and nothing like real coffee. Please also remind your management and staff that its not the customers fault the cashiers do not know how to operate their fancy computer registers. To anybody reading this or the countless other recent complaints about mcdonalds (yes there are lots of them) they have obviously gone south and now stink to us. I recommend you try out *****Wendy’s**** as I found the food quality is many times better and at least, at least 100% better than McDonalds. Eg Check out the “News.com.au” article - link below or the many other mcdonalds complaints if you need more persuading. I know it sounds weird, but Wendy's food is really that much better, and one you try it you will never ever ever go back to mcdonalds. https://www.news.com.au/lifestyle/food/eat/why-mcdonalds-hungry-jacks-should-fear-wendys-entry-into-australia/news-story/23833656a46535af49d3eb8d4076d165 As for us we left McDonalds that night hoping we were NOT recognised, yes, its dawned on us, we are now no longer dumb teenagers and now wise and mature enough not to be wasting our money eating mcdonalds junkfood slop on their dirty unkept tables. In a nutshell, we made a committment to never ever going back for the pricey watery coffee, sloppy junk food burgers and meagre french fry servings, dirty dining room and rude and whinging staff. Hasta la vista mcdonalds - !!!!!!",Robin Sydney,2y,346,negative,Food Quality | Portion Size | Staff Behavior | Order Accuracy | Cleanliness | Price Value,poor burger quality | false advertising on portions | half-empty fries | stale fries | rude staff | dirty tables | watery coffee,"Poor food quality, skimped portions, false advertising, rude staff, and dirty dining area."
MCDONALDS CLOWNS,MCDONALDS CLOWNSMcDonald’s Lakemba NSW is the worst store. Management and staff are useless and rude.1) ordered cheese and tomato toasties on two occasions. One time I got only cheese toasties the other ham cheese tomato. Can’t even get the orders right.Management and crew trainer roll their eyes when questioning orders. Should be sacked! Get another job if you hate your life.2) food is always cold and stale. Disgusting and done intentionally.3) large coffees are always 1/2 full either burnt or just non existent flavour.4) my Maccas code doesn’t work half the time and refuse to give what your eligible for because it’s the customers problem. It’s your app you should be doing what it says.Bunch of clowns,1tanalaura,2y,347,negative,Order Accuracy | Food Temperature | Staff Behavior,orders incorrect | cold and stale food | half-full coffees | eye-rolling staff | app not working properly,"Consistent order errors, cold food, and disrespectful management and crew."
Absolutely horrifying,"Absolutely horrifyingDear maccas mascot Sydney airport,I am throughly horrified at the state of my delivery on Uber eats. First of all I paid a total of $101.68 on my order and it was all incorrect. My ice creams were completely missing, they were no where to be found. My frappes were in fact with a large amount of drizzle, when I specifically asked without it. I was missing my sauces therefore leaving my nugs incredible dry, aswell as that I was shocked when I put the nugs in my mouth as I was expecting a succulent mild piece of chicken when ... Read moreI indeed received a spicy mouth firing nugget which left an appalling flavour and second degree burn all evening. Under no circumstance is this acceptable and I was really looking forward to my correct, mouthwatering meal. Instead I received something that one should never have to experience in there lifetime as quite frankly it was a traumatic very negative life experience. After all this, I tried to call the restaurant leaving my phone ringing late into the night with no response. I am not angry, just disappointed… do better.",Cheryl Edwina,2y,348,negative,Order Accuracy | Delivery Service | Food Quality,incorrect order | missing ice creams | unwanted drizzle on frappes | missing sauces | wrong spice level | no response to calls,Delivery order was significantly incorrect with missing items and wrong preparation.
No quality,"No qualityThe food is carelessly thrown together…expensive, unhealthy rubbish. Oh, and that’s if you actually get what you paid for…Check your order people. If I could no stars and 0 I definitely would.",David Brown,2y,349,negative,Food Quality | Order Accuracy | Price Value,carelessly thrown together | expensive | unhealthy | incorrect orders | check your order,Expensive unhealthy food with frequent order errors and poor quality.
Stop complaining,"Stop complainingLook , we all know food quality is going way down hill from Macca's & prices are rising! Big corporations , like Macca's , don't care about the customer or their experience with their product! All they want is your coin! If you want things to change , boycott them! When numbers go down on their end , they certainly notice! They know they are ripping us off , so stop complaining & do something about it! Boycott!!",Ned,2y,350,negative,Food Quality | Price Value,food quality declining | prices rising | corporate negligence | customer experience ignored,McDonald's prioritizes profit over quality and customer experience; boycott recommended.
A disaster for breakfast,"A disaster for breakfastI ordered a large brekky and it was collected by a man who did not speak a word of English. When I asked why it was 43 mins late he complained of traffic when I was out there and there was none. The food was stone cold and when I said “cold” he had no idea. He used his phone for transl -or tried to-and he STILL didn’t understand. Food was a mess- cold, wet, crushed in the long travel. Money back in coorparoo please.",Melissa,2y,351,negative,Food Quality | Food Temperature | Delivery Service | Staff Behavior,43 mins late | stone cold food | communication barrier | crushed wet food,"Delivery order arrived 43 minutes late, cold, damaged, with language barrier preventing resolution."
Stmarys shopping village,"Stmarys shopping villageHad not eaten McDonald's since 2003..So I decided to buy a spicy burger and medium chips..The burger was approx 4 inches across, and the chips were luke warm..The burger had chicken and lettuce thrown on..Cost me $13.50..You are joking McDonald's, surely...You sell rubbish, 2nd rate food, for outrageous prices..SUBWAY and KENTUCKY flogs McDonald's for value for money..",greg,2y,352,negative,Food Quality | Portion Size | Price Value | Food Temperature,small burger | lukewarm chips | outrageous prices | second-rate food,Small burger and lukewarm chips cost $13.50; food quality and value poor.
Absolutely rude and arrogant staff at Lara (3212),Absolutely rude and arrogant staff at Lara (3212)Had a terrible experience. They forgot to include serviette in my order. No serviettes available for customer. Had to wait another 5 mins before someone attended the counter. Food was cold by then. Rude staff didn't even apologise or listen to solution like providing serviette at customer's reach. Put a complaint but wasted my time.,Manoj Sharma,2y,353,negative,Order Accuracy | Service Speed | Staff Behavior,forgotten serviette | 5 min wait | cold food | rude staff no apology,"Missing serviette, slow service, cold food, and rude staff who refused to help."
Disgusting and dirty,"Disgusting and dirtyDirty premises, understaffed waited 30 min for 2 haooy meals and 2 big mac meals.",Lale,2y,354,negative,Cleanliness | Service Speed,dirty premises | understaffed | 30 min wait | four meals,"Dirty location, understaffed, 30-minute wait for four meals."
"Wrong food again at Bridge Rd, Richmond","Wrong food again at Bridge Rd, RichmondSo, so angry. This McDonalds is the worst for getting your order right. They have gotten my order wrong so many times when I go for pickup, and so I usually check, but this time I got delivery and so there was no opportunity to check. When I saw we were missing some of the things we’ve paid for I tried calling them directly, but their number just goes to voicemail so no help at all. I’m sure this will go nowhere, but I want as many people as possible to know this place is the worst.",Ben M.,2y,355,negative,Order Accuracy | Delivery Service,wrong order repeatedly | delivery missing items | no phone support | worst location,Multiple order errors at this location; delivery had missing items and phone unreachable.
Disappointed again,Disappointed againJust bought a cheeseburger missing gherkin and small soggy fries at a cost of $6.35.When the cashier took my money I asked for a receipt and she said I'd get one at the pickup. They handed me a paper bag and I parked down the road. NO receipt and the fries and burger weren't in their wrappings just lying in a jumble at bottom of bag. I threw the cold fries away and enjoyed the burger although missed the gherkin which makes itAn expensive not worth it snack,Milly02,2y,356,negative,Order Accuracy | Food Temperature | Service Speed,missing gherkin | soggy fries | no receipt | loose wrapping cold food,"Missing ingredients, soggy cold fries, no receipt, items loose in bag."
Presentation of food,Presentation of foodOrdered 2 wraps and they were loosely wrapped and the sealing sticker did not stick (this seems to happen to us each time). They were thrown into the bag chips on the bottom sideways and chips were soggy and not hot. When biting into the wrap there was at least 30 cm of wrap before we got to the chicken.On a good note I could not order a senior’s coffee on the order machine and a lovely lass put it through for me at no charge. Also the ordering machines were out of paper and did not print out the order number. Perhaps a process could be put in place where an alert is raised when paper gets low.This was at Matilda truck stop Gympie Thank you for reading my review and I look forward to hearing back from you.,Barb Lewis,2y,357,mixed,Food Quality | Equipment Availability | Staff Behavior,loosely wrapped wraps | soggy chips | excess wrap padding | helpful staff member | out of paper,"Poor wrap presentation and soggy chips, but staff helpfully processed senior coffee and acknowledged equipment issues."
Maccas do better,Maccas do betterTerrible service. Ice cream machine needs to stop being broken if your 24/7 company fix that for now,Charlie P.,2y,358,negative,Service Speed | Equipment Availability,terrible service | ice cream machine broken | 24/7 claim,Poor service and frequently broken ice cream machine despite 24/7 operating claim.
NASTY…,NASTY…Where did this green come from?? Fungus in the fryer!!. I’m outraged what is going on with McDonald fries?!,Daisy Phan,2y,359,negative,Food Quality | Cleanliness,fungus in fryer | green contamination | food safety concern,Fries contained fungus from fryer; serious food safety issue.
CANNOT UNDERSTAND ENGLISH,"CANNOT UNDERSTAND ENGLISHAsked for a “Large Double 1/4 Pounder, no pickles, extra cheese” + OJ, and Fillet Fish” @ drive through. Not only did it take a very long time for “fast food” but I recieved a Double Cheeseburger, yadda yadda. The Fillet was kinda half slapped together, looked disgusting! I don’t normally eat TA and my son tells me I should have checked the order on the screen. I would do, if I were to ever go back! How does “Cheeseburger” sound like “Quarter Pounder”???",Jenny W.,2y,360,negative,Order Accuracy | Service Speed | Food Quality | Drive-Thru Experience,wrong order | long wait | poorly assembled fillet | communication issue,"Drive-thru order was incorrect, slow, and fillet was poorly prepared."
Poor quality and quantity,"Poor quality and quantityOmg..yesterday, I reminded myself why I don't go to maccas.( A first in say 15 yrs apart from the odd coffee)I had a egg n bacon burgerThe bun..cheap and nasty and tinyThe cheese is like plastic.4 mouthfuls and it was gone....Such a rip off...Why do folk become addicted??? I don't get it!I've done more research on reviews. Well, they say it all...Why the hell do folk take children there?? They cannot care for themselves or their children, they can't!!! Addicted adults I guess results in addicted children who don't know any better.Tell you what..hygiene isn't crash hot either !!!!!!",Brenda,2y,361,negative,Food Quality | Portion Size | Price Value | Cleanliness,cheap bun | plastic cheese | tiny portion | poor hygiene | overpriced,"Poor quality ingredients, inadequate portions, and questionable hygiene standards."
Hair in my mcmuffin/lactose free coffee not free of lactose,"Hair in my mcmuffin/lactose free coffee not free of lactoseJust got a sausage McMuffin from Wallsend McDonald’s and found a brown hair on my McMuffin, not impressed! also hexham McDonalds gave me a full cream milk latte which was supposed to be lactose free I was very sick after that. what is wrong with these people? Not Happy!",Amanda Martin,2y,362,negative,Food Quality | Order Accuracy,hair in food | wrong milk type | lactose intolerance | quality control,Found hair in McMuffin and received full cream milk instead of lactose-free.
worst ever,worst everI havent had maccers for ages and found out why tonight the chips were cold and the burger was so dry and the bun tasted stale i only manage to eat half and regreted that,jcjc,2y,363,negative,Food Quality | Food Temperature,cold chips | dry burger | stale bun | inedible,"Cold chips, dry burger, and stale bun made meal largely uneatable."
Pathetic effort,Pathetic effortHave not had maccas for 12 months. Will never step foot in or drive through ever again. The food is expensive and just pitiful. Store was filthy dirty. They are definitely taking the dirt.,John K,2y,364,negative,Food Quality | Price Value | Cleanliness,expensive | poor quality | filthy store | unacceptable standards,"Expensive, poor quality food served in a dirty store."
Greed pricing,"Greed pricingPaid $10 for a coke and fries. Horrendous should be more like $3 - $4, makes the profit contribution outrageous. There is no excuse and the fries were floppy and 2nd rate. If my assessment is questioned look at a fish & chip shops volume and price ratio for a should cost and they're in no way as efficient.",Warwick,2y,365,negative,Price Value | Food Quality,overpriced | excessive profit | floppy fries | poor value,Excessive pricing for substandard fries compared to other fast food options.
Couldn't speak understand me,"Couldn't speak understand meWhen I ordered my meal through drive through the girl kept asking me what I want I repeated myself about 4 times, My meal was cold, chicken was dry and overcooked (Mcspicy burger) chips were horrible and soggy. Also my napkins (abour 6 of them) all screwed up and two of them were stained (Yuk)",Tan,2y,366,negative,Drive-Thru Experience | Staff Behavior | Food Quality | Food Temperature,communication barrier | cold meal | dry chicken | soggy chips | dirty napkins,"Staff couldn't understand order, meal was cold with dry chicken and soggy chips."
Coffee and hash browns,"Coffee and hash brownsJust after 1pm today the 7/5/23 I ordered a lactose free latte 2 sugars extra hot, and 2 hash browns, the coffee didn't seem to have coffee beans and I ended up throwing it out very disappointed as its over $5 per cup I'm not sure if the machine is Brocken or not being cleaned the as it was my lunch break I went to eat the hash browns they were almost cold and stale, who would have thought there would be hash browns in the warmer at that time, I only get a 30 minute break. It looks like Hungry Jacks Albury will be now getting my business, but Macca's Lavington, Wodonga and Wodonga Homemaker are fine, I'm not sure what the problem is within the store. Please get this fixed. My order was 115",Karen,2y,367,negative,Food Quality | Price Value | Equipment Availability | Special Items,weak coffee | stale hash browns | expensive | equipment issues | cold food,"Overpriced, weak coffee and stale hash browns made lunch break disappointing."
1 star because I can't give 0,1 star because I can't give 0Incredibly expensive and not very appetising. Fast but not cheap,Kyrienne H.,2y,368,negative,Price Value | Food Quality,expensive | unappetizing | poor value proposition,Expensive and unappetizing despite fast service.
No Senior coffee!,No Senior coffee!I ordered a $6.90 deal and was you'd the deal was good enough and did not warrant a free senior coffee!,Mary,2y,369,negative,Price Value | Special Items,senior coffee excluded | deal conditions | overpriced deal,Senior coffee not included with deal despite high price.
Barista coffee...NOT,"Barista coffee...NOTThe last two purchases of coffee from the drive through in Noosa: 1)cup only 3/4 full, and then 2)a very cold coffee (even though ordered as Extra Hot). Not going back.",DBR,2y,370,negative,Food Temperature | Portion Size | Drive-Thru Experience,underfilled cup | cold coffee | extra hot not delivered,Drive-thru coffee consistently poor: underfilled cup and cold temperature despite extra hot request.
No coffee at Success Mc Donald's WA,No coffee at Success Mc Donald's WASuccess Mc Donald's WAHas no Coffee maybe being totally sustainable green.Messed up my order and had to wait for the manager to get a code as she wasn't with the storeThis was on drive through and had a big line up.,Perthect Plumbing,2y,371,negative,Order Accuracy | Drive-Thru Experience | Equipment Availability,no coffee available | order messed up | long line | manager intervention needed,"McDonald's lacked coffee stock and order was incorrect, requiring manager assistance during busy drive-thru."
I am getting a refund,I am getting a refundThe chips were cold and soggy I would not rate this a 5,Sam E.,2y,372,negative,Food Quality,cold chips | soggy | requesting refund,"Chips were cold and soggy, customer requested refund."
Ripped off yet again,Ripped off yet againGave McDonald's at Kellyville on Windsor Rd (near the Etta) one last go. Whether in store or via drive-thru there's always a wait and/or a problem with the order. Nobody cares. See picture of today's offering; large chips half empty and burger slapped together. Chips were OK but the bun was stale so threw half of the burger away. Hands down this has to be the worst Maccas in Australia.,Mel,2y,373,negative,Portion Size | Food Quality | Order Accuracy,half-empty large chips | stale bun | poor presentation | long waits,"Consistently poor service: undersized portions, stale bun, poorly assembled burger, long waits."
Bad service,Bad serviceIt wouldn’t print receipt then I waited 3 minute to find out I couldn’t get my frozen raspberry so I had to get a coke and they forgot about my vanilla soft serve I had to remind them,Dougal,2y,374,negative,Order Accuracy | Equipment Availability | Service Speed,receipt wouldn't print | frozen raspberry unavailable | forgotten vanilla soft serve,"Receipt printer failed, ordered item unavailable, and vanilla soft serve forgotten requiring reminder."
Blend your Frappa’s better!,"Blend your Frappa’s better!Twice now, I have ordered a large coffee frappe from Midland on seperate occasions and twice I have received a milky drink full of chunks of ice!",Kellie Stewart,2y,375,negative,Food Quality,poorly blended frappe | milky drink | chunks of ice | twice disappointed,"Large coffee frappes blended poorly twice, resulting in milky drinks full of ice chunks."
Staff too busy taking selfies out the back to serve,"Staff too busy taking selfies out the back to serveExtremely slow service. Food thrown in the bag for eat in. Staff taking selfies out the back, having fights with garbage bags, coughing into their hands and not washing, picking up items off the floor and not washing hands. Very dissatisfied. One younger staff member was working the entire time while others laughed and mucked about.",Jjbns,2y,376,negative,Service Speed | Staff Behavior | Cleanliness,extremely slow service | staff selfies | poor hygiene | coughing | food handling,"Extremely slow service with staff taking selfies, poor hygiene practices, and one staff member overworked."
"If you can’t cope with the demand, don’t offer drive through!","If you can’t cope with the demand, don’t offer drive through!I went through Reynella Drive-through on 15/4/23 at 1000 to quickly grab a coffee on my way to visit a friend. I thought it would be quick. There were two lines of cars absolutely jampacked trying to get through. This is really tricky because obviously they need more lanes , but there is no space for it. From the time I entered the drive through lane until when I actually received my COLD coffee was 25 minutes. At least in this situation McDonald’s need to put a sign up outside. That ... Read moresays there will be at least a 10 minute wait. Are you sure you want to enter this line, because once you’re in the line you actually can’t get out of it. I casually mentioned it to the staff member and she was extremely rude and then shut the window and didn’t give me an opportunity to respond. I let her know how long it had taken me to get this cup of coffee and she just responded abruptly, and then shut the window and I noticed the other team members after she had spoken to them with her back to me, well, then looking outside, I’m looking straight at me and laughing. The service was disgusting. I will never go back.",Carina B,2y,377,negative,Service Speed | Food Temperature | Staff Behavior | Drive-Thru Experience,25-minute wait | cold coffee | rude staff | jammed drive-thru | no warning signage,"25-minute drive-thru wait for cold coffee, rude staff response, overcrowded lanes without warning signage."
to long of a wait,to long of a waitIt took 50 minutes for 2 medium chocolate frappes and half an hour into the wait the employee who served me tried hurrying the frappes up but then got told to stop hurrying employees,Rori Radlingmayr,2y,378,negative,Service Speed,50-minute wait | two medium frappes | staff told to slow down,50-minute wait for two medium frappes; employee told to stop rushing despite long queue.
Childers Qld Outlet,"Childers Qld OutletDisappointed to say the least at the quality of service today. Chose the drive through order/pay/collect at 9:00am for breakfast on our way through Childers. Long delay customers being served/waiting for order collect. Big Mac was stone cold as were the fries. Large Coke served in flimsy clear plastic container with lid that did not fit. Then no serviettes/napkins included in the package. If this example is the norm, McDonald's standards are in serious decline. Like to think this feedback will generate corrective action.",Rod,2y,379,negative,Food Temperature | Portion Size | Food Quality | Order Accuracy,stone cold Big Mac | cold fries | wrong container | missing serviettes | service quality decline,"Big Mac and fries stone cold, wrong drink container with poor lid fit, no napkins included."
Mirrabooka maccas are thieves,"Mirrabooka maccas are thievesMy daughter and her social worker just went to Mirrabooka maccas. They not only gave her the wrong order AGAIN, (I'm sick of them stealing my money) but they had no frozen drinks AGAIN and refused my girl a cup of water. We wait for a rediculas amount of time in line for hash browns only to get less than we paid for, cold ones, and bad service. And now refuse a cup of water? DON'T VISIT THIS Place. Also no receipt",Jane D.,2y,380,negative,Order Accuracy | Food Temperature | Portion Size | Staff Behavior | Equipment Availability,wrong order repeatedly | no frozen drinks | refused cup of water | cold hash browns | no receipt,"Multiple failures including wrong order, missing items, cold food, and refusal to provide water."
Yuk horrible  food,Yuk horrible foodHaven't had maccas for years bought 4 burgers a 4 medium chips burgers we're so salty and yuk won't be buying anymore so small and not worth the price yuk,Ross S.,2y,381,negative,Food Quality | Portion Size | Price Value,overly salty burgers | small portions | not worth price | poor quality,"Salty, small burgers and chips that are not worth the high price."
Avoid,"AvoidLast night, 9pm. Travelling through town.McDonalds was terrible:*Floors filthy*Bins overflowing inside and in the carpark*Tables scattered with wrappers etc (because bins were overflowing?)*Serviette dispensers empty*Toilets a messI don't mind staff chatting etc while they work...it makes a nicer work environment...but do some cleaning!Few options late at night in Yarrawonga but I won't stop at McDonalds again.",D M.,2y,382,negative,Cleanliness,filthy floors | overflowing bins | scattered wrappers | empty serviette dispensers | messy toilets,"Severely dirty location with overflowing bins, filthy floors, and neglected facilities."
Thought I saw the worst possible service and cleanliness but I was wrong,"Thought I saw the worst possible service and cleanliness but I was wrongLess than 1 star - Plumpton Maccas , dirty , staff that don’t care to work efficiently and waste time talking , so i gave Emerton a go , the mess on this store was worse than a tip , flys that bugged me while waiting , mess everywhere , floor , tables , staff that talked and laugh loudly at the counter while I’m the only one waiting to be served , after there loud chitchat they all walked away , another staff came out to serve me , waited about 5 mins or more , the food was disgusting and not prepared in any proper way , not cooked right or put together nicely . Don’t go to emerton or plumpton Maccas , not a one off , they haven’t changed in years .",Steson,2y,383,negative,Cleanliness | Staff Behavior | Service Speed | Food Quality,dirty stores | staff not caring | flies present | poor food preparation | long wait,"Filthy locations, inefficient staff, poor service, and badly prepared food at multiple branches."
Terrible coffee from McCafe,"Terrible coffee from McCafeStopped at McDonald’s. ( entry to Port McQuarie NSW, at the circle. I ordered 3 coffees- like warm almost cold. Terrible",Mona,2y,384,negative,Food Temperature,warm coffee | almost cold | terrible quality,McCafé coffee served lukewarm and tasting terrible.
Go to the Top Maccas Heatherbrae Dirtiest toilets and worst food,"Go to the Top Maccas Heatherbrae Dirtiest toilets and worst foodWe visited in March early morning , and when I went to use the bathroom, it was completely filthy, the smell alone would make anyone sick - I mentioned it the the manager on duty and she said . Yeah we know !!!! When I mentioned that I would be reporting this to NSW Health, a person with a mop (no bucket or chemicals ) went to mop up - how this would cleaned yellow stained urinals and filthy toilets is beyond me .I ordered a bacon and egg muffin - when I got it it looked like it ... Read morewas heated up on a press and was stale , may partner had the pancakes that where as hard as rocks. We demanded and got a refund , went across the road to the 7/11 , cleaner toilet , better coffee and a toastie that was made that morning - Good bye Maccas Well done Heatherbrae you really must be given a miss.",kevin,2y,385,negative,Cleanliness | Food Quality | Staff Behavior,filthy toilets | yellow stains | stale muffin | hard pancakes | inadequate cleaning,"Filthy toilets and stale, poorly prepared food with dismissive staff response."
Crap McFlurry & sundae desserts,"Crap McFlurry & sundae dessertsPaid full price, half full containers, little toppings VERY disappointed",Paul,2y,386,negative,Portion Size | Food Quality | Price Value,half full containers | little toppings | paid full price | disappointing,Desserts half-full with minimal toppings despite paying full price.
Worst service ever!!!,"Worst service ever!!!Ordered online 3 happy meals which as crispy chicken wraps. When picked up and came home, kids were very hungry and found 3 burgers. I have to go back and swap the 3 crispy chicken wraps. The staff at Fyshwick, ACT McDonald’s were not even sorry for what happened.",varun g.,2y,387,negative,Order Accuracy | Staff Behavior,wrong items received | burgers instead of wraps | unapologetic staff | had to return,Online order completely wrong with unhelpful staff response requiring return trip.
My Mc spicy chicken deluxe,My Mc spicy chicken deluxeJust brought a mc spicy chicken deluxe burgerIt was nothing like the picture on the drive through menuIt consisted of lettuce mayo and a very dry pice of fried chickenI would not call it a deluxe! at the price of $9.95I expected a much better quality burgersI would not recommend anyone purchase the mc chicken burger rangeThey are absolutely not worth the prices they sell them forI give this product zero starsRegardsI also have pics of burger ... Read more But there seems to be a problem down loading on to this page Maybe they don’t want anyone to see there burgers Mermaid waters local,Mermaid waters local,2y,388,negative,Food Quality | Price Value,nothing like menu picture | dry chicken | poor quality | overpriced | not deluxe,"Overpriced spicy chicken burger with dry chicken and minimal toppings, misleadingly advertised."
Rather eat the packaging,Rather eat the packagingBrought a fish fillet burger at Melbourne Airport. The last time I brought one was in London in 1984. How things have changed. Fast food now not even edible.,Martin,2y,389,negative,Food Quality,deteriorated quality | inedible fish fillet | poor standards | not worth eating,Fish fillet burger is barely edible with significantly diminished quality since 1984.
Disgraceful,"DisgracefulThe drive thru assistant could not understand what l said ,cheeseburger were burnt and wrap was tasteless.",Robyne,2y,390,negative,Food Quality | Drive-Thru Experience | Food Temperature,drive thru assistant didn't understand | burnt cheeseburgers | tasteless wrap,Drive-thru miscommunication resulted in burnt cheeseburgers and tasteless wrap.
Worst I have experienced,Worst I have experiencedKiosk did not print a receipt so had to go counter to obtain number.Waited 20 minutes for order which was cold.Asked for a hot order which came in 3 minutes but only thing hot was the fries.Chicken trap was soggy and looked like road kill.,Ian J,2y,391,negative,Order Accuracy | Service Speed | Food Temperature,kiosk didn't print receipt | 20 minute wait | cold food | soggy chicken,"Long wait, cold food, and soggy chicken wrap despite replacement order."
Terrible,TerribleSlow servicePoor quality food and drinks (inc McCafe)I used to be a regular customer but no longer. Brought my concerns to management only to receive the default,Not Happy Jan!,2y,392,negative,Food Quality | Service Speed | Staff Behavior,slow service | poor quality food and drinks | management unresponsive | former regular,"Slow service, poor food quality, and dismissive management response."
Mcdelivery,McdeliveryWorst service ever! Get KFC not mcdelivery. Staff incompentent and unhelpful. Order did not get delivered which was happy meal for my son as i had covid and could not cook. they wouldnt re-deliver and told me they will refund and i can re-order even thpough my first order never arrived. worst worst terrible service i have ever encountered. still waiitng for the refiund whichg never happened and useless really as i had a crying hungry 3 year old with no happy meal whilst being siuck so i ordered KFC which was delivered with no itmes missing.,Katherine,2y,393,negative,Delivery Service | Order Accuracy | Staff Behavior,order never delivered | incompetent staff | no refund | unhelpful service,"Order failed to arrive, refund never processed, staff refused re-delivery assistance."
Dirtiest McDonald’s,"Dirtiest McDonald’sWe were at Yass McDonald’s twice in one day, 12 hours apart. Both times the entire restaurant, especially the toilets were extremely dirty. Overflowing, filthy bins, rubbish and food all over the floor, unwiped tables. The toilets were clearly uncleaned first thing in the morning, and looked exactly the same that night. Very disappointing.",AJC,2y,394,negative,Cleanliness,extremely dirty restaurant | filthy toilets | overflowing bins | unwiped tables,Restaurant and toilets extremely dirty with overflowing bins and debris.
Terrible Service 685 Samoa on top!,Terrible Service 685 Samoa on top!This is terrible I hate it! The line is so slow and the food orders are messed up and always wrong. McFlurrys and ice creams are only half filled.,Kingston Ulugia-Faalua,2y,395,negative,Service Speed | Order Accuracy | Portion Size,slow line | wrong orders | half-filled McFlurrys | half-filled ice creams,"Slow service, incorrect orders, and half-filled frozen desserts."
Rip off fast food,"Rip off fast foodI paid $7.80 for a mc chicken burger ,, chicken Pattie lettuce and mayo, very disappointed to the last time I bought one the burger has shrunk!!! Should have bought a banh mi or Vietnamese roll for the same price better value for money!!! Never again .",Pentair rebel tuneup kit,2y,396,negative,Price Value | Portion Size | Food Quality,overpriced at $7.80 | burger shrunk | poor value | minimal ingredients,McChicken burger overpriced and noticeably smaller than previous purchase.
Terrible,"TerribleI order a caffe latte, as I tested it oh it's just taste like milk so, I decided to return it, and the staff make me another one. No difference between the first one & the second one so, I just drop it in the bin. I'm not coming back again",Mayette,2y,397,negative,Food Quality,caffe latte tastes like milk | replacement unchanged | poor beverage quality,Caffe latte tasted like milk; replacement was identical and discarded.
Big Mac should be rename Little Meat,"Big Mac should be rename Little MeatLunch at McDonald's Port Augusta as we've done many times on our way through from Adelaide to Port Lincoln. Easy to order, quick service but that's where it ends. Indifferent staff did not respond or acknowledge our ""thank you"". Prices were high for fast food. Big Mac was small and the two beef paddies we're extremely thin, lucky to be 5mm thick.Ok the coffee is good.Anyway we won't be visiting McDonald's again, Hungry Jack is better value which is a pity after near 50 years of patronage.",David Brown,2y,398,mixed,Food Quality | Portion Size | Price Value | Service Speed | Staff Behavior,quick service | small Big Mac | thin beef patties | indifferent staff | high prices | good coffee,"Quick service and good coffee offset by small Big Mac, thin patties, indifferent staff, and high prices."
